symbol,sector,entry_date,exit_date,holding_days,qty,entry_price,exit_price,gross_pl,entry_costs,exit_costs,tax_type,tax,net_pl,net_return_pct,entry_score,peak_score,exit_score,peak_price,exit_reason,slippage_bps
SUPREMEIND,Industrials,2021-06-03,2021-07-02,29,43,2276.274,2176.821,-4276.48,116.21,97.09,STCG,0.0,-4489.77,-4.587,174.58,174.58,71.94,2276.274,LVM_ROTATION,10.0
VOLTAS,Consumer Cyclical,2021-06-03,2021-07-02,29,94,1043.042,1015.983,-2543.55,116.4,99.06,STCG,0.0,-2759.01,-2.814,169.83,169.83,69.44,1111.55,LVM_ROTATION,10.0
DIVISLAB,Healthcare,2021-06-03,2021-07-02,29,23,4235.231,4431.2645,4508.77,115.65,105.71,STCG,857.48,3429.93,3.5211,163.97,163.97,72.5,4435.7002,LVM_ROTATION,10.0
INFY,Technology,2021-06-03,2021-08-03,61,70,1389.4881,1645.353,17910.54,115.47,119.46,STCG,3535.12,14140.49,14.5382,178.77,184.44,75.14,1631.55,LVM_ROTATION,10.0
SIEMENS,Industrials,2021-06-03,2021-08-03,61,79,1233.9317,1168.1337,-5198.04,115.73,95.72,STCG,0.0,-5409.49,-5.5493,174.02,174.44,70.72,1256.5898,LVM_ROTATION,10.0
SOLARINDS,Basic Materials,2021-06-03,2021-08-03,61,61,1613.612,1718.28,6384.75,116.86,108.72,STCG,1231.83,4927.34,5.0059,165.92,165.92,64.09,1719.9,LVM_ROTATION,10.0
ASIANPAINT,Basic Materials,2021-06-03,2021-08-03,61,33,2922.5197,3016.98,3117.19,114.5,103.27,STCG,579.88,2319.54,2.4051,165.36,173.06,68.51,3159.05,LVM_ROTATION,10.0
TITAN,Consumer Cyclical,2021-07-02,2021-08-03,32,57,1756.755,1778.22,1223.5,118.88,105.13,STCG,199.9,799.59,0.7985,173.89,173.89,69.61,1771.55,LVM_ROTATION,10.0
LT,Industrials,2021-07-02,2021-08-03,32,67,1501.5,1623.375,8165.62,119.44,112.82,STCG,1586.67,6346.7,6.3088,167.78,167.78,70.99,1642.15,LVM_ROTATION,10.0
TECHM,Technology,2021-06-03,2021-09-02,91,96,1017.967,1434.564,39993.31,116.02,142.84,STCG,7946.89,31787.56,32.5276,170.67,176.67,73.48,1463.35,LVM_ROTATION,10.0
TATACONSUM,Consumer Defensive,2021-06-03,2021-09-02,91,145,676.676,865.5336,27384.35,116.49,130.17,STCG,5427.54,21710.15,22.1266,169.27,175.0,71.27,867.45,LVM_ROTATION,10.0
GRASIM,Basic Materials,2021-08-03,2021-09-02,30,67,1570.3311,1482.6148,-5876.99,124.91,103.03,STCG,0.0,-6104.94,-5.8025,180.39,180.39,78.73,1586.0934,LVM_ROTATION,10.0
SRF,Industrials,2021-08-03,2021-09-02,30,58,1791.79,1990.008,11496.64,123.38,119.72,STCG,2250.71,9002.84,8.6629,173.76,173.76,76.24,2027.95,LVM_ROTATION,10.0
WIPRO,Technology,2021-08-03,2021-09-02,30,349,302.302,322.1775,6936.55,125.26,116.63,STCG,1338.93,5355.73,5.0764,173.48,173.48,78.18,321.025,LVM_ROTATION,10.0
POLYCAB,Industrials,2021-08-03,2021-09-02,30,56,1873.872,2132.865,14503.61,124.58,123.89,STCG,2851.03,11404.11,10.8676,173.2,173.2,75.97,2126.6499,LVM_ROTATION,10.0
AMBUJACEM,Basic Materials,2021-08-03,2021-09-02,30,250,421.2709,421.1284,-35.62,125.04,109.2,STCG,0.0,-269.86,-0.2562,169.89,169.89,72.1,422.2,LVM_ROTATION,10.0
MFSL,Financial Services,2021-08-03,2021-09-02,30,95,1108.107,1076.872,-2967.32,124.98,106.11,STCG,0.0,-3198.42,-3.0383,167.4,167.4,71.27,1124.7,LVM_ROTATION,10.0
ULTRACEMCO,Basic Materials,2021-06-03,2021-10-02,121,14,6636.63,7488.504,11926.24,110.31,108.74,STCG,2341.44,9365.75,10.0801,168.99,180.39,74.18,8026.25,LVM_ROTATION,10.0
DIVISLAB,Healthcare,2021-08-03,2021-10-02,60,21,4935.5307,4885.11,-1058.83,113.92,106.41,STCG,0.0,-1279.17,-1.2342,171.82,171.82,65.11,5212.1001,LVM_ROTATION,10.0
INFY,Technology,2021-09-02,2021-10-02,30,66,1679.0273,1670.8275,-541.19,119.89,114.38,STCG,0.0,-775.45,-0.6998,183.43,183.43,73.35,1763.85,LVM_ROTATION,10.0
TCS,Technology,2021-09-02,2021-10-02,30,30,3737.734,3721.0752,-499.76,133.13,115.79,STCG,0.0,-748.68,-0.6677,177.9,177.9,65.66,3954.55,LVM_ROTATION,10.0
ACC,Basic Materials,2021-09-02,2021-10-02,30,46,2431.3288,2242.755,-8674.39,132.78,107.01,STCG,0.0,-8914.18,-7.9704,174.59,174.59,64.56,2483.5,LVM_ROTATION,10.0
HCLTECH,Technology,2021-09-02,2021-10-02,30,95,1173.172,1280.2185,10169.42,132.32,126.15,STCG,1982.19,7928.76,7.1141,169.34,169.34,57.97,1358.2,LVM_ROTATION,10.0
ASIANPAINT,Basic Materials,2021-09-02,2021-10-23,51,33,3316.2629,2947.05,-12184.03,122.21,100.87,STCG,0.0,-12407.11,-11.3373,171.82,171.82,163.19,3448.6001,LVM_STOP: -10.1% <= -10%,10.0
SIEMENS,Industrials,2021-09-02,2021-11-02,61,83,1348.511,1311.5409,-3068.52,127.38,112.91,STCG,0.0,-3308.8,-2.9562,176.24,176.24,66.67,1356.908,LVM_ROTATION,10.0
LT,Industrials,2021-09-02,2021-11-02,61,66,1689.5879,1798.2,7168.4,124.97,123.1,STCG,1384.07,5536.27,4.9647,174.03,174.03,71.58,1846.05,LVM_ROTATION,10.0
PIDILITIND,Basic Materials,2021-10-02,2021-11-02,31,91,1216.7155,1183.815,-2993.95,131.45,111.74,STCG,0.0,-3237.13,-2.9237,173.35,173.35,68.03,1250.9,LVM_ROTATION,10.0
IOC,Energy,2021-10-02,2021-11-02,31,1302,85.2852,88.2783,3897.02,131.83,119.22,STCG,729.19,2916.77,2.6267,164.84,164.84,65.57,90.9,LVM_ROTATION,10.0
ICICIBANK,Financial Services,2021-11-02,2021-11-27,25,143,809.809,726.0232,-11981.37,137.48,107.69,STCG,0.0,-12226.54,-10.5581,162.02,162.02,162.02,809.809,LVM_STOP: -10.8% <= -10%,10.0
TITAN,Consumer Cyclical,2021-09-02,2021-12-02,91,57,1960.4585,2366.631,23151.83,125.78,139.92,STCG,4577.23,18308.91,16.3844,174.59,174.59,72.95,2588.8,LVM_ROTATION,10.0
GRASIM,Basic Materials,2021-10-02,2021-12-02,61,67,1647.1027,1668.2899,1419.54,127.96,115.94,STCG,235.13,940.51,0.8523,184.62,184.62,80.6,1867.0264,LVM_ROTATION,10.0
BAJAJHLDNG,Financial Services,2021-10-02,2021-12-02,61,23,4792.6878,5214.78,9708.12,130.87,124.4,STCG,1890.57,7562.28,6.8603,175.27,181.15,80.87,5186.4502,LVM_ROTATION,10.0
TECHM,Technology,2021-10-02,2021-12-02,61,80,1386.0847,1588.41,16186.02,112.58,131.8,STCG,3188.33,12753.32,11.5012,165.66,167.49,73.77,1618.45,LVM_ROTATION,10.0
UNITDSPR,Consumer Defensive,2021-10-02,2021-12-02,61,127,869.819,876.9721,908.44,131.15,115.52,STCG,132.35,529.42,0.4793,164.84,171.86,68.03,1004.5,LVM_ROTATION,10.0
POLYCAB,Industrials,2021-11-02,2021-12-02,30,49,2348.346,2329.1185,-942.15,121.89,118.38,STCG,0.0,-1182.41,-1.0276,173.22,173.22,74.32,2532.5,LVM_ROTATION,10.0
ABB,Industrials,2021-11-02,2021-12-02,30,55,2092.09,2015.8821,-4191.43,136.61,115.0,STCG,0.0,-4443.04,-3.8613,166.94,166.94,71.04,2211.3,LVM_ROTATION,10.0
DMART,Consumer Defensive,2021-11-02,2021-12-02,30,25,4601.2969,4745.25,3598.83,136.57,123.05,STCG,667.84,2671.37,2.3223,165.3,165.3,68.03,5126.3999,LVM_ROTATION,10.0
PAGEIND,Consumer Cyclical,2021-11-02,2021-12-02,30,2,38648.61,37962.0,-1373.22,91.77,78.75,STCG,0.0,-1543.74,-1.9971,162.3,162.3,64.48,41193.6016,LVM_ROTATION,10.0
KPITTECH,Technology,2021-12-02,2021-12-21,19,223,508.508,464.535,-9805.98,134.63,107.45,STCG,0.0,-10048.05,-8.8609,154.64,154.64,154.64,516.95,LVM_STOP: -10.2% <= -10%,10.0
PERSISTENT,Technology,2021-12-02,2022-01-04,33,53,2107.1299,2437.56,17512.8,132.59,134.0,STCG,3449.24,13796.97,12.3543,171.31,171.31,70.77,2452.175,LVM_ROTATION,10.0
MAXHEALTH,Healthcare,2021-12-02,2022-01-04,33,300,378.378,434.1654,16736.22,134.77,135.1,STCG,3293.27,13173.08,11.6049,160.93,160.93,63.66,442.9,LVM_ROTATION,10.0
APLAPOLLO,Basic Materials,2021-12-02,2022-01-04,33,122,928.7278,949.05,2479.31,134.52,120.09,STCG,444.94,1779.76,1.5708,156.83,156.83,54.64,1082.85,LVM_ROTATION,10.0
BSE,Financial Services,2021-12-02,2022-01-04,33,610,186.186,212.6649,16152.13,134.84,134.55,STCG,3176.55,12706.19,11.1876,155.74,155.74,53.28,254.5889,LVM_ROTATION,10.0
CGPOWER,Industrials,2021-12-02,2022-01-04,33,751,151.151,196.803,34284.65,134.77,153.3,STCG,6799.32,27197.27,23.9593,155.74,155.74,56.83,196.1,LVM_ROTATION,10.0
ADANIENT,Energy,2021-12-02,2022-01-04,33,67,1694.1925,1724.0242,1998.72,134.76,119.81,STCG,348.83,1395.32,1.2292,155.19,155.19,54.64,1751.0,LVM_ROTATION,10.0
VEDL,Basic Materials,2021-12-02,2022-01-04,33,327,347.347,356.7429,3072.46,134.85,121.0,STCG,563.32,2253.29,1.9838,154.64,154.64,53.01,359.9,LVM_ROTATION,10.0
TATAPOWER,Utilities,2021-12-02,2022-01-04,33,492,230.6804,224.0757,-3249.51,134.74,114.35,STCG,0.0,-3498.61,-3.0826,154.1,154.1,53.28,230.6804,LVM_ROTATION,10.0
TMPV,Consumer Cyclical,2021-12-02,2022-01-04,33,236,479.8794,496.3032,3876.02,134.46,121.49,STCG,724.01,2896.06,2.5572,151.37,151.37,51.37,497.6,LVM_ROTATION,10.0
WIPRO,Technology,2022-01-04,2022-01-14,10,336,361.7364,324.3004,-12578.5,132.22,113.02,STCG,0.0,-12823.74,-10.5507,180.33,180.33,180.33,361.7364,LVM_STOP: -10.2% <= -10%,10.0
TECHM,Technology,2022-01-04,2022-01-22,18,67,1794.793,1586.412,-13961.53,107.65,110.25,STCG,0.0,-14179.42,-11.7915,175.96,175.96,175.96,1794.793,LVM_STOP: -11.2% <= -10%,10.0
INFY,Technology,2022-01-04,2022-01-28,24,63,1900.3484,1679.319,-13924.85,123.21,109.74,STCG,0.0,-14157.79,-11.8256,180.33,180.33,180.33,1939.5,LVM_STOP: -11.7% <= -10%,10.0
BAJAJHLDNG,Financial Services,2022-01-04,2022-02-02,29,22,5379.374,5244.75,-2961.73,132.67,119.68,STCG,0.0,-3214.08,-2.7158,181.97,181.97,78.96,5496.0498,LVM_ROTATION,10.0
ULTRACEMCO,Basic Materials,2022-01-04,2022-02-02,29,15,7756.749,7565.1275,-2874.32,128.51,117.7,STCG,0.0,-3120.53,-2.682,171.31,171.31,67.76,7870.1001,LVM_ROTATION,10.0
TORNTPOWER,Utilities,2022-01-04,2022-02-02,29,217,559.4589,544.8046,-3179.98,144.13,122.62,STCG,0.0,-3446.74,-2.8391,168.03,168.03,69.4,580.95,LVM_ROTATION,10.0
SIEMENS,Industrials,2022-01-04,2022-02-02,29,87,1395.4004,1425.8034,2645.06,137.22,128.66,STCG,475.84,1903.34,1.5678,167.76,167.76,66.12,1419.4235,LVM_ROTATION,10.0
VOLTAS,Consumer Cyclical,2022-01-04,2022-02-02,29,97,1241.3401,1181.9669,-5759.2,131.72,118.92,STCG,0.0,-6009.83,-4.9911,165.3,165.3,57.1,1303.65,LVM_ROTATION,10.0
PAGEIND,Consumer Cyclical,2022-02-02,2022-02-15,13,2,43502.3573,39304.3048,-8396.11,97.53,81.53,STCG,0.0,-8575.17,-9.856,159.84,159.84,159.84,43502.3573,LVM_STOP: -10.1% <= -10%,10.0
AMBUJACEM,Basic Materials,2022-02-02,2022-02-19,17,302,384.0837,333.8658,-15165.81,143.75,104.58,STCG,0.0,-15414.14,-13.2888,166.67,166.67,166.67,384.0837,LVM_STOP: -11.9% <= -10%,10.0
GRASIM,Basic Materials,2022-02-02,2022-02-25,23,65,1774.7233,1572.1687,-13166.05,128.33,106.0,STCG,0.0,-13400.37,-11.6164,175.14,175.14,175.14,1774.7233,LVM_STOP: -13.3% <= -10%,10.0
NTPC,Utilities,2022-02-02,2022-02-25,23,816,142.142,124.875,-14089.87,137.7,105.69,STCG,0.0,-14333.27,-12.3576,170.77,170.77,170.77,142.142,LVM_STOP: -12.5% <= -10%,10.0
ICICIBANK,Financial Services,2022-02-02,2022-02-25,23,142,815.815,724.2251,-13005.77,137.03,106.67,STCG,0.0,-13249.46,-11.4372,164.75,164.75,164.75,815.815,LVM_STOP: -13.3% <= -10%,10.0
ABB,Industrials,2022-01-04,2022-03-03,58,54,2226.1238,2197.8,-1529.49,138.38,123.1,STCG,0.0,-1790.97,-1.4899,171.04,171.04,65.32,2408.3999,LVM_ROTATION,10.0
POLYCAB,Industrials,2022-02-02,2022-03-03,29,46,2502.5,2391.8558,-5089.63,121.2,114.12,STCG,0.0,-5324.96,-4.6258,175.96,175.96,71.77,2502.5,LVM_ROTATION,10.0
SUNPHARMA,Healthcare,2022-02-02,2022-03-03,29,130,890.89,831.9672,-7659.96,137.5,112.18,STCG,0.0,-7909.65,-6.8295,175.68,175.68,77.69,894.3,LVM_ROTATION,10.0
UNITDSPR,Consumer Defensive,2022-03-03,2022-03-08,5,121,891.891,771.228,-14600.22,126.5,96.79,STCG,0.0,-14823.52,-13.7358,176.08,176.08,176.08,891.891,LVM_STOP: -13.1% <= -10%,10.0
JSWENERGY,Utilities,2022-03-03,2022-03-09,6,314,344.7444,307.5422,-11681.49,128.52,100.16,STCG,0.0,-11910.17,-11.0025,155.38,155.38,155.38,344.7444,LVM_STOP: -13.5% <= -10%,10.0
VEDL,Basic Materials,2022-03-03,2022-03-16,13,271,400.4,361.638,-10504.5,119.49,101.65,STCG,0.0,-10725.64,-9.8846,153.76,153.76,153.76,400.4,LVM_STOP: -10.7% <= -10%,10.0
NATIONALUM,Basic Materials,2022-03-03,2022-03-16,13,834,130.13,114.1358,-13339.16,128.85,98.73,STCG,0.0,-13566.74,-12.5006,150.0,150.0,150.0,130.13,LVM_STOP: -12.7% <= -10%,10.0
OIL,Energy,2022-03-03,2022-03-18,15,644,168.3348,148.518,-12762.02,128.7,99.21,STCG,0.0,-12989.93,-11.9825,160.22,160.22,160.22,168.3348,LVM_STOP: -12.9% <= -10%,10.0
TITAN,Consumer Cyclical,2022-01-04,2022-04-02,88,48,2527.525,2537.8097,493.67,117.21,126.35,STCG,50.02,200.08,0.1649,171.04,178.76,74.19,2712.75,LVM_ROTATION,10.0
MPHASIS,Technology,2022-03-03,2022-04-02,30,34,3172.169,3334.662,5524.76,128.05,117.6,STCG,1055.82,4223.29,3.9158,168.01,168.01,68.82,3429.0,LVM_ROTATION,10.0
HINDALCO,Basic Materials,2022-03-03,2022-04-02,30,176,614.5139,571.428,-7583.12,128.4,104.32,STCG,0.0,-7815.84,-7.2266,160.22,160.22,57.26,631.3,LVM_ROTATION,10.0
ADANIENSOL,Utilities,2022-03-03,2022-04-02,30,47,2302.3,2416.581,5371.21,128.47,117.81,STCG,1024.99,4099.95,3.7889,153.49,153.49,52.96,2461.55,LVM_ROTATION,10.0
ADANIPOWER,Utilities,2022-03-03,2022-04-02,30,4329,25.075,41.3586,70491.7,128.87,185.71,STCG,14035.42,56141.7,51.7198,147.58,147.58,46.77,40.69,LVM_ROTATION,10.0
INFY,Technology,2022-04-02,2022-04-19,17,57,1891.6397,1635.0134,-14627.7,115.15,96.67,STCG,0.0,-14839.52,-13.7628,182.26,182.26,182.26,1891.6397,LVM_STOP: -14.3% <= -10%,10.0
WIPRO,Technology,2022-04-02,2022-04-19,17,360,302.8025,271.728,-11186.82,137.45,101.46,STCG,0.0,-11425.73,-10.4815,173.66,173.66,173.66,302.8025,LVM_STOP: -11.1% <= -10%,10.0
TECHM,Technology,2022-04-02,2022-04-20,18,73,1488.5871,1304.0946,-13467.95,120.0,98.74,STCG,0.0,-13686.69,-12.5951,169.89,169.89,169.89,1498.65,LVM_STOP: -12.6% <= -10%,10.0
BAJAJHLDNG,Financial Services,2022-04-02,2022-05-03,31,20,5430.425,5344.65,-1715.5,123.17,110.87,STCG,0.0,-1949.55,-1.795,182.26,182.26,70.43,6242.9502,LVM_ROTATION,10.0
SBIN,Financial Services,2022-04-02,2022-05-03,31,214,509.8093,491.508,-3916.48,129.53,109.1,STCG,0.0,-4155.1,-3.8086,168.28,168.28,69.09,517.7,LVM_ROTATION,10.0
PIDILITIND,Basic Materials,2022-04-02,2022-05-07,35,87,1248.7475,1098.9,-13036.73,127.29,99.16,STCG,0.0,-13263.19,-12.2083,176.34,176.88,176.88,1264.775,LVM_STOP: -10.5% <= -10%,10.0
RELIANCE,Energy,2022-05-03,2022-05-11,8,81,1286.5624,1139.9864,-11872.66,123.72,95.78,STCG,0.0,-12092.16,-11.6035,177.15,177.15,177.15,1286.5624,LVM_STOP: -11.2% <= -10%,10.0
BHARTIARTL,Communication Services,2022-04-02,2022-05-20,48,143,758.6078,687.8115,-10123.87,128.79,102.02,STCG,0.0,-10354.68,-9.5452,176.88,176.88,173.66,775.65,LVM_STOP: -11.1% <= -10%,10.0
IOC,Energy,2022-05-03,2022-05-27,24,1239,84.6512,76.8564,-9657.76,125.0,98.77,STCG,0.0,-9881.52,-9.4215,173.12,173.12,173.12,84.6512,LVM_STOP: -10.1% <= -10%,10.0
UPL,Basic Materials,2022-05-03,2022-05-27,24,126,831.7309,753.246,-9889.1,124.42,98.44,STCG,0.0,-10111.96,-9.649,166.67,166.67,166.67,831.7309,LVM_STOP: -10.1% <= -10%,10.0
SUNPHARMA,Healthcare,2022-04-02,2022-06-02,61,120,908.908,835.9132,-8759.38,128.15,104.04,STCG,0.0,-8991.57,-8.2439,180.91,180.91,78.49,944.1,LVM_ROTATION,10.0
NTPC,Utilities,2022-05-03,2022-06-18,46,663,158.158,140.3095,-11833.56,117.54,96.49,STCG,0.0,-12047.58,-11.4893,176.08,178.76,178.76,159.05,LVM_STOP: -11.2% <= -10%,10.0
ABB,Industrials,2022-06-02,2022-06-18,16,40,2462.46,2145.852,-12664.32,106.38,89.03,STCG,0.0,-12859.73,-13.0558,167.74,167.74,167.74,2462.46,LVM_STOP: -11.7% <= -10%,10.0
DMART,Consumer Defensive,2022-06-02,2022-06-18,16,24,3888.885,3489.9565,-9574.28,121.16,86.88,STCG,0.0,-9782.33,-10.4811,162.1,162.1,162.1,3888.885,LVM_STOP: -11.0% <= -10%,10.0
POWERGRID,Utilities,2022-04-02,2022-07-02,91,643,169.6695,153.6337,-10311.02,129.52,102.46,STCG,0.0,-10543.01,-9.6638,171.24,177.96,78.76,183.8625,LVM_ROTATION,10.0
PAGEIND,Consumer Cyclical,2022-04-02,2022-07-02,91,2,43192.149,41295.3625,-3793.57,99.21,85.67,STCG,0.0,-3978.45,-4.6055,168.01,174.19,75.54,46563.75,LVM_ROTATION,10.0
RELIANCE,Energy,2022-06-02,2022-07-02,30,81,1216.8062,1096.7871,-9721.55,120.37,92.15,STCG,0.0,-9934.06,-10.0791,175.27,175.27,74.46,1291.6227,LVM_ROTATION,10.0
HAL,Industrials,2022-06-02,2022-07-02,30,103,950.95,871.128,-8221.67,116.29,93.07,STCG,0.0,-8431.02,-8.6077,175.0,175.0,71.24,950.95,LVM_ROTATION,10.0
BEL,Industrials,2022-06-02,2022-07-02,30,1192,82.8161,76.1571,-7937.53,117.2,94.16,STCG,0.0,-8148.89,-8.2548,170.43,170.43,71.24,82.8161,LVM_ROTATION,10.0
M&M,Consumer Cyclical,2022-06-02,2022-08-02,61,94,1045.9949,1236.4623,17903.94,116.73,120.55,STCG,3533.33,14133.32,14.3743,171.24,180.91,80.65,1237.75,LVM_ROTATION,10.0
TVSMOTOR,Consumer Cyclical,2022-07-02,2022-08-02,31,109,840.84,930.069,9725.96,108.81,105.15,STCG,1902.4,7609.6,8.3027,178.23,178.23,77.42,926.65,LVM_ROTATION,10.0
VBL,Consumer Defensive,2022-07-02,2022-08-02,31,579,158.9588,191.808,19019.69,109.27,115.19,STCG,3759.05,15036.18,16.3371,169.09,169.09,68.82,185.22,LVM_ROTATION,10.0
ABB,Industrials,2022-07-02,2022-08-02,31,40,2280.6783,2742.155,18459.07,106.79,113.77,STCG,3647.7,14590.81,15.9939,166.94,166.94,68.82,2772.75,LVM_ROTATION,10.0
PHOENIXLTD,Real Estate,2022-07-02,2022-08-02,31,157,585.585,621.353,5615.58,109.15,101.18,STCG,1081.05,4324.19,4.7034,163.98,163.98,63.17,631.975,LVM_ROTATION,10.0
ADANIENT,Energy,2022-07-02,2022-08-02,31,41,2234.4322,2657.34,17339.22,92.45,113.01,STCG,3426.75,13707.01,14.9621,163.71,163.71,68.01,2660.1499,LVM_ROTATION,10.0
CGPOWER,Industrials,2022-07-02,2022-08-02,31,485,189.6895,225.774,17500.98,95.74,113.58,STCG,3458.33,13833.33,15.0363,161.83,161.83,59.68,229.3,LVM_ROTATION,10.0
TIINDIA,Industrials,2022-07-02,2022-08-02,31,52,1751.75,2021.5764,14030.97,108.15,109.04,STCG,2762.76,11051.03,12.1319,161.02,161.02,55.91,2263.75,LVM_ROTATION,10.0
TATAELXSI,Technology,2022-07-02,2022-08-02,31,9,8213.205,8693.298,4320.84,87.76,81.15,STCG,830.39,3321.54,4.4935,156.99,156.99,57.26,8720.5996,LVM_ROTATION,10.0
SUNPHARMA,Healthcare,2022-08-02,2022-09-02,31,113,919.6187,872.0271,-5377.85,121.52,102.21,STCG,0.0,-5601.58,-5.3904,182.8,182.8,74.6,921.05,LVM_ROTATION,10.0
BRITANNIA,Consumer Defensive,2022-08-02,2022-09-02,31,26,3878.875,3733.0132,-3792.41,119.73,100.67,STCG,0.0,-4012.81,-3.979,179.57,179.57,62.57,3878.875,LVM_ROTATION,10.0
CIPLA,Healthcare,2022-08-02,2022-09-02,31,103,1004.6537,1022.976,1887.2,122.85,109.29,STCG,331.01,1324.04,1.2795,177.42,177.42,72.46,1044.5,LVM_ROTATION,10.0
SBILIFE,Financial Services,2022-08-02,2022-09-02,31,79,1311.31,1301.747,-755.48,122.99,106.67,STCG,0.0,-985.13,-0.951,174.46,174.46,66.31,1329.1,LVM_ROTATION,10.0
POWERGRID,Utilities,2022-08-02,2022-10-04,63,632,165.1275,158.9159,-3925.73,125.62,104.17,STCG,0.0,-4155.52,-3.9819,179.03,179.03,72.99,178.2,LVM_ROTATION,10.0
ICICIBANK,Financial Services,2022-08-02,2022-10-04,63,127,820.82,864.135,5501.0,122.93,113.83,STCG,1052.85,4211.4,4.0399,178.76,178.76,81.82,918.1,LVM_ROTATION,10.0
BHARTIARTL,Communication Services,2022-08-02,2022-10-04,63,149,700.7,812.187,16611.56,128.97,125.52,STCG,3271.41,13085.66,12.5336,177.69,177.81,81.55,803.35,LVM_ROTATION,10.0
LT,Industrials,2022-08-02,2022-10-04,63,57,1810.809,1833.4647,1291.37,112.31,108.4,STCG,214.13,856.53,0.8298,176.34,176.34,77.01,1991.35,LVM_ROTATION,10.0
SBIN,Financial Services,2022-08-02,2022-10-04,63,196,532.4319,532.467,6.88,121.15,108.25,STCG,0.0,-222.52,-0.2132,172.85,174.6,76.47,574.05,LVM_ROTATION,10.0
PIDILITIND,Basic Materials,2022-09-02,2022-10-04,32,74,1416.39,1344.1545,-5345.43,113.02,103.17,STCG,0.0,-5561.61,-5.3062,177.81,177.81,77.01,1450.925,LVM_ROTATION,10.0
SIEMENS,Industrials,2022-09-02,2022-10-04,32,61,1727.2986,1603.8382,-7531.08,101.9,101.48,STCG,0.0,-7734.46,-7.3406,173.8,173.8,77.27,1824.7466,LVM_ROTATION,10.0
SJVN,Utilities,2022-09-02,2022-10-04,32,3387,31.2812,31.8182,1818.82,125.79,111.78,STCG,316.25,1265.0,1.194,172.19,172.19,74.06,32.75,LVM_ROTATION,10.0
CUMMINSIND,Industrials,2022-09-02,2022-10-04,32,73,1232.9317,1204.794,-2054.05,106.86,91.22,STCG,0.0,-2252.13,-2.5023,171.93,171.93,77.27,1254.4,LVM_ROTATION,10.0
COCHINSHIP,Industrials,2022-10-04,2022-11-02,29,433,241.241,271.728,13200.87,124.01,122.04,STCG,2590.96,10363.85,9.9216,181.82,181.82,80.21,280.1,LVM_ROTATION,10.0
TVSMOTOR,Consumer Cyclical,2022-10-04,2022-11-02,29,102,1017.6166,1139.3095,12412.68,112.17,120.54,STCG,2435.99,9743.97,9.3875,179.14,179.14,79.41,1171.45,LVM_ROTATION,10.0
PAGEIND,Consumer Cyclical,2022-10-04,2022-11-02,29,2,50299.249,50239.4095,-119.68,104.26,104.22,STCG,0.0,-328.16,-0.3262,178.61,178.61,77.01,53795.8008,LVM_ROTATION,10.0
HAL,Industrials,2022-10-04,2022-11-02,29,90,1162.2111,1263.735,9137.15,112.14,117.97,STCG,1781.41,7125.64,6.8123,173.26,173.26,73.8,1265.675,LVM_ROTATION,10.0
FEDERALBNK,Financial Services,2022-10-04,2022-11-02,29,880,118.9188,132.2177,11703.03,124.24,120.68,STCG,2291.62,9166.49,8.7593,169.52,169.52,66.31,134.75,LVM_ROTATION,10.0
ESCORTS,Industrials,2022-10-04,2022-11-02,29,49,2096.8948,2005.992,-4454.24,121.98,101.95,STCG,0.0,-4678.17,-4.5531,168.45,168.45,64.71,2134.3,LVM_ROTATION,10.0
BAJAJHLDNG,Financial Services,2022-10-04,2022-11-02,29,15,6591.585,6706.7865,1728.02,97.07,104.35,STCG,305.32,1221.29,1.2352,167.91,167.91,66.04,6787.4502,LVM_ROTATION,10.0
TRENT,Consumer Cyclical,2022-10-04,2022-11-02,29,74,1411.41,1563.435,11249.85,124.0,120.0,STCG,2201.17,8804.68,8.43,167.11,167.11,68.72,1557.55,LVM_ROTATION,10.0
PHOENIXLTD,Real Estate,2022-10-04,2022-11-02,29,149,702.2015,733.0662,4598.84,113.63,113.29,STCG,874.38,3497.53,3.3428,163.1,163.1,60.16,732.375,LVM_ROTATION,10.0
POWERGRID,Utilities,2022-11-02,2022-11-15,13,630,176.5389,157.3425,-12093.73,127.48,102.82,STCG,0.0,-12324.02,-11.0808,179.41,179.41,179.41,176.5389,LVM_STOP: -10.2% <= -10%,10.0
M&M,Consumer Cyclical,2022-11-02,2022-11-22,20,82,1355.4041,1219.4294,-11149.93,115.86,103.72,STCG,0.0,-11369.51,-10.2296,181.82,181.82,181.82,1355.4041,LVM_STOP: -10.1% <= -10%,10.0
ITC,Consumer Defensive,2022-05-03,2022-12-02,213,412,254.4638,326.4385,29653.58,124.47,139.5,STCG,5877.92,23511.69,22.4265,176.34,191.71,92.25,347.3235,LVM_ROTATION,10.0
CIPLA,Healthcare,2022-11-02,2022-12-02,30,94,1174.7236,1123.7751,-4789.16,121.17,109.57,STCG,0.0,-5019.9,-4.546,183.69,183.69,76.47,1174.7236,LVM_ROTATION,10.0
SJVN,Utilities,2022-11-02,2022-12-02,30,3110,35.7857,39.8601,12671.38,123.46,128.58,STCG,2483.87,9935.48,8.9273,181.02,181.02,77.27,39.85,LVM_ROTATION,10.0
SIEMENS,Industrials,2022-11-02,2022-12-02,30,64,1732.1462,1627.8811,-6672.97,111.14,108.06,STCG,0.0,-6892.16,-6.2171,178.34,178.34,73.26,1745.2668,LVM_ROTATION,10.0
TORNTPHARM,Healthcare,2022-11-02,2022-12-02,30,59,1688.687,1640.2581,-2857.31,118.29,100.38,STCG,0.0,-3075.97,-3.0873,171.12,171.12,60.16,1694.3,LVM_ROTATION,10.0
IRFC,Financial Services,2022-12-02,2022-12-10,8,3121,34.7347,30.969,-11752.75,128.7,100.25,STCG,0.0,-11981.71,-11.0525,190.11,190.11,190.11,34.7347,LVM_STOP: -10.6% <= -10%,10.0
NTPC,Utilities,2022-11-02,2022-12-24,52,611,182.0819,161.838,-12369.02,115.26,102.56,STCG,0.0,-12586.85,-11.3138,177.81,179.14,179.14,182.0819,LVM_STOP: -10.5% <= -10%,10.0
SUNPHARMA,Healthcare,2022-11-02,2023-01-03,62,107,1039.8388,992.007,-5118.0,118.94,110.1,STCG,0.0,-5347.04,-4.8058,184.22,185.56,81.28,1051.95,LVM_ROTATION,10.0
ICICIBANK,Financial Services,2022-12-02,2023-01-03,32,116,929.1782,897.6015,-3662.9,115.72,108.0,STCG,0.0,-3886.62,-3.6059,183.42,183.42,83.42,933.6,LVM_ROTATION,10.0
SBIN,Financial Services,2022-12-02,2023-01-03,32,178,608.1075,613.8855,1028.48,115.62,113.34,STCG,159.91,639.62,0.5909,178.07,178.07,80.75,625.5,LVM_ROTATION,10.0
MRF,Consumer Cyclical,2022-12-02,2023-01-03,32,1,94584.49,88309.5005,-6274.99,112.29,91.6,STCG,0.0,-6478.88,-6.8498,175.94,175.94,75.13,94673.7031,LVM_ROTATION,10.0
PIDILITIND,Basic Materials,2022-12-02,2023-01-03,32,79,1368.1418,1268.2305,-7892.99,122.48,103.92,STCG,0.0,-8119.4,-7.5122,175.67,175.67,66.31,1386.2,LVM_ROTATION,10.0
LT,Industrials,2022-12-02,2023-01-03,32,51,2098.1962,2085.912,-626.49,106.11,110.34,STCG,0.0,-842.94,-0.7877,174.06,174.06,72.73,2195.45,LVM_ROTATION,10.0
PIIND,Basic Materials,2023-01-03,2023-01-25,22,30,3436.8333,3031.965,-12146.05,122.41,94.34,STCG,0.0,-12362.8,-11.9905,164.97,164.97,164.97,3436.8333,LVM_STOP: -11.7% <= -10%,10.0
INDUSINDBK,Financial Services,2023-01-03,2023-01-31,28,84,1227.7766,1095.953,-11073.18,122.44,95.49,STCG,0.0,-11291.11,-10.9481,162.57,162.57,162.57,1240.95,LVM_STOP: -11.3% <= -10%,10.0
SOLARINDS,Basic Materials,2023-01-03,2023-02-01,29,23,4460.8064,4030.965,-9886.35,65.35,96.16,STCG,0.0,-10047.86,-9.7934,172.99,172.99,172.99,4496.3501,LVM_STOP: -10.3% <= -10%,10.0
CUMMINSIND,Industrials,2022-11-02,2023-02-02,92,82,1351.35,1423.575,5922.45,126.13,121.08,STCG,1135.05,4540.19,4.0973,185.56,186.36,84.76,1523.0,LVM_ROTATION,10.0
FEDERALBNK,Financial Services,2023-01-03,2023-02-02,30,747,138.3882,128.4215,-7445.12,113.39,99.5,STCG,0.0,-7658.02,-7.4079,171.66,171.66,70.32,140.3,LVM_ROTATION,10.0
IRFC,Financial Services,2023-01-03,2023-02-02,30,3132,33.033,31.4685,-4900.01,125.99,102.23,STCG,0.0,-5128.23,-4.9568,170.05,170.05,68.98,33.95,LVM_ROTATION,10.0
BHARATFORG,Consumer Cyclical,2023-01-03,2023-02-02,30,116,886.7358,861.138,-2969.34,122.12,103.61,STCG,0.0,-3195.08,-3.1062,164.44,164.44,66.31,886.7358,LVM_ROTATION,10.0
ASHOKLEY,Industrials,2023-01-03,2023-02-02,30,1388,74.5244,76.3236,2497.29,122.81,109.88,STCG,452.92,1811.68,1.7514,159.36,159.36,56.68,75.95,LVM_ROTATION,10.0
BRITANNIA,Consumer Defensive,2022-12-02,2023-03-02,90,24,4404.4,4385.61,-450.96,117.71,109.17,STCG,0.0,-677.84,-0.6413,178.61,186.9,83.69,4637.3501,LVM_ROTATION,10.0
NTPC,Utilities,2023-02-02,2023-03-02,28,583,170.17,172.0278,1083.1,111.68,104.03,STCG,173.48,693.91,0.6994,182.09,182.09,81.02,173.25,LVM_ROTATION,10.0
M&M,Consumer Cyclical,2023-02-02,2023-03-02,28,73,1349.3981,1277.2715,-5265.24,107.19,96.71,STCG,0.0,-5469.15,-5.5521,181.82,181.82,81.82,1388.0,LVM_ROTATION,10.0
SIEMENS,Industrials,2023-02-02,2023-03-02,28,57,1730.501,1911.7047,10328.61,101.38,113.02,STCG,2022.84,8091.37,8.203,181.28,181.28,80.21,1933.6937,LVM_ROTATION,10.0
SUPREMEIND,Industrials,2023-02-02,2023-03-02,28,39,2505.503,2727.27,8648.91,110.44,110.32,STCG,1685.63,6742.52,6.9002,171.39,171.39,71.93,2761.3501,LVM_ROTATION,10.0
NHPC,Utilities,2023-02-02,2023-03-02,28,2336,42.4925,40.1598,-5449.19,117.85,97.31,STCG,0.0,-5664.34,-5.7064,166.84,166.84,60.43,42.4925,LVM_ROTATION,10.0
CGPOWER,Industrials,2023-02-02,2023-03-02,28,326,303.7535,308.5911,1577.06,75.46,104.35,STCG,279.45,1117.8,1.1288,166.04,166.04,64.97,335.75,LVM_ROTATION,10.0
APOLLOTYRE,Consumer Cyclical,2023-02-02,2023-03-02,28,300,330.28,315.8838,-4318.86,117.64,98.29,STCG,0.0,-4534.79,-4.5767,162.3,162.3,65.51,338.3,LVM_ROTATION,10.0
PHOENIXLTD,Real Estate,2023-03-02,2023-03-16,14,142,702.1515,611.9374,-12810.4,111.49,90.13,STCG,0.0,-13012.02,-13.0505,163.37,163.37,163.37,702.1515,LVM_STOP: -12.2% <= -10%,10.0
INDHOTEL,Consumer Cyclical,2023-02-02,2023-04-04,61,308,322.322,319.68,-813.74,117.86,102.13,STCG,0.0,-1033.72,-1.0413,166.58,166.58,64.17,327.0,LVM_ROTATION,10.0
ABB,Industrials,2023-03-02,2023-04-04,33,30,3321.318,3385.561,1927.29,85.32,105.35,STCG,347.32,1389.29,1.3943,169.25,169.25,69.52,3412.3501,LVM_ROTATION,10.0
ABCAPITAL,Financial Services,2023-03-02,2023-04-04,33,655,152.6525,153.6462,650.87,118.71,104.38,STCG,85.56,342.23,0.3423,167.11,167.11,62.83,158.1,LVM_ROTATION,10.0
HAL,Industrials,2023-03-02,2023-04-04,33,73,1356.8555,1362.1365,385.51,98.27,103.14,STCG,36.82,147.29,0.1487,166.58,166.58,63.9,1431.625,LVM_ROTATION,10.0
CUMMINSIND,Industrials,2023-03-02,2023-05-03,62,62,1612.0104,1611.337,-41.75,102.02,103.62,STCG,0.0,-247.39,-0.2475,183.16,183.16,82.62,1697.6,LVM_ROTATION,10.0
PFC,Financial Services,2023-03-02,2023-05-03,62,833,119.9999,139.0208,15844.41,118.67,120.12,STCG,3121.12,12484.5,12.4895,179.68,179.68,75.13,138.88,LVM_ROTATION,10.0
TVSMOTOR,Consumer Cyclical,2023-03-02,2023-05-03,62,94,1061.2602,1158.84,9172.5,108.02,112.99,STCG,1790.3,7161.2,7.1785,178.61,180.48,77.54,1170.15,LVM_ROTATION,10.0
FEDERALBNK,Financial Services,2023-03-02,2023-05-03,62,745,134.2341,135.7641,1139.85,114.86,104.91,STCG,184.02,736.06,0.736,170.86,172.73,72.46,136.45,LVM_ROTATION,10.0
GODREJCP,Consumer Defensive,2023-04-04,2023-05-03,29,103,958.1572,926.073,-3304.67,117.17,98.94,STCG,0.0,-3520.78,-3.5675,176.2,176.2,70.59,989.6,LVM_ROTATION,10.0
BEL,Industrials,2023-04-04,2023-05-03,29,1045,95.1451,104.0459,9301.34,109.89,112.78,STCG,1815.73,7262.94,7.3048,169.52,169.52,66.31,104.3,LVM_ROTATION,10.0
SIEMENS,Industrials,2023-04-04,2023-06-02,59,50,1970.0306,2075.3137,5264.16,91.84,107.63,STCG,1012.94,4051.75,4.1134,183.16,183.42,75.94,2284.1323,LVM_ROTATION,10.0
BOSCHLTD,Consumer Cyclical,2023-04-04,2023-06-02,59,5,19421.402,18621.36,-4000.21,115.29,96.57,STCG,0.0,-4212.07,-4.3376,181.55,181.55,73.8,19798.3008,LVM_ROTATION,10.0
HDFCBANK,Financial Services,2023-05-03,2023-06-02,30,123,843.3175,805.4188,-4661.54,123.15,102.75,STCG,0.0,-4887.44,-4.7118,185.56,185.56,70.05,863.9,LVM_ROTATION,10.0
LT,Industrials,2023-05-03,2023-06-02,30,43,2386.4842,2218.779,-7211.32,94.36,98.96,STCG,0.0,-7404.65,-7.2157,185.03,185.03,79.41,2386.4842,LVM_ROTATION,10.0
TORNTPHARM,Healthcare,2023-05-03,2023-06-02,30,63,1655.7541,1778.27,7718.5,125.03,116.2,STCG,1495.45,5981.81,5.7345,182.89,182.89,75.13,1835.8,LVM_ROTATION,10.0
EXIDEIND,Consumer Cyclical,2023-05-03,2023-06-02,30,542,192.6925,211.738,10322.66,123.99,119.03,STCG,2015.93,8063.71,7.7209,177.27,177.27,76.74,211.4,LVM_ROTATION,10.0
ZYDUSLIFE,Healthcare,2023-04-04,2023-07-04,91,203,488.488,580.8186,18743.11,117.73,122.3,STCG,3700.62,14802.47,14.9274,181.55,182.89,76.74,583.05,LVM_ROTATION,10.0
ICICIBANK,Financial Services,2023-05-03,2023-07-04,62,113,920.4695,946.3027,2919.15,114.63,110.91,STCG,538.72,2154.89,2.0717,183.69,183.69,77.54,954.3,LVM_ROTATION,10.0
COALINDIA,Energy,2023-06-02,2023-07-04,32,460,228.7285,232.0178,1513.08,124.91,110.7,STCG,255.49,1021.97,0.9713,168.72,168.72,64.97,231.65,LVM_ROTATION,10.0
APOLLOHOSP,Healthcare,2023-06-02,2023-07-04,32,21,4844.4896,5114.78,5676.1,120.78,111.41,STCG,1088.78,4355.13,4.2809,167.38,167.38,67.91,5218.75,LVM_ROTATION,10.0
BRITANNIA,Consumer Defensive,2023-05-03,2023-08-02,91,23,4494.49,4834.161,7812.43,115.93,115.32,STCG,1516.24,6064.94,5.867,185.03,185.03,68.62,5173.5498,LVM_ROTATION,10.0
ULTRACEMCO,Basic Materials,2023-06-02,2023-08-02,61,13,7868.861,8259.732,5081.32,114.49,111.37,STCG,971.09,3884.37,3.7972,176.2,178.88,71.01,8463.7998,LVM_ROTATION,10.0
AXISBANK,Financial Services,2023-06-02,2023-08-02,61,114,923.5727,950.5485,3075.24,125.0,112.4,STCG,567.57,2270.28,2.1563,175.4,176.47,71.81,987.45,LVM_ROTATION,10.0
GRASIM,Basic Materials,2023-07-04,2023-08-02,29,61,1794.6641,1823.6162,1766.08,122.67,115.38,STCG,305.61,1222.42,1.1166,175.94,175.94,66.22,1842.1254,LVM_ROTATION,10.0
ITC,Consumer Defensive,2023-02-02,2023-09-02,212,284,348.5383,426.4816,22135.9,98.74,125.63,STCG,4382.31,17529.22,17.709,196.52,196.79,80.59,473.8987,LVM_ROTATION,10.0
TITAN,Consumer Cyclical,2023-06-02,2023-09-02,92,37,2832.83,3113.833,10397.11,96.69,119.5,STCG,2036.18,8144.74,7.7706,173.26,177.01,69.41,3144.0,LVM_ROTATION,10.0
TORNTPHARM,Healthcare,2023-07-04,2023-09-02,60,58,1902.8009,1803.195,-5777.14,120.24,108.48,STCG,0.0,-6005.86,-5.4419,176.74,180.05,64.36,2073.8501,LVM_ROTATION,10.0
SUNPHARMA,Healthcare,2023-08-02,2023-09-02,31,98,1145.0939,1112.886,-3156.37,113.13,113.12,STCG,0.0,-3382.63,-3.0143,178.19,178.19,77.93,1160.8,LVM_ROTATION,10.0
IOC,Energy,2023-08-02,2023-09-02,31,1199,94.4944,89.2107,-6335.16,125.31,110.95,STCG,0.0,-6571.41,-5.8001,174.73,174.73,74.47,94.4944,LVM_ROTATION,10.0
COLPAL,Consumer Defensive,2023-08-02,2023-09-02,31,56,2008.3563,1937.4606,-3970.16,133.52,112.54,STCG,0.0,-4216.22,-3.7488,174.2,174.2,68.35,2008.3563,LVM_ROTATION,10.0
DRREDDY,Healthcare,2023-08-02,2023-10-04,63,99,1134.5535,1091.907,-4222.0,133.35,112.12,STCG,0.0,-4467.48,-3.9774,178.19,178.46,72.07,1190.67,LVM_ROTATION,10.0
EXIDEIND,Consumer Cyclical,2023-09-02,2023-10-04,32,417,266.0157,256.9428,-3783.4,111.18,111.13,STCG,0.0,-4005.71,-3.6111,175.8,175.8,74.2,277.45,LVM_ROTATION,10.0
HCLTECH,Technology,2023-09-02,2023-10-04,32,93,1187.186,1232.766,4238.94,130.3,118.92,STCG,797.95,3191.78,2.8909,171.01,171.01,70.48,1305.0,LVM_ROTATION,10.0
SIEMENS,Industrials,2023-09-02,2023-10-04,32,48,2285.7114,2093.4925,-9226.51,91.99,104.23,STCG,0.0,-9422.72,-8.5884,167.02,167.02,59.57,2321.4363,LVM_ROTATION,10.0
LT,Industrials,2023-07-04,2023-11-02,121,45,2460.6582,2932.065,21213.31,103.23,136.85,STCG,4194.64,16778.58,15.1527,181.55,184.04,82.71,3101.8999,LVM_ROTATION,10.0
NTPC,Utilities,2023-07-04,2023-11-02,121,580,191.2911,233.9658,24751.33,114.78,140.75,STCG,4899.16,19596.63,17.6628,176.74,178.46,75.8,245.95,LVM_ROTATION,10.0
OFSS,Technology,2023-09-02,2023-11-02,61,26,4168.164,3933.163,-6110.03,128.66,106.07,STCG,0.0,-6344.76,-5.8546,173.67,174.2,76.33,4396.5498,LVM_ROTATION,10.0
AXISBANK,Financial Services,2023-09-02,2023-11-02,61,111,994.7437,977.022,-1967.11,126.34,112.49,STCG,0.0,-2205.93,-1.9978,172.34,174.47,60.11,1041.05,LVM_ROTATION,10.0
GAIL,Utilities,2023-09-02,2023-11-02,61,905,122.8227,118.9809,-3476.83,131.97,111.69,STCG,0.0,-3720.48,-3.3471,169.41,169.41,64.63,131.4,LVM_ROTATION,10.0
MRF,Consumer Cyclical,2023-10-04,2023-11-02,29,1,108358.0467,109390.7029,1032.66,120.47,113.46,STCG,159.74,638.98,0.5897,171.81,171.81,70.21,110885.75,LVM_ROTATION,10.0
BHARATFORG,Consumer Cyclical,2023-10-04,2023-11-02,29,104,1081.8808,1033.965,-4983.24,120.88,111.54,STCG,0.0,-5215.66,-4.6355,168.09,168.09,64.1,1122.35,LVM_ROTATION,10.0
COALINDIA,Energy,2023-10-04,2023-11-02,29,347,291.0908,308.6411,6089.95,105.28,111.09,STCG,1174.72,4698.87,4.652,165.96,165.96,62.77,317.4,LVM_ROTATION,10.0
TMPV,Consumer Cyclical,2023-11-02,2023-12-02,30,175,632.632,715.284,14464.1,113.22,129.83,STCG,2844.21,11376.84,10.2762,170.21,170.21,70.37,712.35,LVM_ROTATION,10.0
DLF,Real Estate,2023-11-02,2023-12-02,30,191,579.579,638.361,11227.36,131.43,126.47,STCG,2193.89,8775.58,7.9274,164.89,164.89,64.55,637.65,LVM_ROTATION,10.0
OIL,Energy,2023-11-02,2023-12-02,30,544,203.837,210.123,3419.58,119.22,118.56,STCG,636.36,2545.44,2.2955,164.1,164.1,56.35,215.2,LVM_ROTATION,10.0
PERSISTENT,Technology,2023-11-02,2023-12-02,30,35,3133.13,3247.2495,3994.18,104.51,117.88,STCG,754.36,3017.43,2.7516,163.3,163.3,60.58,3297.0,LVM_ROTATION,10.0
SOLARINDS,Basic Materials,2023-11-02,2023-12-02,30,19,5579.6742,6303.89,13760.1,67.24,124.23,STCG,2713.72,10854.9,10.2391,162.5,162.5,56.88,7390.5,LVM_ROTATION,10.0
LTF,Financial Services,2023-11-02,2023-12-02,30,834,133.133,154.1957,17566.29,131.82,133.39,STCG,3460.22,13840.87,12.4656,158.78,158.78,56.61,151.0,LVM_ROTATION,10.0
NMDC,Basic Materials,2023-11-02,2023-12-02,30,2153,51.5682,61.7049,21824.32,131.81,137.8,STCG,4310.94,17243.76,15.5312,155.85,155.85,57.14,60.6833,LVM_ROTATION,10.0
BAJAJ-AUTO,Consumer Cyclical,2023-10-04,2024-01-02,90,22,5016.2612,6704.289,37136.61,131.02,152.99,STCG,7370.52,29482.09,26.715,175.27,181.48,78.57,6797.25,LVM_ROTATION,10.0
ZYDUSLIFE,Healthcare,2023-12-02,2024-01-02,31,187,648.648,706.7426,10863.69,125.5,137.08,STCG,2120.22,8480.89,6.9918,179.63,179.63,70.63,699.15,LVM_ROTATION,10.0
ALKEM,Healthcare,2023-12-02,2024-01-02,31,26,4653.649,5129.865,12381.62,143.65,138.34,STCG,2419.93,9679.7,8.0001,174.34,174.34,71.43,5202.6001,LVM_ROTATION,10.0
ITC,Consumer Defensive,2023-12-02,2024-01-02,31,276,438.5646,452.1176,3740.63,109.52,129.43,STCG,700.34,2801.34,2.3143,174.07,174.07,71.43,450.6925,LVM_ROTATION,10.0
LT,Industrials,2023-12-02,2024-02-02,62,36,3288.285,3399.2973,3996.44,88.3,126.93,STCG,756.24,3024.97,2.5553,181.48,181.48,71.69,3708.0,LVM_ROTATION,10.0
TITAN,Consumer Cyclical,2023-12-02,2024-02-02,62,34,3553.55,3631.365,2645.71,96.81,128.06,STCG,484.17,1936.67,1.6029,172.75,174.6,75.66,3866.6499,LVM_ROTATION,10.0
MRF,Consumer Cyclical,2024-01-02,2024-02-02,31,1,129579.45,142857.0,13277.55,131.59,148.18,STCG,2599.56,10398.23,8.0246,174.34,174.34,77.51,143873.5938,LVM_ROTATION,10.0
ULTRACEMCO,Basic Materials,2024-01-02,2024-02-02,31,12,10500.3903,9990.0,-6124.68,115.44,124.34,STCG,0.0,-6364.47,-5.051,173.81,173.81,70.37,10500.3903,LVM_ROTATION,10.0
HCLTECH,Technology,2024-01-02,2024-02-02,31,87,1485.5341,1583.2152,8498.26,131.87,142.87,STCG,1644.7,6578.81,5.0903,166.93,166.93,64.55,1588.2,LVM_ROTATION,10.0
OFSS,Technology,2024-01-02,2024-02-02,31,29,4354.2498,6482.511,61719.57,146.89,194.99,STCG,12275.54,49102.16,38.8856,165.08,165.08,51.32,6877.1001,LVM_ROTATION,10.0
ONGC,Energy,2023-08-02,2024-03-02,213,529,177.177,272.4773,50413.86,111.27,149.51,STCG,10030.62,40122.46,42.808,172.34,178.19,63.61,277.3,LVM_ROTATION,10.0
POWERGRID,Utilities,2024-02-02,2024-03-02,29,532,264.7645,287.712,12208.07,120.65,158.76,STCG,2385.73,9542.92,6.775,167.99,167.99,65.71,292.5,LVM_ROTATION,10.0
NTPC,Utilities,2023-12-02,2024-04-02,122,439,276.276,342.657,29141.26,93.67,156.03,STCG,5778.31,23113.25,19.0569,182.01,182.01,69.37,358.25,LVM_ROTATION,10.0
TATACONSUM,Consumer Defensive,2024-02-02,2024-04-02,60,124,1133.132,1090.7082,-5260.55,130.59,140.28,STCG,0.0,-5531.43,-3.9367,173.81,173.81,64.4,1261.55,LVM_ROTATION,10.0
INDIGO,Industrials,2024-03-02,2024-04-02,31,48,3177.174,3611.385,20842.13,181.06,179.8,STCG,4096.25,16385.02,10.744,164.66,164.66,64.92,3548.95,LVM_ROTATION,10.0
TVSMOTOR,Consumer Cyclical,2024-02-02,2024-05-03,91,70,1999.5476,2081.816,5758.79,96.44,151.15,STCG,1102.24,4408.96,3.15,178.04,178.04,71.2,2280.8999,LVM_ROTATION,10.0
LT,Industrials,2024-04-02,2024-05-03,31,40,3853.6498,3606.39,-9890.39,106.49,149.63,STCG,0.0,-10146.51,-6.5824,171.99,171.99,67.02,3853.6498,LVM_ROTATION,10.0
ICICIGI,Financial Services,2024-04-02,2024-05-03,31,92,1701.7,1705.9923,394.89,185.87,162.79,STCG,9.25,36.98,0.0236,160.73,160.73,60.73,1717.8,LVM_ROTATION,10.0
COLPAL,Consumer Defensive,2023-12-02,2024-06-04,185,52,2301.2489,2708.339,21168.69,132.69,146.08,STCG,4177.98,16711.93,13.9656,176.46,177.51,66.23,2862.6001,LVM_ROTATION,10.0
TORNTPHARM,Healthcare,2023-12-02,2024-06-04,185,55,2172.17,2675.422,27678.86,120.53,152.63,STCG,5481.14,21924.56,18.3516,169.58,173.3,63.35,2734.7,LVM_ROTATION,10.0
TMPV,Consumer Cyclical,2024-02-02,2024-06-04,123,159,886.886,947.052,9566.39,120.87,156.19,STCG,1857.87,7431.47,5.27,179.1,179.58,65.18,1046.65,LVM_ROTATION,10.0
NTPC,Utilities,2024-05-03,2024-06-05,33,422,372.6723,339.66,-13931.19,99.96,148.67,STCG,0.0,-14179.82,-9.0164,173.04,173.04,170.42,391.8,LVM_STOP: -11.1% <= -10%,10.0
LT,Industrials,2024-06-04,2024-06-05,1,42,3855.852,3438.0585,-17547.33,119.38,149.77,STCG,0.0,-17816.48,-11.0015,170.68,170.68,170.68,3855.852,LVM_STOP: -11.7% <= -10%,10.0
ZYDUSLIFE,Healthcare,2024-02-02,2024-07-02,151,185,760.76,1073.925,57935.52,137.97,206.07,STCG,11518.3,46073.19,32.7362,173.54,178.8,69.63,1109.55,LVM_ROTATION,10.0
SIEMENS,Industrials,2024-05-03,2024-07-02,60,45,3472.6068,4615.6527,51437.07,94.02,215.44,STCG,10225.52,40902.09,26.1744,163.35,170.42,64.66,4620.5957,LVM_ROTATION,10.0
HEROMOTOCO,Consumer Cyclical,2024-06-04,2024-07-02,28,31,5170.165,5664.33,15319.11,190.28,182.13,STCG,2989.34,11957.36,7.4605,164.4,164.4,71.2,5816.0,LVM_ROTATION,10.0
TVSMOTOR,Consumer Cyclical,2024-06-04,2024-07-02,28,72,2253.251,2352.2455,7127.6,114.24,175.67,STCG,1367.54,5470.16,3.3718,164.14,164.14,68.06,2503.8501,LVM_ROTATION,10.0
TATASTEEL,Basic Materials,2024-06-04,2024-07-02,28,929,174.6745,174.2955,-352.09,192.65,167.95,STCG,0.0,-712.69,-0.4392,159.42,159.42,55.76,183.15,LVM_ROTATION,10.0
ICICIGI,Financial Services,2024-07-02,2024-08-02,31,89,1826.7749,1982.016,13816.46,186.31,182.97,STCG,2689.44,10757.75,6.6168,159.16,159.16,61.72,2007.8,LVM_ROTATION,10.0
WIPRO,Technology,2024-07-02,2024-08-02,31,618,264.9146,257.2425,-4741.36,220.5,164.89,STCG,0.0,-5126.75,-3.1315,156.54,156.54,46.87,286.6,LVM_ROTATION,10.0
BOSCHLTD,Consumer Cyclical,2024-07-02,2024-08-15,44,4,34494.46,31414.5033,-12319.83,124.04,130.34,STCG,0.0,-12574.21,-9.1132,174.35,176.3,176.3,35612.4492,LVM_STOP: -10.2% <= -10%,10.0
GRASIM,Basic Materials,2024-07-02,2024-09-03,63,60,2719.717,2677.42,-2537.82,134.36,166.63,STCG,0.0,-2838.81,-1.7396,168.85,170.31,67.97,2843.75,LVM_ROTATION,10.0
ULTRACEMCO,Basic Materials,2024-07-02,2024-09-03,63,13,11955.944,11423.0655,-6927.42,136.6,154.03,STCG,0.0,-7218.05,-4.644,163.35,164.84,60.68,11984.5,LVM_ROTATION,10.0
HCLTECH,Technology,2024-08-02,2024-10-02,61,106,1621.6701,1776.222,16382.5,172.75,195.29,STCG,3202.89,12811.57,7.453,165.62,169.01,65.36,1816.5,LVM_ROTATION,10.0
EICHERMOT,Consumer Cyclical,2024-08-02,2024-10-02,61,35,4888.884,4925.07,1266.51,203.15,178.79,STCG,176.91,707.65,0.4136,164.58,164.58,62.76,5062.6001,LVM_ROTATION,10.0
ICICIGI,Financial Services,2024-09-03,2024-10-24,51,81,2196.9948,1963.035,-18950.74,182.46,164.93,STCG,0.0,-19298.12,-10.8443,172.14,172.14,170.05,2275.2,LVM_STOP: -10.8% <= -10%,10.0
TVSMOTOR,Consumer Cyclical,2024-10-02,2024-10-25,23,66,2763.761,2499.598,-17434.76,119.11,171.11,STCG,0.0,-17724.98,-9.7172,175.26,175.26,175.26,2833.6001,LVM_STOP: -10.2% <= -10%,10.0
BAJAJ-AUTO,Consumer Cyclical,2024-02-02,2024-11-02,274,18,7682.675,9886.6035,39670.71,132.84,184.58,STCG,7870.66,31482.63,22.766,180.42,185.16,73.18,12666.4004,LVM_ROTATION,10.0
BHARTIARTL,Communication Services,2024-04-02,2024-11-02,214,128,1226.225,1617.5309,50087.16,133.82,214.75,STCG,9947.72,39790.87,25.3515,171.73,182.29,81.77,1771.1,LVM_ROTATION,10.0
SUNPHARMA,Healthcare,2024-07-02,2024-11-02,123,108,1515.514,1843.155,35385.23,135.8,206.47,STCG,7008.59,28034.37,17.128,173.56,180.73,82.81,1948.7,LVM_ROTATION,10.0
COLPAL,Consumer Defensive,2024-07-02,2024-11-02,123,56,2890.888,3039.957,8347.86,159.73,176.57,STCG,1602.31,6409.24,3.959,168.85,181.77,69.27,3838.1001,LVM_ROTATION,10.0
TORNTPHARM,Healthcare,2024-07-02,2024-11-02,123,58,2787.8351,3209.2375,24441.34,139.94,193.06,STCG,4821.67,19286.66,11.9278,165.18,178.39,75.78,3557.25,LVM_ROTATION,10.0
BOSCHLTD,Consumer Cyclical,2024-10-02,2024-11-02,31,4,37425.388,35214.6993,-8842.75,140.56,146.1,STCG,0.0,-9129.42,-6.0984,179.43,179.43,77.34,38795.6016,LVM_ROTATION,10.0
UNITDSPR,Consumer Defensive,2024-10-02,2024-11-02,31,115,1596.595,1453.545,-16450.75,151.2,173.38,STCG,0.0,-16775.33,-9.1365,167.97,167.97,64.84,1596.595,LVM_ROTATION,10.0
GRASIM,Basic Materials,2024-10-02,2024-11-02,31,44,2791.789,2693.9533,-4304.77,104.25,122.95,STCG,0.0,-4531.97,-3.6894,167.19,167.19,68.49,2791.789,LVM_ROTATION,10.0
HINDZINC,Basic Materials,2024-11-02,2024-11-13,11,297,559.559,496.503,-18727.63,197.3,152.95,STCG,0.0,-19077.89,-11.4796,144.27,144.27,144.27,559.65,LVM_STOP: -10.5% <= -10%,10.0
TATAPOWER,Utilities,2024-11-02,2024-11-14,12,373,446.6962,401.5481,-16840.24,143.4,155.35,STCG,0.0,-17139.0,-10.2864,160.16,160.16,160.16,449.3,LVM_STOP: -10.6% <= -10%,10.0
DIXON,Technology,2024-11-02,2024-12-03,31,11,14134.12,16983.0,31337.68,184.58,193.77,STCG,6191.87,24767.46,15.9302,164.06,164.06,64.18,16763.9004,LVM_ROTATION,10.0
BEL,Industrials,2024-11-02,2024-12-03,31,576,289.289,308.691,11175.55,88.68,184.43,STCG,2180.49,8721.96,5.2343,160.16,160.16,61.08,308.0,LVM_ROTATION,10.0
OBEROIRLTY,Real Estate,2024-11-02,2024-12-03,31,84,1974.4224,2089.7582,9688.21,196.9,182.07,STCG,1861.85,7447.38,4.4904,160.16,160.16,57.47,2069.6499,LVM_ROTATION,10.0
NATIONALUM,Basic Materials,2024-11-02,2024-12-03,31,727,229.1389,244.0457,10837.24,152.12,184.03,STCG,2100.22,8400.88,5.043,153.39,153.39,54.12,256.85,LVM_ROTATION,10.0
MAXHEALTH,Healthcare,2024-11-02,2024-12-03,31,162,1029.028,1026.8721,-349.26,116.65,172.55,STCG,0.0,-638.46,-0.383,151.3,151.3,53.87,1079.9,LVM_ROTATION,10.0
BSE,Financial Services,2024-11-02,2024-12-03,31,112,1482.8147,1522.476,4442.07,51.5,176.87,STCG,842.74,3370.96,2.0298,150.0,150.0,50.77,1624.0167,LVM_ROTATION,10.0
BIOCON,Healthcare,2024-12-03,2024-12-21,18,463,374.8245,338.1116,-16998.07,206.04,162.37,STCG,0.0,-17366.48,-10.007,156.19,156.19,156.19,380.05,LVM_STOP: -10.4% <= -10%,10.0
SIEMENS,Industrials,2024-12-03,2024-12-24,21,38,4477.409,3993.4691,-18389.72,87.01,157.4,STCG,0.0,-18634.12,-10.9521,170.62,170.62,170.62,4677.7695,LVM_STOP: -10.6% <= -10%,10.0
INDIGO,Industrials,2024-12-03,2025-01-14,42,39,4454.45,3957.089,-19397.08,173.62,160.07,STCG,0.0,-19730.77,-11.3576,171.13,172.56,172.56,4725.0,LVM_STOP: -10.2% <= -10%,10.0
NAUKRI,Communication Services,2024-12-03,2025-01-14,42,102,1701.1295,1460.538,-24540.33,206.0,154.52,STCG,0.0,-24900.86,-14.3508,170.1,174.62,174.62,1805.1,LVM_STOP: -14.7% <= -10%,10.0
UNITDSPR,Consumer Defensive,2025-01-02,2025-01-14,12,104,1661.66,1460.7877,-20890.72,151.97,157.58,STCG,0.0,-21200.27,-12.2678,181.79,181.79,181.79,1688.55,LVM_STOP: -10.7% <= -10%,10.0
LUPIN,Healthcare,2025-01-02,2025-01-16,14,73,2367.365,2136.5613,-16848.67,205.17,161.78,STCG,0.0,-17215.62,-9.9617,182.56,182.56,182.56,2396.1001,LVM_STOP: -10.1% <= -10%,10.0
GLENMARK,Healthcare,2025-01-02,2025-01-25,23,88,1611.61,1439.8087,-15118.51,168.37,131.42,STCG,0.0,-15418.31,-10.8716,177.95,177.95,177.95,1642.05,LVM_STOP: -10.0% <= -10%,10.0
DIVISLAB,Healthcare,2024-12-03,2025-01-28,56,27,6286.28,5574.8195,-19209.43,167.4,156.12,STCG,0.0,-19532.96,-11.5083,180.67,182.56,182.56,6286.28,LVM_STOP: -11.3% <= -10%,10.0
PETRONET,Energy,2024-12-03,2025-01-29,57,512,339.0887,291.0587,-24591.36,206.12,154.57,STCG,0.0,-24952.05,-14.3722,167.01,167.95,167.95,347.6,LVM_STOP: -14.3% <= -10%,10.0
INDHOTEL,Consumer Cyclical,2024-11-02,2025-02-02,92,241,689.689,800.5986,26729.21,138.37,200.13,STCG,5278.14,21112.58,12.702,165.36,173.85,73.1,889.65,LVM_ROTATION,10.0
PERSISTENT,Technology,2024-11-02,2025-02-02,92,30,5392.387,5824.17,12953.49,115.64,181.23,STCG,2531.32,10125.3,6.259,162.5,168.97,61.68,6674.2002,LVM_ROTATION,10.0
EICHERMOT,Consumer Cyclical,2025-02-02,2025-02-12,10,27,5580.575,4945.05,-17159.17,166.37,138.49,STCG,0.0,-17464.03,-11.5905,184.01,184.01,184.01,5580.575,LVM_STOP: -10.9% <= -10%,10.0
M&M,Consumer Cyclical,2024-12-03,2025-02-22,81,57,3044.7417,2666.331,-21569.41,106.49,157.64,STCG,0.0,-21833.54,-12.5805,171.91,176.4,176.4,3211.1001,LVM_STOP: -12.3% <= -10%,10.0
MARICO,Consumer Defensive,2025-02-02,2025-03-01,27,226,689.0884,596.2032,-20992.06,184.89,139.76,STCG,0.0,-21316.7,-13.6879,178.68,178.68,178.68,689.0884,LVM_STOP: -12.8% <= -10%,10.0
ZYDUSLIFE,Healthcare,2025-02-02,2025-03-04,30,160,972.972,868.131,-16774.56,133.58,144.07,STCG,0.0,-17052.22,-10.9537,174.37,174.37,59.05,1008.2,LVM_STOP: -10.5% <= -10%,10.0
BHARTIARTL,Communication Services,2025-02-02,2025-03-04,30,96,1621.5199,1587.411,-3274.45,116.07,158.06,STCG,0.0,-3548.59,-2.2796,188.32,188.32,92.96,1717.05,LVM_ROTATION,10.0
MUTHOOTFIN,Financial Services,2025-02-02,2025-03-04,30,71,2165.163,2141.1067,-1708.0,182.51,157.68,STCG,0.0,-2048.18,-1.3324,182.74,182.74,84.42,2317.8,LVM_ROTATION,10.0
BAJAJHLDNG,Financial Services,2025-02-02,2025-03-04,30,13,11711.7,11332.4062,-4930.82,97.63,152.81,STCG,0.0,-5181.26,-3.4031,174.62,174.62,71.36,12454.2998,LVM_ROTATION,10.0
WIPRO,Technology,2025-02-02,2025-03-04,30,513,303.303,278.721,-12610.57,183.43,148.31,STCG,0.0,-12942.31,-8.318,171.57,171.57,67.34,319.05,LVM_ROTATION,10.0
INDIGO,Industrials,2025-02-02,2025-04-02,59,34,4487.4331,5022.972,18208.32,159.73,177.14,STCG,3574.29,14297.16,9.3707,177.66,178.14,77.25,5127.7998,LVM_ROTATION,10.0
UPL,Basic Materials,2025-03-04,2025-04-02,29,239,607.607,631.2681,5655.0,194.36,156.49,STCG,1060.83,4243.32,2.922,176.63,176.63,76.25,658.85,LVM_ROTATION,10.0
HINDALCO,Basic Materials,2025-03-04,2025-04-02,29,231,628.628,668.0313,9102.16,170.73,160.06,STCG,1754.28,7017.1,4.8323,176.13,176.13,69.0,705.95,LVM_ROTATION,10.0
SRF,Industrials,2025-03-04,2025-04-02,29,51,2822.7198,2886.111,3232.95,137.7,152.67,STCG,588.52,2354.07,1.6352,173.12,173.12,64.5,3024.3501,LVM_ROTATION,10.0
CHOLAFIN,Financial Services,2025-03-04,2025-04-02,29,102,1416.2148,1469.529,5438.05,171.5,155.47,STCG,1022.22,4088.86,2.8306,166.83,166.83,66.25,1538.5,LVM_ROTATION,10.0
SHRIRAMFIN,Financial Services,2025-03-04,2025-04-02,29,235,619.2186,639.36,4733.23,172.76,155.84,STCG,880.93,3523.7,2.4215,162.31,162.31,63.0,682.0,LVM_ROTATION,10.0
MUTHOOTFIN,Financial Services,2025-04-02,2025-04-12,10,64,2341.1388,2042.955,-19083.76,170.85,135.62,STCG,0.0,-19390.23,-12.9412,185.0,185.0,185.0,2370.25,LVM_STOP: -13.8% <= -10%,10.0
BAJFINANCE,Financial Services,2025-03-04,2025-05-03,60,170,853.0722,886.8623,5744.32,172.17,156.38,STCG,1083.15,4332.61,2.9875,183.67,183.67,79.0,932.3,LVM_ROTATION,10.0
JSWSTEEL,Basic Materials,2025-03-04,2025-05-03,60,151,960.96,958.8402,-320.09,172.27,150.17,STCG,0.0,-642.54,-0.4428,179.65,181.25,69.0,1063.2,LVM_ROTATION,10.0
EICHERMOT,Consumer Cyclical,2025-04-02,2025-05-03,31,28,5367.0619,5464.0305,2715.12,174.36,158.69,STCG,476.41,1905.66,1.2681,183.25,183.25,77.0,5810.5,LVM_ROTATION,10.0
FEDERALBNK,Financial Services,2025-04-02,2025-05-03,31,785,193.2431,190.7091,-1989.19,135.71,155.28,STCG,0.0,-2280.18,-1.5031,179.0,179.0,78.0,203.42,LVM_ROTATION,10.0
ULTRACEMCO,Basic Materials,2025-04-02,2025-05-03,31,13,11371.36,11690.298,4146.19,142.92,157.63,STCG,769.13,3076.51,2.0811,178.0,178.0,80.75,12237.0,LVM_ROTATION,10.0
TORNTPHARM,Healthcare,2025-04-02,2025-06-03,62,47,3190.8877,3128.868,-2914.93,122.34,152.53,STCG,0.0,-3189.8,-2.1269,183.5,183.5,82.25,3335.0,LVM_ROTATION,10.0
ICICIBANK,Financial Services,2025-05-03,2025-06-03,31,106,1441.44,1453.4451,1272.54,118.01,159.8,STCG,198.95,795.78,0.5208,192.0,192.0,90.75,1460.6,LVM_ROTATION,10.0
HDFCBANK,Financial Services,2025-05-03,2025-06-03,31,157,970.4695,968.031,-382.84,170.48,157.64,STCG,0.0,-710.96,-0.4666,191.5,191.5,89.25,978.6,LVM_ROTATION,10.0
SUNPHARMA,Healthcare,2025-05-03,2025-06-03,31,83,1829.6278,1693.305,-11314.79,112.67,145.78,STCG,0.0,-11573.24,-7.621,187.5,187.5,84.75,1836.6,LVM_ROTATION,10.0
SHREECEM,Basic Materials,2025-05-03,2025-06-03,31,5,29369.34,29370.6,6.3,174.34,152.32,STCG,0.0,-320.36,-0.2182,186.75,186.75,83.0,31615.0,LVM_ROTATION,10.0
KOTAKBANK,Financial Services,2025-05-03,2025-06-03,31,362,421.441,413.586,-2843.51,181.13,155.29,STCG,0.0,-3179.93,-2.0844,185.25,185.25,85.0,429.0,LVM_ROTATION,10.0
UNITDSPR,Consumer Defensive,2025-04-02,2025-07-02,91,107,1416.3149,1402.4961,-1478.61,160.75,155.65,STCG,0.0,-1795.02,-1.1845,179.0,185.75,71.5,1610.0,LVM_ROTATION,10.0
MFSL,Financial Services,2025-06-03,2025-07-02,29,99,1525.524,1643.4549,11675.16,155.28,168.76,STCG,2270.22,9080.9,6.0128,185.0,185.0,84.0,1653.9,LVM_ROTATION,10.0
TECHM,Technology,2025-06-03,2025-07-02,29,97,1557.4559,1673.325,11239.3,164.13,168.35,STCG,2181.36,8725.46,5.7756,176.25,176.25,72.0,1718.6,LVM_ROTATION,10.0
HCLTECH,Technology,2025-06-03,2025-07-29,56,91,1648.5469,1464.6339,-16736.08,154.05,138.24,STCG,0.0,-17028.37,-11.3509,178.25,178.25,174.5,1739.9,LVM_STOP: -11.1% <= -10%,10.0
BHARTIARTL,Communication Services,2025-04-02,2025-08-02,122,88,1721.72,1890.108,14818.14,117.11,172.52,STCG,2905.7,11622.81,7.6712,191.25,192.25,91.25,2033.9,LVM_ROTATION,10.0
MARICO,Consumer Defensive,2025-04-02,2025-08-02,122,233,651.1505,712.2371,14233.18,185.29,172.13,STCG,2775.15,11100.61,7.3166,180.25,185.5,80.5,740.2,LVM_ROTATION,10.0
PAGEIND,Consumer Cyclical,2025-05-03,2025-08-02,91,3,45270.225,47092.86,5467.91,157.72,146.54,STCG,1032.73,4130.92,3.0417,184.25,184.25,78.25,49440.0,LVM_ROTATION,10.0
HDFCLIFE,Financial Services,2025-06-03,2025-08-02,60,201,749.1484,740.7585,-1686.37,178.77,154.44,STCG,0.0,-2019.58,-1.3412,188.0,189.25,79.0,814.3,LVM_ROTATION,10.0
APOLLOHOSP,Healthcare,2025-06-03,2025-08-02,60,21,6956.95,7379.613,8875.92,147.12,160.74,STCG,1713.61,6854.45,4.6917,184.5,186.5,87.0,7616.0,LVM_ROTATION,10.0
BAJFINANCE,Financial Services,2025-06-03,2025-08-02,60,165,911.5106,873.126,-6333.46,172.75,149.43,STCG,0.0,-6655.64,-4.4253,184.0,184.0,83.0,968.3,LVM_ROTATION,10.0
TORNTPHARM,Healthcare,2025-07-02,2025-08-02,31,46,3402.9997,3654.6417,11575.53,127.61,174.37,STCG,2254.71,9018.84,5.7614,184.5,184.5,86.75,3768.1001,LVM_ROTATION,10.0
BAJAJFINSV,Financial Services,2025-07-02,2025-08-02,31,76,2056.054,1921.077,-10258.25,185.52,151.44,STCG,0.0,-10595.21,-6.7805,182.0,182.0,80.5,2060.5,LVM_ROTATION,10.0
EICHERMOT,Consumer Cyclical,2025-07-02,2025-08-02,31,27,5692.687,5521.9725,-4609.29,171.44,154.64,STCG,0.0,-4935.38,-3.211,178.5,178.5,78.75,5722.5,LVM_ROTATION,10.0
HDFCBANK,Financial Services,2025-08-02,2025-09-02,31,149,1006.055,950.049,-8344.89,167.41,146.83,STCG,0.0,-8659.13,-5.7765,194.25,194.25,91.25,1006.055,LVM_ROTATION,10.0
INDIGO,Industrials,2025-08-02,2025-09-02,31,25,5805.8,5673.321,-3311.98,126.84,147.11,STCG,0.0,-3585.93,-2.4706,176.75,176.75,72.0,6155.5,LVM_ROTATION,10.0
HYUNDAI,Consumer Cyclical,2025-08-02,2025-09-02,31,69,2177.175,2456.441,19269.35,178.35,175.8,STCG,3783.04,15132.16,10.073,173.5,173.5,71.75,2581.3,LVM_ROTATION,10.0
GLENMARK,Healthcare,2025-08-02,2025-09-02,31,72,2069.8678,1924.9731,-10432.42,155.39,143.76,STCG,0.0,-10731.56,-7.2009,168.75,168.75,60.25,2074.8999,LVM_ROTATION,10.0
MANKIND,Healthcare,2025-08-02,2025-09-02,31,58,2568.8663,2536.361,-1885.31,176.89,152.59,STCG,0.0,-2214.78,-1.4865,167.0,167.0,55.0,2628.8999,LVM_ROTATION,10.0
MAXHEALTH,Healthcare,2025-08-02,2025-09-02,31,119,1254.8536,1183.815,-8453.59,104.45,146.12,STCG,0.0,-8704.16,-5.8289,162.5,162.5,62.25,1273.9,LVM_ROTATION,10.0
BOSCHLTD,Consumer Cyclical,2025-08-02,2025-10-02,61,3,40190.15,38281.68,-5725.41,112.49,119.12,STCG,0.0,-5957.03,-4.9407,181.75,185.0,74.5,41495.0,LVM_ROTATION,10.0
HDFCAMC,Financial Services,2025-08-02,2025-10-02,61,53,2810.0572,2789.208,-1105.01,176.82,153.33,STCG,0.0,-1435.16,-0.9636,177.5,177.5,74.0,2946.0,LVM_ROTATION,10.0
MUTHOOTFIN,Financial Services,2025-08-02,2025-10-02,61,57,2594.592,3146.85,31478.71,159.12,186.05,STCG,6226.71,24906.83,16.8413,176.5,176.5,73.0,3144.5,LVM_ROTATION,10.0
UPL,Basic Materials,2025-08-02,2025-10-02,61,223,674.1735,667.0323,-1592.49,180.26,154.29,STCG,0.0,-1927.04,-1.2818,175.5,175.75,69.0,727.95,LVM_ROTATION,10.0
ULTRACEMCO,Basic Materials,2025-09-02,2025-10-02,30,11,12800.788,12082.905,-7896.71,126.52,137.86,STCG,0.0,-8161.1,-5.7959,186.0,186.0,78.5,12800.788,LVM_ROTATION,10.0
APOLLOHOSP,Healthcare,2025-09-02,2025-10-02,30,19,7639.1315,7433.559,-3905.88,145.32,146.5,STCG,0.0,-4197.69,-2.8921,183.5,183.5,79.0,7929.0,LVM_ROTATION,10.0
MARICO,Consumer Defensive,2025-09-02,2025-10-02,30,205,732.3316,699.3,-6771.48,167.72,148.69,STCG,0.0,-7087.89,-4.7212,183.25,183.25,80.25,741.9,LVM_ROTATION,10.0
TVSMOTOR,Consumer Cyclical,2025-09-02,2025-10-02,30,44,3364.361,3456.54,4055.88,87.02,157.75,STCG,762.22,3048.89,2.0596,176.0,176.0,75.25,3591.3,LVM_ROTATION,10.0
MFSL,Financial Services,2025-09-02,2025-11-04,63,92,1631.63,1564.434,-6182.03,155.21,149.29,STCG,0.0,-6486.53,-4.3212,185.25,185.25,78.75,1631.63,LVM_ROTATION,10.0
MARUTI,Consumer Cyclical,2025-10-02,2025-11-04,33,9,15964.949,15591.393,-3362.0,170.59,145.55,STCG,0.0,-3678.14,-2.5599,190.25,190.25,93.0,16424.0,LVM_ROTATION,10.0
NYKAA,Consumer Cyclical,2025-10-02,2025-11-04,33,625,241.241,247.802,4100.62,179.0,160.64,STCG,752.2,3008.78,1.9955,178.75,178.75,74.25,265.19,LVM_ROTATION,10.0
APLAPOLLO,Basic Materials,2025-10-02,2025-11-04,33,86,1741.74,1798.2,4855.56,129.15,160.4,STCG,913.2,3652.81,2.4386,171.0,171.0,66.0,1804.8,LVM_ROTATION,10.0
HINDALCO,Basic Materials,2025-10-02,2025-11-04,33,196,766.766,840.7084,14492.71,155.77,170.91,STCG,2833.21,11332.82,7.5408,167.75,167.75,71.0,861.35,LVM_ROTATION,10.0
JSWSTEEL,Basic Materials,2025-10-02,2025-12-02,61,131,1147.2461,1167.2316,2618.1,162.91,158.6,STCG,459.32,1837.27,1.2225,183.0,183.0,75.5,1210.0,LVM_ROTATION,10.0
BAJFINANCE,Financial Services,2025-10-02,2025-12-02,61,154,975.975,1013.4855,5776.62,166.65,161.89,STCG,1089.62,4358.46,2.8998,182.0,183.5,78.75,1094.15,LVM_ROTATION,10.0
SBICARD,Financial Services,2025-10-02,2025-12-02,61,172,876.5757,870.2289,-1091.65,179.0,155.25,STCG,0.0,-1425.9,-0.9457,176.0,176.75,72.75,937.95,LVM_ROTATION,10.0
LT,Industrials,2025-10-02,2025-12-02,61,40,3693.69,4062.4335,14749.74,118.76,168.55,STCG,2892.49,11569.95,7.8309,171.5,177.25,72.5,4081.3,LVM_ROTATION,10.0
TATACONSUM,Consumer Defensive,2025-11-04,2025-12-02,28,129,1200.9998,1158.84,-5438.61,151.44,155.06,STCG,0.0,-5745.11,-3.7082,180.75,180.75,80.0,1200.9998,LVM_ROTATION,10.0
KOTAKBANK,Financial Services,2025-11-04,2025-12-02,28,366,423.7633,427.572,1393.98,183.63,162.32,STCG,209.61,838.43,0.5406,180.25,180.25,77.75,429.52,LVM_ROTATION,10.0
BPCL,Energy,2025-11-04,2025-12-02,28,419,370.2199,355.3942,-6211.97,184.16,154.45,STCG,0.0,-6550.59,-4.2229,171.0,171.0,72.75,375.45,LVM_ROTATION,10.0
INDIGO,Industrials,2025-12-02,2025-12-09,7,26,5797.792,4896.099,-23444.02,139.03,132.04,STCG,0.0,-23715.08,-15.7322,178.0,178.0,178.0,5797.792,LVM_STOP: -15.1% <= -10%,10.0
HEROMOTOCO,Consumer Cyclical,2025-12-02,2025-12-23,21,24,6336.33,5704.29,-15168.96,161.82,142.0,STCG,0.0,-15472.77,-10.1746,177.5,177.5,177.5,6350.5,LVM_STOP: -10.1% <= -10%,10.0
BAJAJFINSV,Financial Services,2025-12-02,2026-01-02,31,73,2072.1702,2028.0699,-3219.32,178.88,153.56,STCG,0.0,-3551.76,-2.348,178.75,178.75,74.75,2096.5,LVM_ROTATION,10.0
GMRAIRPORT,Industrials,2025-12-02,2026-01-02,31,1428,107.3072,105.5943,-2446.02,181.92,156.4,STCG,0.0,-2784.35,-1.817,177.25,177.25,72.25,107.3072,LVM_ROTATION,10.0
UPL,Basic Materials,2026-01-02,2026-01-21,19,187,807.757,714.5847,-17423.22,157.96,138.6,STCG,0.0,-17719.78,-11.731,178.75,178.75,178.75,807.757,LVM_STOP: -10.4% <= -10%,10.0
MARUTI,Consumer Cyclical,2025-12-02,2026-01-30,59,9,16143.127,14487.498,-14900.66,171.54,135.24,STCG,0.0,-15207.44,-10.4671,192.75,192.75,191.75,17292.0,LVM_STOP: -10.2% <= -10%,10.0
EICHERMOT,Consumer Cyclical,2025-09-02,2026-02-03,154,23,6316.8105,7192.8,20147.76,150.39,171.59,STCG,3965.16,15860.62,10.9168,185.5,187.25,84.5,7582.5,LVM_ROTATION,10.0
BHARTIARTL,Communication Services,2025-11-04,2026-02-03,91,73,2109.107,2047.95,-4464.46,106.38,155.07,STCG,0.0,-4725.91,-3.0695,188.5,188.5,81.25,2162.7,LVM_ROTATION,10.0
SBILIFE,Financial Services,2025-12-02,2026-02-03,63,78,1953.952,2054.3435,7830.54,151.0,166.2,STCG,1502.67,6010.67,3.9438,188.5,191.75,91.5,2098.0,LVM_ROTATION,10.0
MFSL,Financial Services,2025-12-02,2026-02-03,63,89,1716.715,1661.8365,-4884.19,157.56,153.41,STCG,0.0,-5195.16,-3.4002,183.25,184.5,84.75,1731.3,LVM_ROTATION,10.0
HINDALCO,Basic Materials,2025-12-02,2026-03-03,91,188,811.811,927.072,21669.07,156.97,180.78,STCG,4266.27,17065.06,11.1814,172.75,178.5,68.25,1024.05,LVM_ROTATION,10.0
FEDERALBNK,Financial Services,2026-01-02,2026-03-03,60,566,267.7675,290.6591,12956.65,110.33,170.64,STCG,2535.14,10140.54,6.6909,181.25,181.25,81.0,299.85,LVM_ROTATION,10.0
IOC,Energy,2026-02-03,2026-03-03,28,880,168.6685,174.825,5417.72,108.02,159.57,STCG,1030.03,4120.11,2.7758,179.5,179.5,79.75,187.47,LVM_ROTATION,10.0
INDIANB,Financial Services,2026-02-03,2026-03-03,28,169,875.875,954.045,13210.73,175.74,167.24,STCG,2573.55,10294.21,6.9545,167.25,167.25,69.0,991.55,LVM_ROTATION,10.0
BPCL,Energy,2026-02-03,2026-03-10,35,398,372.372,336.1635,-14410.98,175.43,138.77,STCG,0.0,-14725.19,-9.9358,178.5,178.5,175.75,388.3,LVM_STOP: -11.1% <= -10%,10.0
ASHOKLEY,Industrials,2026-02-03,2026-03-13,38,730,203.203,176.4234,-19549.11,103.03,133.58,STCG,0.0,-19785.72,-13.3382,171.75,175.0,175.0,211.92,LVM_STOP: -12.2% <= -10%,10.0
APLAPOLLO,Basic Materials,2026-02-03,2026-03-14,39,67,2198.0958,1919.6784,-18653.97,118.7,133.41,STCG,0.0,-18906.07,-12.8375,173.5,178.75,178.75,2280.8,LVM_STOP: -12.1% <= -10%,10.0
SBIN,Financial Services,2026-03-03,2026-03-14,11,128,1173.2721,1047.6513,-16079.46,100.15,139.09,STCG,0.0,-16318.71,-10.8662,192.75,192.75,192.75,1174.5,LVM_STOP: -10.8% <= -10%,10.0
EICHERMOT,Consumer Cyclical,2026-03-03,2026-03-14,11,19,7707.7,6694.299,-19254.62,130.17,131.93,STCG,0.0,-19516.71,-13.3269,186.75,186.75,186.75,7755.0,LVM_STOP: -12.5% <= -10%,10.0
TVSMOTOR,Consumer Cyclical,2026-03-03,2026-03-14,11,40,3728.725,3326.57,-16086.2,85.67,138.02,STCG,0.0,-16309.89,-10.9353,182.0,182.0,182.0,3818.3999,LVM_STOP: -10.8% <= -10%,10.0
CANBK,Financial Services,2026-03-03,2026-03-14,11,1006,150.15,134.3655,-15879.21,179.33,140.2,STCG,0.0,-16198.74,-10.724,174.75,174.75,174.75,150.15,LVM_STOP: -10.3% <= -10%,10.0
BEL,Industrials,2026-02-03,2026-03-24,49,322,460.46,412.0875,-15575.95,62.56,137.63,STCG,0.0,-15776.14,-10.6403,171.75,176.0,176.0,468.45,LVM_STOP: -11.9% <= -10%,10.0
MFSL,Financial Services,2026-03-03,2026-03-24,21,84,1784.6829,1593.3051,-16075.74,154.07,138.82,STCG,0.0,-16368.62,-10.9187,185.5,185.5,185.5,1784.6829,LVM_STOP: -12.2% <= -10%,10.0
ABB,Industrials,2026-04-02,2026-05-02,30,22,6027.5215,7261.731,27152.61,71.23,165.71,STCG,5383.13,21532.54,16.238,167.0,167.0,72.0,7587.0,LVM_ROTATION,10.0
GLENMARK,Healthcare,2026-04-02,2026-05-02,30,64,2087.085,2431.8657,22065.96,143.97,161.43,STCG,4352.11,17408.45,13.0329,163.5,163.5,65.75,2413.8999,LVM_ROTATION,10.0
SAIL,Basic Materials,2026-04-02,2026-05-02,30,877,154.154,185.0648,27108.77,160.5,168.34,STCG,5355.98,21423.94,15.8469,154.5,154.5,59.5,186.16,LVM_ROTATION,10.0
NATIONALUM,Basic Materials,2026-04-02,2026-05-02,30,341,396.346,398.601,768.95,87.33,140.98,STCG,108.13,432.52,0.32,153.5,153.5,53.75,441.5,LVM_ROTATION,10.0
BSE,Financial Services,2026-04-02,2026-05-02,30,48,2810.808,3677.319,41592.53,30.68,183.08,STCG,8275.75,33103.01,24.5355,151.25,151.25,50.75,3640.5,LVM_ROTATION,10.0
ADANIPOWER,Utilities,2026-04-02,2026-05-02,30,874,154.6545,222.777,59539.06,48.6,201.96,STCG,11857.7,47430.8,35.0903,150.5,150.5,52.0,223.35,LVM_ROTATION,10.0
WAAREEENER,Technology,2026-04-02,2026-05-02,30,44,3069.066,3156.6402,3853.26,160.32,144.06,STCG,709.78,2839.1,2.1024,143.25,143.25,37.0,3502.8999,LVM_ROTATION,10.0
CUMMINSIND,Industrials,2026-03-03,2026-06-02,91,32,4665.7612,5659.335,31794.36,68.67,187.84,STCG,6307.57,25230.28,16.8986,175.5,180.75,73.75,6027.5,LVM_ROTATION,10.0
ONGC,Energy,2026-04-02,2026-06-02,61,468,288.7885,262.8868,-12122.0,127.55,127.61,STCG,0.0,-12377.16,-9.1579,176.75,179.0,71.5,301.4,LVM_ROTATION,10.0
TITAN,Consumer Cyclical,2026-05-02,2026-06-02,31,35,4411.5072,4013.3825,-13934.36,110.59,145.7,STCG,0.0,-14190.65,-9.1907,184.75,184.75,75.25,4509.0,LVM_ROTATION,10.0
NESTLEIND,Consumer Defensive,2026-05-02,2026-06-02,31,107,1461.46,1383.615,-8329.42,185.65,153.56,STCG,0.0,-8668.63,-5.5434,183.75,183.75,84.25,1486.1,LVM_ROTATION,10.0
TATAPOWER,Utilities,2026-05-02,2026-06-02,31,350,445.9455,415.0845,-10801.35,149.18,150.69,STCG,0.0,-11101.22,-7.1125,176.5,176.5,74.25,445.9455,LVM_ROTATION,10.0
LT,Industrials,2026-05-02,2026-06-02,31,38,4030.026,3976.02,-2052.23,117.82,156.71,STCG,0.0,-2326.76,-1.5194,173.5,173.5,68.75,4100.7998,LVM_ROTATION,10.0
