symbol,companyName,FundamentalScore,TechnicalScore,SentimentScore,OverallScore,Recommendation,FundamentalRating,SentimentLabel,NewsCount,Close,Daily_Change,Weekly_Change,52W_High,52W_Low,All_Time_High,All_Time_Low,sma20,sma50,sma100,sma200,ema12,ema26,rsi14,macd,macd_signal,macd_hist,stoch_k,stoch_d,volatility,support_levels,resistance_levels,volume_sma20,current_volume,volume_trend,trend
UPL,UPL,0.0,98.13,59.0,52.38,HOLD,Strong Sell,Positive,3,715.75,-0.13255367529655393,0.4631886780022576,,,741.0,488.52936345326924,703.5900054931641,686.6811901855468,664.6992657470703,619.0984017944336,711.1597792711423,703.3216559705985,56.413442938200944,7.838123300543771,7.117865462175049,0.7202578383687221,64.22697512173043,68.37375682982311,0.0874946857823282,[],[],2953016.05,2472182.0,Increasing,Strong Uptrend
HINDALCO,HINDALCO,0.0,98.09,59.0,52.36,HOLD,Strong Sell,Positive,3,703.9500122070312,0.3635568440561343,-0.4736286786022226,,,767.0250525807884,542.4717959005195,692.0293670654297,682.6346435546875,655.8204119873047,643.0235708618164,700.764870875622,692.5839054580626,58.92786678435807,8.180965417559378,7.600992440385296,0.5799729771740818,72.84437196388721,77.75896833537179,0.09055624095569328,[],[],5259145.3,5335149.0,Increasing,Strong Uptrend
HINDUNILVR,HINDUNILVR,0.0,97.9,59.0,52.3,HOLD,Strong Sell,Positive,3,2659.800048828125,0.2034413307356875,1.1369309705562713,,,2980.78297188193,2113.771256648273,2580.6650268554686,2473.340009765625,2400.985849609375,2359.7742236328127,2625.3288960617883,2568.1702421258487,69.39362591413142,57.15865393593958,50.98069154948106,6.177962386458525,76.16446427703393,83.29227130477987,0.11048561210014206,[],[],1732399.3,1972773.0,Increasing,Strong Uptrend
DRREDDY,DRREDDY,0.0,91.89,59.0,50.3,HOLD,Strong Sell,Positive,3,1260.0999755859375,0.02380748898140883,-1.369755818285301,,,1406.072510170324,1013.5718351625553,1242.979998779297,1264.621240234375,1240.1297436523437,1231.0961206054687,1259.1595091123795,1256.4952897080377,68.18520787522746,2.664219404341793,-0.3027985759509395,2.9670179802927326,70.18482342862819,75.2501254736164,0.08557273832652693,[],[],1460097.9,2422956.0,Increasing,Sideways
GODREJCP,GODREJCP,0.0,91.84,59.0,50.28,HOLD,Strong Sell,Positive,3,1242.5999755859375,-0.6396929598732615,-0.3848042916609451,,,1517.19988062802,971.6382841838788,1226.698553466797,1221.6124072265625,1228.068232421875,1168.751163330078,1238.2529028432189,1230.549374369175,58.58601998270407,7.703528474043878,3.0915800027009883,4.61194847134289,78.75322997175478,85.6879183470292,0.09093326528192498,[],[],1402018.7,1808734.0,Increasing,Strong Uptrend
BRITANNIA,BRITANNIA,0.0,91.61,59.0,50.2,HOLD,Strong Sell,Positive,3,5824.0,1.80038454815592,4.046449307726663,,,6386.20856861246,4447.712523679271,5557.417456054687,5620.857490234375,5507.362846679687,5163.081135253906,5622.614692815748,5591.675295861809,64.8440837249039,30.93939695393874,-10.533217796100871,41.47261475003961,89.22820786648437,76.87955851331007,0.11397714332075828,[],[],467363.25,699161.0,Increasing,Strong Uptrend
ASIANPAINT,ASIANPAINT,0.0,89.29,59.0,49.43,HOLD,Strong Sell,Positive,3,2518.60009765625,1.1892365470570487,0.5629905233080379,,,3358.1080469753347,2105.3257388113384,2502.925,2429.5599951171876,2373.5493041992186,2334.4407287597655,2505.1026692535647,2480.0939426835384,57.77295459480262,25.008726570026283,32.95346590244693,-7.944739332420646,31.002331002331005,28.721889976619646,0.07079627666243607,[],[],1337216.85,1798653.0,Increasing,Strong Uptrend
BAJAJ-AUTO,BAJAJ-AUTO,0.0,87.52,59.0,48.84,HOLD,Strong Sell,Positive,3,8631.5,-0.6674722366074026,-0.5530272481133691,,,12458.258373030149,6914.118957712413,8452.875,8359.1,8225.372900390625,8305.780395507812,8601.834554282435,8479.365139217247,67.43688489516475,122.46941506518851,101.23991864964358,21.22949641554493,74.95086802779112,79.63232463232464,0.12271825340749033,[],[],419688.15,344340.0,Decreasing,Strong Uptrend
WIPRO,WIPRO,0.0,85.78,59.0,48.26,HOLD,Strong Sell,Positive,3,249.41000366210938,-0.49470986019137797,0.30968640377699863,,,317.35771613953585,223.60184572930416,246.36800079345704,253.21370361328124,248.32912521362306,266.7260199737549,249.390053294201,249.36281030076034,69.21366794785519,0.02724299344066594,-0.9243285758606867,0.9515715693013527,64.93229355993616,70.00005233959538,0.07152870148150021,[],[],8100635.8,10117017.0,Increasing,Downtrend
EICHERMOT,EICHERMOT,0.0,85.69,59.0,48.23,HOLD,Strong Sell,Positive,3,6103.0,-0.4891570194032302,3.012912482065988,,,6269.5,4451.035622592079,5843.325,5644.398740234375,5508.105424804688,5229.935803222656,5979.846788792393,5823.006016315763,83.03303303303304,156.84077247663026,128.69177510892285,28.14899736770741,80.71684762571971,86.07704871846495,0.1311098601864702,[],[],594609.35,496302.0,Increasing,Strong Uptrend
NESTLEIND,NESTLEIND,0.0,85.44,59.0,48.15,HOLD,Strong Sell,Positive,3,1156.199951171875,-0.5333855051588454,-0.5761521284311066,,,1368.6044114434262,1046.1656514698666,1137.8775024414062,1168.9896411132813,1175.3694189453124,1136.0007885742189,1153.3737903991598,1152.5771924361577,65.75194571453234,0.7965979630021138,-4.636720322423473,5.433318285425587,69.90436893130794,70.17160844586779,0.10631408945772429,[],[],1320075.0,1593255.0,Increasing,Sideways
ULTRACEMCO,ULTRACEMCO,0.0,85.24,59.0,48.08,HOLD,Strong Sell,Positive,3,12640.0,0.9504033224183361,0.40511557709110857,,,12930.0,9984.560419697713,12492.2,12313.98119140625,11907.08994140625,11520.752299804688,12588.28925831236,12477.18054838299,66.15384615384615,111.10870992936907,123.14160380222026,-12.03289387285119,57.03019764348253,57.82104374053903,0.07578760810933453,[],[],253190.65,177858.0,Decreasing,Strong Uptrend
TITAN,TITAN,0.0,84.89,59.0,47.96,HOLD,Strong Sell,Positive,3,3628.800048828125,-0.2446574061415574,0.21541145617578472,,,3855.397419134134,2916.223769645376,3517.8049926757812,3509.343955078125,3471.6632470703125,3370.0791589355467,3582.244366320439,3534.790228920561,74.70695228950008,47.454137399878164,34.32653568172476,13.1276017181534,81.33361573972813,79.83669631054788,0.11130218097948,[],[],723783.45,660956.0,Decreasing,Strong Uptrend
MARUTI,MARUTI,0.0,84.37,59.0,47.79,HOLD,Strong Sell,Positive,3,14791.0,0.2643709327548871,3.0803540316398426,,,14895.0,10610.16228851044,13537.4,12869.16029296875,12505.740625,12049.574799804688,14207.050837691026,13594.682740160582,98.45882870981946,612.3680975304433,484.4252338891672,127.94286364127606,95.04368610851856,95.4933937808894,0.2631620936641108,[],[],485159.0,621560.0,Increasing,Strong Uptrend
HDFCLIFE,HDFCLIFE,0.0,82.77,59.0,47.26,HOLD,Strong Sell,Positive,3,772.0499877929688,-0.42561267774270384,-2.1172757156299515,,,820.75,582.6893982272248,771.959994506836,772.9119970703125,755.5103979492187,696.3500741577149,778.3160717146009,773.9746868277704,58.82352941176471,4.341384886830497,5.13562212399154,-0.7942372371610436,36.24686706035453,44.72322047792616,0.09775543888006032,[],[],2108341.45,1865283.0,Increasing,Sideways
SBILIFE,SBILIFE,0.0,82.29,59.0,47.1,HOLD,Strong Sell,Positive,3,1805.5,-0.6219753701247277,-3.8246442742568054,,,1932.3222190371707,1369.9426261325289,1842.0950012207031,1831.5840014648438,1775.1755017089845,1619.2811468505859,1836.1763890179368,1835.736269867367,35.14960434809542,0.4401191505698989,6.475250175806587,-6.035131025236688,6.880034199970205,18.193795405306755,0.04589322684733239,[],[],831760.5,801378.0,Decreasing,Uptrend
JSWSTEEL,JSWSTEEL,0.0,82.16,59.0,47.05,HOLD,Strong Sell,Positive,3,1026.5999755859375,-0.888209384870775,-2.6550351458564325,,,1089.199951171875,877.6366579738332,1054.020001220703,1040.6184375,1018.3924603271485,990.9457052612305,1049.2340678981177,1048.0667769549198,41.56718097089537,1.1672909431979406,5.928306839184444,-4.761015895986503,8.7218186506123,14.709379939575683,0.058674151044792386,[],[],1585092.2,1062037.0,Decreasing,Uptrend
CIPLA,CIPLA,0.0,81.98,59.0,46.99,HOLD,Strong Sell,Positive,3,1589.4000244140625,0.5758384676812334,-0.21346209880920286,,,1687.4334663463221,1323.5354497595179,1545.4450134277345,1519.47556640625,1501.170457763672,1479.780903930664,1570.7150211007588,1549.1092085456737,78.06070593245389,21.605812555085095,18.777262356542106,2.828550198542988,81.61979320950361,82.34341972500658,0.10182942048188824,[],[],1387410.15,1342344.0,Decreasing,Strong Uptrend
HEROMOTOCO,HEROMOTOCO,0.0,80.88,59.0,46.63,HOLD,Strong Sell,Positive,3,5087.7001953125,-0.07855922082141698,1.7967605338922166,,,6002.599362284566,3294.1890091098116,4826.855029296875,4487.28126953125,4254.827260742188,4133.89990234375,4979.106360823154,4784.326607143235,75.18845589184306,194.77975367991894,183.96351682247945,10.816236857439492,81.15055806771596,84.2963951404533,0.21153693044516486,[],[],1116020.75,783364.0,Decreasing,Strong Uptrend
VEDL,VEDL,0.0,79.6,59.0,46.2,HOLD,Strong Sell,Positive,3,420.6499938964844,-0.9069507899919005,-1.8239465410820888,,,491.3309709663929,344.6540750615777,423.21038208007815,429.0201007080078,418.0135696411133,420.9244660949707,425.7513047794029,425.6901817116372,53.479195514259814,0.06112306776572041,-0.1928353093594536,0.253958377125174,51.38479368453292,62.35456585845302,0.06531883812667197,[],[],7297707.15,7712901.0,Increasing,Strong Downtrend
GRASIM,GRASIM,0.0,79.02,59.0,46.01,HOLD,Strong Sell,Positive,3,2775.60009765625,-0.3124645698848738,-3.6651345031667892,,,2898.39990234375,2268.696845700511,2779.330432128906,2770.788876953125,2717.6793359375,2602.5779321289065,2795.594852767872,2779.281775988066,55.11468860431014,16.313076779806124,17.86918349209494,-1.5561067122888161,52.000244608234404,56.770481618285054,0.0734552856625034,[],[],689100.5,542362.0,Decreasing,Uptrend
TATAMOTORS,TATAMOTORS,0.0,75.2,59.0,44.73,HOLD,Strong Sell,Positive,3,669.0,-0.9549207329134335,-1.6610301331370314,,,1132.2650028725948,531.1830002693022,667.6199951171875,677.1609997558594,677.6644665527343,699.5032431030273,676.2334184878918,675.1571505487781,65.92959913449053,1.0762679391136771,0.03524390651286885,1.0410240326008082,63.30059447575136,68.64121734118852,0.10493388314245806,[],[],9496432.15,8201917.0,Decreasing,Downtrend
COALINDIA,COALINDIA,0.0,66.67,59.0,41.89,HOLD,Strong Sell,Positive,3,374.79998779296875,0.13358269204020168,0.09346390026128137,,,496.25795076051816,339.58072583613375,375.1576217651367,375.58840515136717,379.5865786743164,377.03587493896487,375.6409661119379,375.6081051107486,50.262574048683454,0.03286100118930335,0.376718487059699,-0.34385748587039566,35.463991224645746,36.927299045622725,0.058194628085604674,[],[],5845648.15,4578400.0,Decreasing,Strong Downtrend
LT,LT,0.0,64.26,59.0,41.09,HOLD,Strong Sell,Positive,3,3601.0,1.1488413590021285,0.14461179991278605,,,3926.8766708182884,2937.900120111403,3618.4700439453127,3583.9340185546876,3517.3379956054687,3489.5301623535156,3591.77016027477,3592.7568807509824,49.06619984718755,-0.9867204762122128,8.332740681838743,-9.319461158050956,18.520433509980958,11.875956374437576,0.04875188705761935,[],[],1371538.1,1678055.0,Decreasing,Uptrend
BAJFINANCE,BAJFINANCE,0.0,63.86,59.0,40.95,HOLD,Strong Sell,Positive,3,877.8499755859375,0.11404459461059613,-1.8613777992244285,,,978.7999877929688,642.0160368509909,881.567495727539,908.1979992675781,908.0682965087891,836.3561901855469,883.6527871463977,890.5484674707143,50.25658052529649,-6.895680324316572,-7.838737470769475,0.9430571464529027,39.60836148235179,42.87171822760532,0.06410071973419731,[],[],6204258.95,5672446.0,Decreasing,Sideways
DIVISLAB,DIVISLAB,0.0,63.55,59.0,40.85,HOLD,Strong Sell,Positive,3,6131.5,-0.008153946510114363,-0.3251239535072781,,,7039.446635250951,4932.540321884288,6147.35,6484.98423828125,6354.518823242188,6088.500144042969,6156.559276046135,6250.8698356668565,63.04086538461538,-94.3105596207215,-118.30111770832673,23.990558087605223,64.37409024745271,63.33661010856275,0.09479633236677455,[],[],471208.9,283850.0,Decreasing,Sideways
INFY,INFY,0.0,63.49,59.0,40.83,HOLD,Strong Sell,Positive,3,1469.5999755859375,-2.03319781990442,-1.2033629858193229,,,1978.6106902340612,1288.8655111580174,1467.5299865722657,1539.1119946289064,1529.0856726074219,1663.1362774658203,1490.182726084003,1496.9411766583987,60.5061095886784,-6.758450574395738,-15.825428197661209,9.06697762326547,68.61331380208333,82.12442491319446,0.10135734822566969,[],[],8592143.1,8169075.0,Decreasing,Downtrend
ICICIBANK,ICICIBANK,0.0,62.07,59.0,40.36,HOLD,Strong Sell,Positive,3,1397.800048828125,-0.0929116418051601,-2.6872719945603807,,,1488.5144734435703,1176.9188152937772,1428.7645935058595,1432.4606616210938,1420.2262475585937,1341.8138763427735,1421.1265830177056,1428.7584999911155,34.99059745056395,-7.631916973409943,-3.4079613878421346,-4.223955585567809,10.315672531332327,17.46336652172109,0.04310959568148736,[],[],7315207.05,8519507.0,Increasing,Sideways
HDFCBANK,HDFCBANK,0.0,61.91,59.0,40.3,HOLD,Strong Sell,Positive,3,951.5999755859375,-0.6473180503288378,-3.1253194124544414,,,1018.8499755859375,797.7241746370524,987.2124969482422,992.817353515625,970.5342858886719,915.8772201538086,977.4503971329221,985.4110868878608,31.146634861090405,-7.960689754938699,-3.2177847926976124,-4.742904962241086,6.365576221179854,9.086990968130054,0.05895288365850549,[],[],14598867.05,14823813.0,Increasing,Sideways
SHREECEM,SHREECEM,0.0,61.88,59.0,40.29,HOLD,Strong Sell,Positive,3,29275.0,-1.347935973041281,-4.345695147851658,,,32490.0,23412.222969796792,30422.75,30615.1612890625,30400.88515625,28673.248984375,30164.518305811187,30424.07095462032,32.39795918367348,-259.55264880913455,-125.3056315633271,-134.24701724580746,7.853339352950596,8.788007784125115,0.06212361999674181,[],[],33827.65,63260.0,Increasing,Sideways
TCS,TCS,0.0,61.64,59.0,40.21,HOLD,Strong Sell,Positive,3,3084.699951171875,-0.29091379713765964,1.005237431953998,,,4514.5980132595905,2991.60009765625,3065.3849853515626,3194.95318359375,3298.043195800781,3619.9208935546876,3093.799716443859,3109.5731102459654,56.87446270728119,-15.773393802106511,-32.97952774655696,17.20613394445045,68.39006854200211,82.48092391214125,0.061057541961540486,[],[],2687887.7,2271789.0,Increasing,Downtrend
SBIN,SBIN,0.0,61.16,59.0,40.05,HOLD,Strong Sell,Positive,3,802.5,0.06858130614091351,-1.6845329249617125,,,858.2173712226388,666.6146467698901,813.1450012207031,811.0550024414063,798.8003881835938,780.2018618774414,812.1490591355612,812.526780408368,48.529424964321436,-0.3777212728068662,2.004704680908606,-2.3824259537154724,24.069963393499773,33.4399708436232,0.0592241964860891,[],[],7463858.45,6861440.0,Decreasing,Uptrend
AXISBANK,AXISBANK,0.0,60.82,59.0,39.94,SELL,Strong Sell,Positive,3,1045.199951171875,-0.6369496232229488,-2.399857377559511,,,1280.5556852451584,932.7028964179103,1067.384991455078,1118.6862646484376,1150.6957495117188,1106.5953588867187,1062.5449131592268,1078.7470852951365,42.06642232635798,-16.202172135909677,-16.820852444561087,0.6186803086514097,6.606393831479136,9.881940904042708,0.04289089094200219,[],[],5093596.5,4718016.0,Decreasing,Strong Downtrend
KOTAKBANK,KOTAKBANK,0.0,60.78,59.0,39.93,SELL,Strong Sell,Positive,3,1960.300048828125,0.802185326679794,-1.3238662579795668,,,2299.2489909588016,1677.1164572250893,1985.6649963378907,2083.476804199219,2100.900244140625,1988.2668634033203,1979.9818319307838,2009.597678507334,51.64219637566785,-29.61584657655021,-31.12740893888926,1.511562362339049,14.187410645634989,17.998707969078133,0.04710264609045346,[],[],3101711.05,3074358.0,Decreasing,Strong Downtrend
INDUSINDBK,INDUSINDBK,0.0,60.13,59.0,39.71,SELL,Strong Sell,Positive,3,739.5,-0.9509745269366432,-2.710166589606533,,,1498.0,606.0,777.9600006103516,819.5780004882813,810.1250012207031,874.3605017089844,764.8326732857333,784.5428603928176,29.321137669051453,-19.710187107084266,-17.479507844101256,-2.23067926298301,3.122910731498404,4.47329000722272,0.11184802063152863,[],[],3588045.7,2538543.0,Decreasing,Strong Downtrend
RELIANCE,RELIANCE,0.0,58.95,59.0,39.32,SELL,Strong Sell,Positive,3,1357.199951171875,-2.070861731481788,-3.6900370282270667,,,1544.8301010282516,1110.415052053189,1389.72451171875,1434.9369775390626,1405.9557421875,1326.0914630126954,1389.7377716698363,1400.4358870747824,48.49325598176876,-10.698115404946066,-10.538984431755143,-0.15913097319092273,28.869152450253207,39.31345172413054,0.05476508977811727,[],[],9458043.3,18758842.0,Increasing,Sideways
BPCL,BPCL,0.0,57.94,59.0,38.98,SELL,Strong Sell,Positive,3,308.20001220703125,-0.8046346642349489,-2.607046826278081,,,363.24483766661757,230.5385511582654,316.6125061035156,326.12836181640625,315.9495394897461,292.6035667419434,314.9666994709818,319.12096536678973,33.766245204383964,-4.154265895807953,-3.3554161714089927,-0.7988497243989601,11.513687845039009,17.89682059609233,0.056398473794532486,[],[],5420729.7,4334416.0,Decreasing,Sideways
TATASTEEL,TATASTEEL,0.0,57.82,59.0,38.94,SELL,Strong Sell,Positive,3,154.47999572753906,0.5532713777981924,-2.5670181304822237,,,168.77999877929688,119.82559942608383,157.97999954223633,159.3821987915039,153.05076667785644,145.38586708068848,157.03523329461885,158.09542571481546,43.06830679044407,-1.0601924201966142,-0.4513904976800938,-0.6088019225165204,8.14194158792983,12.118134257515543,0.06810561357377246,[],[],21802673.2,16971859.0,Decreasing,Sideways
TECHM,TECHM,0.0,57.66,59.0,38.89,SELL,Strong Sell,Positive,3,1481.4000244140625,-0.9494484757738619,-1.5681046900955176,,,1775.2631099366663,1187.6989464401065,1491.5399963378907,1547.96150390625,1522.2114233398438,1564.989517211914,1498.8563297904752,1506.7111698873487,50.24177944001143,-7.854840096873431,-11.087347236774658,3.2325071399012266,40.734859587516695,53.59642696673328,0.05945119210939478,[],[],1581970.5,2279980.0,Decreasing,Strong Downtrend
POWERGRID,POWERGRID,0.0,55.65,59.0,38.22,SELL,Strong Sell,Positive,3,275.25,0.2914876142782852,-2.8586574656915498,,,355.35694963907457,246.2353454650596,284.0479034423828,290.01845703125,293.94526733398436,293.4063508605957,281.61306785351127,285.0969754891552,32.35229422940621,-3.483907635643959,-2.5383940216849616,-0.9455136139589975,10.295610260674644,11.11843264446236,0.06043996870064325,[],[],9551159.45,12841075.0,Increasing,Strong Downtrend
IOC,IOC,0.0,55.03,59.0,38.01,SELL,Strong Sell,Positive,3,136.6199951171875,-1.3502854370735617,-2.3794225821142545,,,180.1036143657791,108.37539827234785,139.91421508789062,143.22765197753907,140.2879231262207,133.86109870910644,139.59538239963257,140.9473376643709,36.8923834859619,-1.3519552647383364,-1.0702857300435757,-0.28166953469476064,12.39676220610958,22.710018067368626,0.046760230010531874,[],[],8659838.8,10577763.0,Decreasing,Sideways
BHARTIARTL,BHARTIARTL,0.0,54.9,59.0,37.97,SELL,Strong Sell,Positive,3,1888.800048828125,0.4093388624806682,-2.301763765380016,,,2028.8391163856081,1498.472903016313,1899.7100036621093,1929.2031909179686,1877.4463061523438,1746.4469189453125,1902.3875821176753,1906.0694907221919,59.986791869410666,-3.681908604516593,-3.4308377773882355,-0.2510708271283577,43.11698303877998,49.344925657259516,0.05958102087455281,[],[],9113315.3,4339042.0,Decreasing,Sideways
ADANIPORTS,ADANIPORTS,0.0,54.77,59.0,37.92,SELL,Strong Sell,Positive,3,1312.800048828125,-0.1976566472313701,-2.117499506239584,,,1492.2399519265955,990.8294504575306,1339.5500061035157,1388.3,1360.1653271484374,1259.356640625,1332.3618725051235,1351.659964122921,46.640979897369434,-19.29809161779758,-18.431076540039058,-0.8670150777585235,27.529613337024795,29.77058854044164,0.07275544107162175,[],[],2139532.5,1592903.0,Decreasing,Sideways
HCLTECH,HCLTECH,0.0,51.54,59.0,36.85,SELL,Strong Sell,Positive,3,1454.800048828125,0.3448751435787045,-0.7842869547191822,,,1960.5729817705587,1277.8815451777873,1480.645001220703,1559.0244189453124,1570.7954235839843,1648.8128875732423,1479.3502180356531,1498.4024023794811,44.70351671740045,-19.052184343828003,-21.595874718985563,2.54369037515756,24.571422702709157,39.298344099304806,0.04560139068390987,[],[],3062994.8,3404604.0,Decreasing,Strong Downtrend
NTPC,NTPC,0.0,48.77,59.0,35.92,SELL,Strong Sell,Positive,3,327.54998779296875,-0.9824667835338641,-2.804157924935091,,,442.2557615548011,292.79998779296875,335.0074996948242,336.6760015869141,340.60800079345705,338.32922119140625,334.1867170804726,335.51233914855374,39.25373270294153,-1.3256220680811452,-0.46540642342406147,-0.8602156446570838,15.189774248059871,25.945600432226986,0.04777947917922195,[],[],8960352.85,11813425.0,Decreasing,Strong Downtrend
BAJAJFINSV,BAJAJFINSV,0.0,48.71,59.0,35.9,SELL,Strong Sell,Positive,3,1913.5,-0.21380765739135166,-2.665447060548276,,,2133.960243351952,1550.8944651219051,1936.5099975585938,1983.8140405273436,1996.2272106933594,1868.7466778564453,1938.602532909679,1952.7589687626323,48.743951632427105,-14.156435852953337,-13.195235237904093,-0.9612006150492434,21.0283408334731,27.46986068319119,0.05405181328627727,[],[],1011261.8,735268.0,Decreasing,Sideways
ITC,ITC,0.0,48.65,59.0,35.88,SELL,Strong Sell,Positive,3,409.75,2.207534606698136,2.8747207024728327,,,510.8746874239907,383.09149195819776,409.41500091552734,413.367001953125,416.86344055175783,422.3276890563965,405.96461289830984,409.06452453119823,44.45742219993847,-3.099911632888393,-2.9234586387013173,-0.1764529941870756,35.73957974271054,28.96912301981202,0.05983488279795236,[],[],13500318.05,25255050.0,Decreasing,Downtrend
SUNPHARMA,SUNPHARMA,0.0,46.45,59.0,35.15,SELL,Strong Sell,Positive,3,1594.5,0.5549630509619208,-2.8809871739184367,,,1942.2128402851918,1547.9543734723854,1620.3799926757813,1658.0270434570311,1685.8295043945313,1714.1243035888672,1617.5485966221909,1634.2261310985568,52.120528035629256,-16.677534476365963,-13.948225234503473,-2.72930924186249,27.058884636805686,36.37377913193304,0.0548415059264718,[],[],2580281.05,3176534.0,Increasing,Strong Downtrend
HDFC,HDFC,0.0,0.0,59.0,19.67,SELL,Strong Sell,Positive,3,,,,,,,,,,,,,,,,,,,,,,,,,,
