symbol,entry_date,entry_price,exit_date,exit_price,pnl_pct,max_gain_pct,exit_reason,price,dist_20d,rsi,vol_ratio_10_50,range5_pct,ret_20d,bb_width,month
360ONE,2026-05-12,1078.1,2026-05-19,1098.4,1.88,4.21,hold_expiry,1078.0999755859375,5.0,58.6,0.98,5.57,2.69,11.31,2026-05
360ONE,2026-05-22,1112.4,2026-06-01,1078.8,-3.02,3.56,hold_expiry,1112.4000244140625,1.98,64.6,0.57,6.02,6.75,10.95,2026-05
3MINDIA,2026-02-26,36455.0,2026-03-04,34632.25,-5.0,3.69,stop_loss,36455.0,4.14,57.4,0.9,3.36,6.0,10.58,2026-02
ABB,2026-03-20,6271.35,2026-03-23,5957.78,-5.0,0.0,stop_loss,6271.3505859375,3.92,57.5,1.0,4.13,5.18,11.07,2026-03
ABB,2026-03-27,6080.13,2026-04-07,6243.46,2.69,2.87,hold_expiry,6080.1328125,6.85,51.4,0.84,6.78,-0.46,10.28,2026-03
ACC,2026-05-26,1412.6,2026-06-01,1360.0,-3.72,1.48,hold_expiry,1412.5999755859375,3.08,49.6,0.64,5.76,-1.67,8.08,2026-05
ACMESOLAR,2026-02-23,231.49,2026-03-02,219.92,-5.0,2.73,stop_loss,231.49000549316406,3.75,60.8,0.7,6.41,11.82,13.31,2026-02
AIAENG,2026-02-19,3960.2,2026-02-26,3921.3,-0.98,0.92,hold_expiry,3960.199951171875,5.85,48.6,0.69,5.89,5.37,10.5,2026-02
AIAENG,2026-05-05,3876.4,2026-05-12,3749.8,-3.27,4.48,hold_expiry,3876.39990234375,5.68,54.7,0.46,5.46,5.32,14.28,2026-05
AIAENG,2026-05-19,4002.6,2026-05-26,4143.4,3.52,4.78,hold_expiry,4002.60009765625,2.61,50.6,0.35,7.27,-0.11,8.85,2026-05
APLAPOLLO,2026-02-23,2191.5,2026-03-02,2222.3,1.41,2.79,hold_expiry,2191.5,4.78,59.2,0.95,4.15,6.35,13.73,2026-02
APLAPOLLO,2026-04-17,2105.7,2026-04-24,2000.41,-5.0,3.2,stop_loss,2105.699951171875,0.58,61.7,0.9,7.24,7.13,12.55,2026-04
AUBANK,2026-02-18,1022.05,2026-02-23,970.95,-5.0,1.68,stop_loss,1022.0499877929688,0.53,61.8,0.81,4.47,2.73,6.57,2026-02
AUBANK,2026-05-06,1024.0,2026-05-13,994.8,-2.85,2.76,hold_expiry,1024.0,5.15,62.7,0.82,3.73,5.81,11.67,2026-05
AUBANK,2026-05-26,1011.8,2026-06-01,969.15,-4.22,1.3,hold_expiry,1011.7999877929688,3.85,46.9,0.64,7.44,-0.57,9.11,2026-05
AWL,2026-04-21,188.49,2026-04-28,204.91,8.71,11.25,hold_expiry,188.49000549316406,3.83,54.0,0.93,5.43,6.93,9.1,2026-04
AWL,2026-05-19,202.17,2026-05-26,193.06,-4.51,0.0,hold_expiry,202.1699981689453,6.41,52.3,0.56,5.57,1.29,8.96,2026-05
AADHARHFC,2026-04-15,480.65,2026-04-22,489.5,1.84,5.42,hold_expiry,480.6499938964844,0.63,62.1,0.81,5.06,4.55,11.2,2026-04
AADHARHFC,2026-04-29,488.75,2026-05-06,500.1,2.32,7.01,hold_expiry,488.75,3.54,59.6,0.87,3.44,8.89,14.94,2026-04
AADHARHFC,2026-05-11,498.9,2026-05-14,473.95,-5.0,0.0,stop_loss,498.8999938964844,4.61,53.2,0.92,6.21,6.24,7.98,2026-05
AARTIIND,2026-04-15,431.7,2026-04-22,470.4,8.96,9.47,hold_expiry,431.70001220703125,3.63,51.7,0.91,5.8,2.6,9.82,2026-04
AARTIIND,2026-05-27,500.75,2026-05-29,475.71,-5.0,0.13,stop_loss,500.75,4.27,56.6,0.63,7.67,-1.33,13.14,2026-05
AAVAS,2026-05-22,1396.9,2026-05-29,1327.06,-5.0,1.42,stop_loss,1396.9000244140625,6.56,52.4,0.4,7.02,0.87,8.53,2026-05
ABBOTINDIA,2026-05-26,27610.0,2026-06-01,26840.0,-2.79,0.85,hold_expiry,27610.0,2.37,64.5,0.82,2.94,8.38,14.77,2026-05
ACE,2026-05-07,905.55,2026-05-08,860.27,-5.0,6.76,stop_loss,905.5499877929688,5.16,45.9,0.79,3.98,4.59,7.09,2026-05
ACE,2026-05-27,906.25,2026-06-01,874.4,-3.51,2.21,hold_expiry,906.25,6.26,50.2,0.74,6.27,2.1,7.74,2026-05
ADANIENSOL,2026-02-27,1011.55,2026-03-02,960.97,-5.0,0.0,stop_loss,1011.5499877929688,3.83,45.8,0.83,5.91,14.35,13.31,2026-02
ADANIENSOL,2026-03-10,1013.6,2026-03-17,1000.6,-1.28,1.78,hold_expiry,1013.5999755859375,3.63,46.8,0.87,7.77,-0.31,8.54,2026-03
ADANIENSOL,2026-03-20,1009.9,2026-03-23,959.41,-5.0,0.0,stop_loss,1009.9000244140625,3.98,49.7,0.93,7.62,1.18,7.61,2026-03
ADANIENT,2026-02-25,2231.7,2026-03-02,2120.11,-5.0,0.03,stop_loss,2231.699951171875,2.46,49.4,0.93,4.01,10.52,14.31,2026-02
ADANIPORTS,2026-02-25,1528.7,2026-03-02,1452.26,-5.0,1.69,stop_loss,1528.699951171875,3.49,41.6,0.82,5.24,7.82,13.48,2026-02
ADANIPORTS,2026-05-21,1793.3,2026-05-29,1804.6,0.63,2.76,hold_expiry,1793.300048828125,1.68,66.0,0.94,4.56,13.13,14.55,2026-05
ADANIPOWER,2026-05-20,220.24,2026-05-27,248.91,13.02,14.72,hold_expiry,220.24000549316406,6.04,48.5,0.79,7.12,2.83,10.33,2026-05
ABCAPITAL,2026-05-04,345.85,2026-05-11,352.95,2.05,8.7,hold_expiry,345.8500061035156,4.06,57.7,0.67,6.83,11.1,12.9,2026-05
ABCAPITAL,2026-05-19,351.2,2026-05-26,363.05,3.37,4.3,hold_expiry,351.20001220703125,6.58,51.7,0.93,7.04,0.14,10.2,2026-05
ABCAPITAL,2026-05-29,363.3,2026-06-01,350.55,-3.51,1.24,hold_expiry,363.29998779296875,3.36,58.7,0.91,2.72,5.05,9.45,2026-05
ABFRL,2026-05-05,63.99,2026-05-12,62.4,-2.48,7.97,hold_expiry,63.9900016784668,3.92,50.6,0.84,6.46,10.98,14.65,2026-05
ABSLAMC,2026-05-12,1055.1,2026-05-18,1002.34,-5.0,2.0,stop_loss,1055.0999755859375,6.09,58.4,0.82,7.58,0.7,7.9,2026-05
AFCONS,2026-05-08,340.7,2026-05-15,336.5,-1.23,5.39,hold_expiry,340.70001220703125,6.91,53.8,0.56,6.82,4.86,12.88,2026-05
AFFLE,2026-04-28,1431.2,2026-05-05,1415.6,-1.09,3.12,hold_expiry,1431.199951171875,5.83,54.5,0.95,5.29,-1.03,5.78,2026-04
AJANTPHARM,2026-02-23,2978.4,2026-03-02,2967.8,-0.36,2.54,hold_expiry,2978.39990234375,0.44,66.1,0.74,3.16,10.38,12.54,2026-02
AJANTPHARM,2026-03-06,2992.0,2026-03-13,3030.6,1.29,7.89,hold_expiry,2992.0,2.03,58.6,0.81,7.2,4.88,6.15,2026-03
AJANTPHARM,2026-05-04,2900.7,2026-05-11,3064.2,5.64,7.39,hold_expiry,2900.699951171875,1.3,50.4,0.64,7.23,5.78,7.66,2026-05
AKUMS,2026-03-05,483.0,2026-03-09,458.85,-5.0,0.51,stop_loss,483.0,4.55,57.5,0.59,7.14,7.9,11.12,2026-03
AKUMS,2026-03-20,483.4,2026-03-30,459.23,-5.0,2.81,stop_loss,483.3999938964844,6.14,48.6,0.83,6.81,1.06,9.85,2026-03
AKUMS,2026-04-10,515.95,2026-04-20,533.3,3.36,7.96,hold_expiry,515.9500122070312,0.7,59.0,0.83,7.67,1.72,13.14,2026-04
AKUMS,2026-05-06,552.15,2026-05-12,524.54,-5.0,2.69,stop_loss,552.1500244140625,2.08,52.9,0.91,6.82,12.79,14.96,2026-05
ALIVUS,2026-02-27,911.8,2026-03-02,866.21,-5.0,0.79,stop_loss,911.7999877929688,6.96,42.3,0.93,5.79,-1.1,8.08,2026-02
ALIVUS,2026-03-16,925.45,2026-03-23,934.15,0.94,6.37,hold_expiry,925.4500122070312,3.31,57.5,0.86,5.37,2.68,7.74,2026-03
ALKEM,2026-04-17,5582.0,2026-04-24,5302.9,-5.0,2.74,stop_loss,5582.0,1.86,64.2,0.97,7.15,4.66,9.57,2026-04
ALKEM,2026-05-06,5557.0,2026-05-13,5462.5,-1.7,2.09,hold_expiry,5557.0,3.1,49.4,0.97,6.51,5.93,9.7,2026-05
ALKEM,2026-05-20,5436.5,2026-05-27,5451.5,0.28,3.08,hold_expiry,5436.5,4.17,52.7,0.62,4.61,-1.52,7.16,2026-05
ALOKINDS,2026-05-04,13.92,2026-05-11,14.06,1.01,4.17,hold_expiry,13.920000076293945,5.95,52.4,0.67,5.36,9.78,13.64,2026-05
ALOKINDS,2026-05-15,13.8,2026-05-18,13.11,-5.0,0.0,stop_loss,13.800000190734863,4.83,46.8,0.9,6.26,0.44,6.06,2026-05
AMBUJACEM,2026-05-26,449.7,2026-06-01,434.9,-3.29,2.74,hold_expiry,449.70001220703125,3.39,51.7,0.79,7.24,-1.08,7.01,2026-05
ANANDRATHI,2026-03-11,3119.08,2026-03-18,3057.9,-1.96,0.63,hold_expiry,3119.0810546875,3.57,67.9,0.84,4.38,3.58,9.22,2026-03
ANANDRATHI,2026-03-30,3029.46,2026-04-08,3391.85,11.96,12.35,hold_expiry,3029.456787109375,6.34,36.7,0.81,6.06,-1.32,9.97,2026-03
ANANDRATHI,2026-05-05,3605.73,2026-05-12,3522.89,-2.3,2.39,hold_expiry,3605.726318359375,3.27,53.2,0.78,3.46,10.05,12.55,2026-05
ANANDRATHI,2026-05-19,3566.7,2026-05-26,3587.2,0.57,3.17,hold_expiry,3566.699951171875,3.39,48.7,0.99,3.37,-1.99,3.02,2026-05
APARINDS,2026-05-14,12735.0,2026-05-18,12098.25,-5.0,2.27,stop_loss,12735.0,2.02,67.1,0.65,5.25,10.91,14.35,2026-05
APOLLOHOSP,2026-03-04,7666.0,2026-03-11,7684.0,0.23,2.66,hold_expiry,7666.0,2.6,63.2,0.98,5.28,7.87,12.84,2026-03
APOLLOHOSP,2026-03-16,7490.0,2026-03-23,7115.5,-5.0,1.54,stop_loss,7490.0,4.83,38.1,0.97,6.21,-1.68,5.02,2026-03
APOLLOHOSP,2026-04-13,7516.5,2026-04-21,7744.0,3.03,3.31,hold_expiry,7516.5,3.01,59.8,0.99,4.78,-0.77,6.29,2026-04
APOLLOHOSP,2026-04-29,7709.0,2026-05-06,7760.5,0.67,1.38,hold_expiry,7709.0,2.15,64.5,0.87,3.65,3.91,9.02,2026-04
APOLLOHOSP,2026-05-11,8082.0,2026-05-18,8020.5,-0.76,1.21,hold_expiry,8082.0,0.76,66.4,0.91,6.07,7.52,7.46,2026-05
ASHOKLEY,2026-02-25,211.61,2026-03-02,201.03,-5.0,1.18,stop_loss,211.61000061035156,1.77,62.5,0.89,5.89,9.04,10.66,2026-02
ASIANPAINT,2026-05-06,2519.0,2026-05-13,2617.6,3.91,4.9,hold_expiry,2519.0,2.44,61.2,0.54,6.02,10.37,12.87,2026-05
ASIANPAINT,2026-05-26,2647.0,2026-06-01,2632.4,-0.55,4.98,hold_expiry,2647.0,1.38,65.9,0.93,4.77,8.16,12.23,2026-05
ASTERDM,2026-04-08,666.5,2026-04-16,674.35,1.18,3.41,hold_expiry,666.5,5.66,55.0,0.7,5.3,1.69,11.35,2026-04
ASTERDM,2026-04-21,679.75,2026-04-28,705.3,3.76,6.58,hold_expiry,679.75,3.79,54.5,0.53,3.24,7.31,12.62,2026-04
ASTERDM,2026-05-01,701.05,2026-05-08,742.4,5.9,9.84,hold_expiry,701.0499877929688,3.24,57.6,0.96,5.74,6.53,10.14,2026-05
ASTERDM,2026-05-22,756.6,2026-05-29,728.35,-3.73,1.58,hold_expiry,756.5999755859375,2.57,56.3,0.87,5.85,5.11,11.14,2026-05
ASTRAZEN,2026-02-19,8903.0,2026-02-26,8849.0,-0.61,0.52,hold_expiry,8903.0,3.44,65.0,0.9,4.28,6.66,10.71,2026-02
ASTRAZEN,2026-03-10,8815.5,2026-03-13,8374.73,-5.0,0.5,stop_loss,8815.5,4.39,42.7,0.46,4.42,-1.62,4.91,2026-03
ASTRAZEN,2026-05-07,8549.0,2026-05-14,8352.0,-2.3,1.42,hold_expiry,8549.0,3.94,51.7,0.75,7.06,6.19,8.49,2026-05
ASTRAZEN,2026-05-19,8695.5,2026-05-26,8962.5,3.07,5.23,hold_expiry,8695.5,0.46,59.9,0.6,6.13,3.03,7.32,2026-05
ATUL,2026-02-26,6528.5,2026-03-06,6415.0,-1.74,4.39,hold_expiry,6528.5,5.43,54.9,0.97,3.52,5.09,11.52,2026-02
ATUL,2026-04-10,6450.0,2026-04-20,6536.0,1.33,2.96,hold_expiry,6450.0,1.35,54.0,0.93,6.45,3.98,7.24,2026-04
ATUL,2026-04-23,6727.0,2026-04-30,6817.5,1.35,4.5,hold_expiry,6727.0,2.35,61.3,0.98,5.81,10.23,11.78,2026-04
ATUL,2026-05-11,6892.0,2026-05-18,6882.5,-0.14,3.6,hold_expiry,6892.0,4.01,64.8,0.83,4.51,9.25,12.21,2026-05
ATUL,2026-05-21,7057.0,2026-05-28,7002.5,-0.77,0.76,hold_expiry,7057.0,1.71,57.8,0.9,5.78,5.64,7.33,2026-05
AUROPHARMA,2026-03-09,1247.3,2026-03-16,1279.6,2.59,5.81,hold_expiry,1247.300048828125,0.36,65.0,0.95,6.1,3.62,11.64,2026-03
AUROPHARMA,2026-03-23,1278.7,2026-04-01,1342.1,4.96,6.35,hold_expiry,1278.699951171875,3.11,62.9,0.95,4.76,11.13,14.91,2026-03
AUROPHARMA,2026-04-07,1330.0,2026-04-15,1373.9,3.3,3.7,hold_expiry,1330.0,2.2,57.4,0.99,7.41,7.96,9.52,2026-04
AUROPHARMA,2026-04-20,1367.8,2026-04-27,1416.7,3.58,6.7,hold_expiry,1367.800048828125,1.94,67.3,0.84,4.64,7.79,11.71,2026-04
AUROPHARMA,2026-04-30,1389.5,2026-05-07,1478.7,6.42,7.84,hold_expiry,1389.5,4.8,61.4,0.76,4.89,3.53,10.16,2026-04
AUROPHARMA,2026-05-12,1488.2,2026-05-19,1512.8,1.65,2.81,hold_expiry,1488.199951171875,1.67,65.6,0.77,6.12,8.32,11.87,2026-05
AUROPHARMA,2026-05-22,1463.5,2026-06-01,1433.7,-2.04,0.65,hold_expiry,1463.5,5.58,65.2,0.89,7.21,3.3,13.98,2026-05
AIIL,2026-05-20,507.85,2026-05-27,482.46,-5.0,5.19,stop_loss,507.8500061035156,2.79,62.8,0.55,6.72,1.22,12.38,2026-05
DMART,2026-02-19,3834.1,2026-02-26,3865.6,0.82,2.91,hold_expiry,3834.10009765625,4.91,60.7,0.57,3.36,2.95,12.41,2026-02
DMART,2026-03-06,3875.8,2026-03-13,3834.3,-1.07,4.65,hold_expiry,3875.800048828125,3.88,46.5,0.89,5.51,-0.36,6.23,2026-03
DMART,2026-04-29,4593.4,2026-05-04,4363.73,-5.0,0.47,stop_loss,4593.39990234375,1.09,65.5,0.76,5.07,16.09,13.61,2026-04
DMART,2026-05-08,4402.1,2026-05-15,4358.7,-0.99,0.67,hold_expiry,4402.10009765625,5.21,35.3,0.68,6.55,0.03,8.01,2026-05
AXISBANK,2026-02-18,1377.0,2026-02-25,1403.0,1.89,1.98,hold_expiry,1377.0,2.91,52.8,0.79,4.74,7.17,9.04,2026-02
AXISBANK,2026-03-02,1372.3,2026-03-09,1303.69,-5.0,0.0,stop_loss,1372.300048828125,3.24,54.6,0.89,3.85,1.19,6.39,2026-03
AXISBANK,2026-05-25,1311.2,2026-06-01,1275.9,-2.69,0.44,hold_expiry,1311.199951171875,0.77,65.0,0.77,7.17,1.72,6.51,2026-05
BASF,2026-05-04,3649.4,2026-05-11,3872.9,6.12,12.07,hold_expiry,3649.39990234375,3.68,56.9,0.55,5.03,10.88,13.04,2026-05
BLS,2026-05-07,291.9,2026-05-12,277.3,-5.0,1.13,stop_loss,291.8999938964844,5.53,44.7,0.17,7.36,1.74,9.98,2026-05
BSE,2026-03-16,2862.6,2026-03-23,2719.47,-5.0,5.11,stop_loss,2862.60009765625,1.2,60.4,0.93,4.33,2.07,9.33,2026-03
BAJAJ-AUTO,2026-02-19,9593.98,2026-02-26,9969.69,3.92,4.71,hold_expiry,9593.9814453125,3.29,54.6,0.8,4.43,3.83,6.95,2026-02
BAJAJ-AUTO,2026-03-04,9518.54,2026-03-11,9198.05,-3.37,2.4,hold_expiry,9518.54296875,5.25,43.6,0.92,7.05,0.14,6.48,2026-03
BAJAJ-AUTO,2026-05-01,9855.3,2026-05-08,10562.85,7.18,7.91,hold_expiry,9855.3037109375,0.51,57.5,0.98,7.38,14.11,14.05,2026-05
BAJAJ-AUTO,2026-05-21,10518.96,2026-05-28,10658.5,1.33,1.57,hold_expiry,10518.9638671875,1.09,65.0,0.84,6.51,11.39,14.9,2026-05
BAJFINANCE,2026-02-27,995.9,2026-03-04,946.11,-5.0,0.0,stop_loss,995.9000244140625,4.79,54.1,0.81,5.33,10.2,13.14,2026-02
BAJFINANCE,2026-05-01,937.0,2026-05-08,955.35,1.96,5.9,hold_expiry,937.0,3.9,55.2,0.84,7.34,13.32,13.44,2026-05
BAJFINANCE,2026-05-19,923.55,2026-05-26,930.2,0.72,2.69,hold_expiry,923.5499877929688,6.92,48.1,0.71,4.61,-1.2,9.48,2026-05
BAJAJFINSV,2026-02-19,2033.2,2026-02-26,2041.3,0.4,2.05,hold_expiry,2033.199951171875,1.68,65.4,0.63,2.75,2.01,8.86,2026-02
BAJAJFINSV,2026-05-06,1836.1,2026-05-12,1744.29,-5.0,0.74,stop_loss,1836.0999755859375,1.28,51.3,0.84,6.99,2.89,7.4,2026-05
BAJAJFINSV,2026-05-20,1772.0,2026-05-27,1809.1,2.09,2.45,hold_expiry,1772.0,4.2,54.6,0.78,5.09,-1.15,6.98,2026-05
BAJAJHLDNG,2026-02-19,11188.0,2026-02-26,10951.0,-2.12,3.97,hold_expiry,11188.0,2.37,61.6,0.71,5.91,4.22,8.05,2026-02
BAJAJHLDNG,2026-05-07,10597.0,2026-05-12,10067.15,-5.0,2.29,stop_loss,10597.0,1.92,63.8,0.76,5.6,6.91,7.72,2026-05
BAJAJHLDNG,2026-05-21,10402.0,2026-05-28,10556.0,1.48,5.09,hold_expiry,10402.0,4.04,53.9,0.86,5.79,1.39,5.97,2026-05
BAJAJHFL,2026-05-06,86.97,2026-05-13,85.22,-2.01,2.56,hold_expiry,86.97000122070312,6.48,42.9,0.72,2.54,2.94,10.7,2026-05
BAJAJHFL,2026-05-27,86.02,2026-06-01,84.05,-2.29,0.51,hold_expiry,86.0199966430664,3.57,41.6,0.52,5.87,-1.33,8.32,2026-05
BALKRISIND,2026-05-07,2258.4,2026-05-12,2145.48,-5.0,1.84,stop_loss,2258.39990234375,4.51,40.0,0.63,6.87,1.61,9.49,2026-05
BALKRISIND,2026-05-27,2194.7,2026-06-01,2167.7,-1.23,7.14,hold_expiry,2194.699951171875,4.58,42.9,0.73,3.64,-0.24,8.34,2026-05
BALRAMCHIN,2026-02-26,461.3,2026-03-06,480.95,4.26,9.09,hold_expiry,461.29998779296875,2.88,59.3,0.95,3.96,9.74,13.01,2026-02
BALRAMCHIN,2026-04-15,485.35,2026-04-22,541.55,11.58,12.18,hold_expiry,485.3500061035156,5.57,49.7,0.85,6.12,-0.13,8.15,2026-04
BALRAMCHIN,2026-05-11,525.4,2026-05-18,541.1,2.99,6.95,hold_expiry,525.4000244140625,4.94,57.6,0.83,4.89,10.49,14.41,2026-05
BALRAMCHIN,2026-05-21,537.45,2026-05-28,530.2,-1.35,0.79,hold_expiry,537.4500122070312,4.61,58.9,0.94,7.29,4.14,8.82,2026-05
BANDHANBNK,2026-06-01,207.14,2026-06-01,207.14,0.0,0.0,hold_expiry,207.13999938964844,2.51,65.7,0.75,7.86,0.34,13.21,2026-06
BANKBARODA,2026-05-28,270.95,2026-06-01,264.35,-2.44,1.13,hold_expiry,270.95001220703125,1.2,59.1,0.91,4.38,2.84,6.18,2026-05
BANKINDIA,2026-03-02,166.85,2026-03-04,158.51,-5.0,0.0,stop_loss,166.84970092773438,3.4,57.2,0.93,4.87,9.04,13.19,2026-03
BANKINDIA,2026-05-25,141.39,2026-06-01,136.74,-3.29,1.96,hold_expiry,141.3913116455078,0.84,61.8,0.89,7.33,1.22,6.46,2026-05
MAHABANK,2026-02-18,68.99,2026-02-25,74.08,7.38,8.42,hold_expiry,68.98999786376953,0.32,60.6,0.8,7.7,7.98,9.14,2026-02
MAHABANK,2026-05-22,80.04,2026-05-29,79.27,-0.96,2.7,hold_expiry,80.04000091552734,6.82,52.0,0.59,5.58,0.36,10.84,2026-05
BATAINDIA,2026-05-06,724.95,2026-05-13,701.3,-3.26,1.46,hold_expiry,724.9500122070312,6.94,38.7,0.62,2.49,2.95,10.93,2026-05
BAYERCROP,2026-02-25,4727.9,2026-03-04,4491.5,-5.0,0.8,stop_loss,4727.89990234375,4.81,65.6,0.97,2.93,8.38,13.75,2026-02
BAYERCROP,2026-04-08,4811.1,2026-04-16,4931.1,2.49,5.24,hold_expiry,4811.10009765625,0.18,62.2,0.96,5.15,7.78,9.66,2026-04
BAYERCROP,2026-04-21,4822.7,2026-04-28,4600.4,-4.61,0.85,hold_expiry,4822.7001953125,4.75,68.0,0.95,5.15,7.94,13.4,2026-04
BAYERCROP,2026-05-01,4764.1,2026-05-08,4610.0,-3.23,1.44,hold_expiry,4764.10009765625,5.9,47.2,0.6,4.89,0.09,8.54,2026-05
BERGEPAINT,2026-05-04,470.3,2026-05-11,493.85,5.01,10.98,hold_expiry,470.29998779296875,4.02,55.9,0.36,5.36,9.12,14.4,2026-05
BERGEPAINT,2026-06-01,512.9,2026-06-01,512.9,0.0,0.0,hold_expiry,512.9000244140625,5.08,58.4,0.58,7.07,8.99,13.88,2026-06
BDL,2026-05-05,1398.6,2026-05-12,1328.67,-5.0,5.91,stop_loss,1398.5999755859375,3.59,61.0,0.75,6.45,13.16,12.42,2026-05
BEL,2026-02-18,445.8,2026-02-25,437.44,-1.88,0.35,hold_expiry,445.8021545410156,2.67,52.7,0.76,5.69,11.19,12.33,2026-02
BEL,2026-03-02,452.03,2026-03-10,463.35,2.51,4.74,hold_expiry,452.0256652832031,1.32,60.5,0.9,6.12,3.42,5.4,2026-03
BEL,2026-04-15,447.65,2026-04-22,448.7,0.23,3.74,hold_expiry,447.6499938964844,1.05,61.7,0.9,5.82,1.88,13.13,2026-04
BHARATFORG,2026-04-15,1831.6,2026-04-22,1903.2,3.91,5.1,hold_expiry,1831.5999755859375,0.96,61.6,0.84,7.74,9.34,13.14,2026-04
BHARATFORG,2026-05-05,1866.6,2026-05-12,1913.0,2.49,9.5,hold_expiry,1866.5999755859375,4.27,56.6,0.75,7.24,11.69,13.16,2026-05
BHARATFORG,2026-05-25,1918.3,2026-06-01,1922.7,0.23,2.7,hold_expiry,1918.300048828125,6.15,56.5,0.66,6.31,1.24,9.0,2026-05
BHEL,2026-03-20,262.05,2026-03-30,248.95,-5.0,1.81,stop_loss,262.04998779296875,3.07,48.4,0.59,6.95,1.85,7.33,2026-03
BHEL,2026-05-29,416.75,2026-06-01,404.8,-2.87,0.25,hold_expiry,416.75,1.92,59.0,0.55,3.65,10.53,13.59,2026-05
BPCL,2026-02-23,372.1,2026-03-02,374.8,0.73,4.78,hold_expiry,372.1000061035156,4.99,48.9,0.71,5.27,7.05,13.15,2026-02
BPCL,2026-05-27,307.15,2026-05-29,291.79,-5.0,1.58,stop_loss,307.1499938964844,3.09,49.7,0.74,5.97,2.23,11.51,2026-05
BHARTIARTL,2026-04-29,1888.1,2026-05-06,1833.7,-2.88,0.95,hold_expiry,1888.0999755859375,0.65,56.7,0.91,5.15,5.93,6.7,2026-04
BHARTIARTL,2026-05-28,1852.2,2026-06-01,1810.6,-2.25,0.42,hold_expiry,1852.199951171875,5.2,52.4,0.81,3.05,-1.83,10.69,2026-05
BHARTIHEXA,2026-05-21,1568.9,2026-05-29,1490.46,-5.0,1.24,stop_loss,1568.9000244140625,3.33,58.3,0.87,7.84,2.33,11.17,2026-05
BIKAJI,2026-04-08,639.65,2026-04-16,641.8,0.34,1.4,hold_expiry,639.6500244140625,0.98,56.5,0.89,6.01,5.58,6.03,2026-04
BIKAJI,2026-05-07,674.3,2026-05-14,640.58,-5.0,0.62,stop_loss,674.2999877929688,4.86,59.1,0.86,3.1,5.42,11.49,2026-05
BIKAJI,2026-05-19,678.25,2026-05-22,644.34,-5.0,1.58,stop_loss,678.25,4.3,52.1,0.91,7.08,2.37,7.65,2026-05
BSOFT,2026-05-06,372.5,2026-05-11,353.88,-5.0,2.54,stop_loss,372.5,6.84,38.1,0.38,4.24,0.53,9.76,2026-05
BLUEDART,2026-02-19,5667.5,2026-02-26,5612.0,-0.98,0.39,hold_expiry,5667.5,4.41,61.1,0.29,4.4,6.39,14.23,2026-02
BLUEDART,2026-05-08,5682.0,2026-05-11,5397.9,-5.0,0.0,stop_loss,5682.0,1.62,64.9,0.81,6.31,9.89,12.37,2026-05
BLUESTARCO,2026-02-26,1964.9,2026-03-02,1866.66,-5.0,0.16,stop_loss,1964.9000244140625,3.19,65.2,0.86,3.26,8.15,12.73,2026-02
BBTC,2026-05-06,1553.5,2026-05-12,1475.82,-5.0,3.69,stop_loss,1553.5,0.77,59.9,0.77,5.78,5.47,7.63,2026-05
BBTC,2026-05-22,1533.7,2026-06-01,1505.3,-1.85,1.19,hold_expiry,1533.699951171875,4.79,51.1,0.75,4.47,1.42,6.38,2026-05
BOSCHLTD,2026-02-25,36570.0,2026-03-04,34741.5,-5.0,0.72,stop_loss,36570.0,5.31,52.6,0.67,7.85,1.54,7.6,2026-02
BOSCHLTD,2026-05-05,35870.0,2026-05-12,36510.0,1.78,8.32,hold_expiry,35870.0,6.58,42.6,0.69,5.89,7.2,13.95,2026-05
BOSCHLTD,2026-05-15,37740.0,2026-05-21,35853.0,-5.0,0.0,stop_loss,37740.0,2.87,56.9,0.68,5.42,0.63,8.13,2026-05
BRIGADE,2026-05-07,773.15,2026-05-12,734.49,-5.0,0.5,stop_loss,773.1500244140625,5.25,53.9,0.3,6.34,10.28,14.95,2026-05
BRITANNIA,2026-02-19,6108.5,2026-02-26,6137.0,0.47,1.64,hold_expiry,6108.5,1.44,65.5,0.97,3.91,2.98,8.76,2026-02
BRITANNIA,2026-03-06,5983.0,2026-03-13,5808.5,-2.92,0.2,hold_expiry,5983.0,3.63,50.2,0.87,5.08,1.22,7.09,2026-03
BRITANNIA,2026-05-04,5792.5,2026-05-11,5502.88,-5.0,1.71,stop_loss,5792.5,2.22,61.6,0.98,3.2,4.65,6.67,2026-05
MAPMYINDIA,2026-05-06,952.5,2026-05-13,1025.75,7.69,18.31,hold_expiry,952.5,2.75,53.9,0.54,6.24,7.79,7.3,2026-05
CCL,2026-03-10,1045.7,2026-03-17,1038.8,-0.66,1.99,hold_expiry,1045.699951171875,2.63,59.1,0.95,7.51,1.42,7.5,2026-03
CCL,2026-03-24,1080.8,2026-03-30,1026.76,-5.0,2.59,stop_loss,1080.800048828125,2.19,64.2,0.9,7.32,1.79,8.34,2026-03
CCL,2026-04-21,1113.1,2026-04-28,1103.2,-0.89,3.0,hold_expiry,1113.0999755859375,5.92,59.5,0.99,6.86,7.62,9.68,2026-04
CCL,2026-05-01,1135.1,2026-05-08,1123.1,-1.06,7.26,hold_expiry,1135.0999755859375,4.06,63.6,0.67,5.12,3.85,8.04,2026-05
CESC,2026-02-25,160.06,2026-03-02,152.06,-5.0,1.19,stop_loss,160.05999755859375,0.58,61.0,0.8,6.91,9.76,10.3,2026-02
CESC,2026-04-06,154.01,2026-04-13,160.83,4.43,6.91,hold_expiry,154.00999450683594,7.0,37.5,0.66,4.91,-0.98,7.66,2026-04
CGPOWER,2026-03-02,711.85,2026-03-10,728.2,2.3,2.82,hold_expiry,711.8499755859375,2.98,62.5,0.68,6.5,7.6,11.91,2026-03
CGPOWER,2026-04-15,748.0,2026-04-22,824.35,10.21,11.63,hold_expiry,748.0,0.27,65.3,0.89,6.35,5.37,14.16,2026-04
CRISIL,2026-02-20,4524.09,2026-02-27,4335.28,-4.17,1.82,hold_expiry,4524.09130859375,6.27,36.0,0.87,6.32,1.68,9.52,2026-02
CRISIL,2026-05-06,4155.4,2026-05-13,4027.2,-3.09,1.77,hold_expiry,4155.39990234375,6.72,53.0,0.87,5.42,8.09,13.99,2026-05
CAMPUS,2026-04-30,248.16,2026-05-07,249.26,0.44,1.94,hold_expiry,248.16000366210938,3.62,61.1,0.6,5.56,10.92,14.19,2026-04
CAMPUS,2026-05-12,243.61,2026-05-18,231.43,-5.0,0.76,stop_loss,243.61000061035156,5.38,40.9,0.55,6.74,-1.96,4.41,2026-05
CANBK,2026-02-24,157.03,2026-03-04,149.18,-5.0,3.73,stop_loss,157.02999877929688,2.34,66.5,0.94,6.53,-0.45,11.48,2026-02
CAPLIPOINT,2026-05-04,1736.3,2026-05-11,1853.3,6.74,8.56,hold_expiry,1736.300048828125,3.53,54.4,0.82,5.18,10.89,14.81,2026-05
CGCL,2026-02-18,178.52,2026-02-24,169.59,-5.0,0.83,stop_loss,178.52000427246094,1.32,49.1,0.62,4.47,6.29,9.25,2026-02
CGCL,2026-05-01,186.18,2026-05-08,197.97,6.33,10.05,hold_expiry,186.17999267578125,2.81,55.6,0.99,3.64,11.93,14.4,2026-05
CARBORUNIV,2026-02-25,833.9,2026-03-02,792.21,-5.0,0.73,stop_loss,833.9000244140625,3.57,62.7,0.95,4.19,3.88,13.43,2026-02
CASTROLIND,2026-02-18,182.96,2026-02-25,181.59,-0.75,0.99,hold_expiry,182.96478271484375,0.74,60.7,0.57,2.16,1.31,3.34,2026-02
CASTROLIND,2026-03-18,181.96,2026-03-24,172.87,-5.0,0.95,stop_loss,181.96365356445312,1.52,52.2,0.92,1.32,-0.55,1.82,2026-03
CASTROLIND,2026-04-16,180.58,2026-04-23,183.85,1.81,2.87,hold_expiry,180.5800018310547,1.7,57.3,0.72,2.81,-0.3,5.67,2026-04
CASTROLIND,2026-05-07,185.52,2026-05-14,181.78,-2.02,0.74,hold_expiry,185.52000427246094,1.42,66.1,0.81,2.37,3.4,5.05,2026-05
CASTROLIND,2026-05-19,183.02,2026-05-26,184.02,0.55,1.55,hold_expiry,183.02000427246094,2.75,42.4,0.7,1.55,-0.17,3.29,2026-05
CASTROLIND,2026-05-29,183.22,2026-06-01,183.97,0.41,1.52,hold_expiry,183.22000122070312,2.65,52.3,0.54,2.13,-1.38,3.55,2026-05
CEATLTD,2026-02-18,3875.7,2026-02-24,3681.91,-5.0,1.13,stop_loss,3875.699951171875,6.12,65.3,0.98,5.87,9.33,14.61,2026-02
CEATLTD,2026-04-16,3697.5,2026-04-23,3706.6,0.25,4.91,hold_expiry,3697.5,0.6,63.8,0.72,7.01,8.37,13.07,2026-04
CENTRALBK,2026-02-18,37.98,2026-02-25,39.6,4.27,5.83,hold_expiry,37.978084564208984,0.52,64.0,0.82,6.01,5.29,6.86,2026-02
CENTRALBK,2026-04-30,35.83,2026-05-07,36.64,2.25,2.5,hold_expiry,35.83320999145508,1.81,62.2,0.64,4.19,10.1,12.41,2026-04
CERA,2026-05-04,5300.5,2026-05-11,6152.0,16.06,16.45,hold_expiry,5300.5,4.48,54.9,0.66,3.67,10.69,13.83,2026-05
CHALET,2026-02-18,870.65,2026-02-25,827.12,-5.0,0.76,stop_loss,870.6500244140625,4.74,58.2,0.48,5.61,3.65,10.14,2026-02
CHALET,2026-05-06,788.15,2026-05-13,748.74,-5.0,1.24,stop_loss,788.1500244140625,3.89,56.2,0.89,7.1,2.88,9.1,2026-05
CHALET,2026-06-01,780.25,2026-06-01,780.25,0.0,0.0,hold_expiry,780.25,3.67,49.7,0.72,4.95,3.42,9.56,2026-06
CHAMBLFERT,2026-02-18,459.6,2026-02-25,458.95,-0.14,0.5,hold_expiry,459.6000061035156,2.0,61.7,1.0,5.26,9.29,11.57,2026-02
CHAMBLFERT,2026-04-10,456.7,2026-04-20,450.75,-1.3,1.95,hold_expiry,456.70001220703125,3.61,57.0,0.95,7.11,5.78,14.2,2026-04
CHAMBLFERT,2026-04-23,446.95,2026-04-30,438.05,-1.99,2.25,hold_expiry,446.95001220703125,5.67,50.7,0.78,3.76,7.96,12.97,2026-04
CHAMBLFERT,2026-05-05,442.55,2026-05-12,433.9,-1.95,3.98,hold_expiry,442.54998779296875,6.6,36.0,0.68,4.78,-1.4,6.27,2026-05
CHENNPETRO,2026-02-18,901.71,2026-02-25,909.64,0.88,2.76,hold_expiry,901.7066650390625,3.11,58.2,0.72,7.2,9.69,14.33,2026-02
CHOLAFIN,2026-02-18,1717.0,2026-02-25,1754.5,2.18,2.33,hold_expiry,1717.0,3.36,59.1,0.6,3.4,5.56,11.85,2026-02
CIPLA,2026-05-12,1292.3,2026-05-19,1409.8,9.09,11.78,hold_expiry,1292.300048828125,6.32,60.7,0.67,7.02,5.32,14.23,2026-05
CIPLA,2026-05-28,1418.2,2026-06-01,1390.3,-1.97,0.78,hold_expiry,1418.199951171875,1.82,63.7,0.57,2.87,8.29,13.71,2026-05
COALINDIA,2026-02-23,426.0,2026-03-02,426.25,0.06,3.2,hold_expiry,426.0,6.48,51.8,0.77,3.5,2.06,9.41,2026-02
COALINDIA,2026-04-27,452.5,2026-05-04,479.95,6.07,8.56,hold_expiry,452.5,2.66,45.2,0.87,4.55,1.98,7.64,2026-04
COALINDIA,2026-05-11,464.45,2026-05-18,462.1,-0.51,1.97,hold_expiry,464.45001220703125,5.46,63.6,0.98,6.0,6.75,14.75,2026-05
COALINDIA,2026-05-25,458.0,2026-05-27,435.1,-5.0,3.85,stop_loss,458.0,6.77,37.1,0.66,2.77,-1.93,7.73,2026-05
COLPAL,2026-02-18,2178.22,2026-02-25,2243.95,3.02,3.22,hold_expiry,2178.22216796875,0.17,67.0,0.71,5.1,3.81,5.0,2026-02
COLPAL,2026-05-11,2114.08,2026-05-18,2126.14,0.57,1.26,hold_expiry,2114.078369140625,3.03,54.5,0.68,3.45,11.64,14.58,2026-05
COLPAL,2026-05-21,2139.68,2026-05-26,2032.69,-5.0,1.42,stop_loss,2139.676513671875,2.64,60.7,0.68,5.21,-0.29,5.25,2026-05
CAMS,2026-02-18,736.95,2026-02-25,713.75,-3.15,0.03,hold_expiry,736.9500122070312,1.54,61.8,0.76,4.82,5.71,11.38,2026-02
CAMS,2026-05-29,791.5,2026-06-01,769.5,-2.78,0.31,hold_expiry,791.5,6.32,39.0,0.71,6.24,8.3,12.66,2026-05
CONCORDBIO,2026-05-22,1153.3,2026-05-29,1095.64,-5.0,2.32,stop_loss,1153.300048828125,6.55,43.1,0.51,7.05,9.02,14.35,2026-05
CONCOR,2026-05-06,524.2,2026-05-13,519.85,-0.83,2.44,hold_expiry,524.2000122070312,0.53,65.5,0.69,4.15,10.66,11.13,2026-05
CONCOR,2026-05-18,501.95,2026-05-25,512.05,2.01,2.3,hold_expiry,501.95001220703125,6.53,44.8,0.8,6.08,-0.45,7.05,2026-05
COROMANDEL,2026-02-18,2358.6,2026-02-25,2311.0,-2.02,0.0,hold_expiry,2358.60009765625,1.68,65.4,0.85,7.53,4.7,6.51,2026-02
CRAFTSMAN,2026-02-23,8009.0,2026-02-25,7608.55,-5.0,0.0,stop_loss,8009.0,2.57,62.5,0.84,5.56,5.79,11.63,2026-02
CRAFTSMAN,2026-05-06,7774.5,2026-05-13,8584.5,10.42,25.26,hold_expiry,7774.5,2.0,65.4,0.59,4.64,15.27,12.43,2026-05
CREDITACC,2026-02-25,1306.3,2026-02-27,1240.99,-5.0,3.27,stop_loss,1306.300048828125,6.73,56.0,0.19,5.27,3.02,7.34,2026-02
CREDITACC,2026-04-23,1241.9,2026-04-30,1300.1,4.69,7.16,hold_expiry,1241.9000244140625,4.32,64.4,0.66,5.14,9.43,13.53,2026-04
CUMMINSIND,2026-05-11,5238.5,2026-05-18,5298.5,1.15,3.66,hold_expiry,5238.5,4.24,59.8,0.49,5.38,4.95,8.72,2026-05
CUMMINSIND,2026-05-21,5390.0,2026-05-29,5881.0,9.11,13.17,hold_expiry,5390.0,1.47,56.4,0.6,5.23,3.02,5.49,2026-05
CYIENT,2026-05-21,902.25,2026-05-28,917.5,1.69,3.3,hold_expiry,902.25,3.71,60.0,0.7,6.79,3.34,8.75,2026-05
DLF,2026-05-05,597.3,2026-05-12,567.43,-5.0,3.8,stop_loss,597.2999877929688,2.85,54.4,0.58,5.54,11.83,12.27,2026-05
DLF,2026-05-20,583.3,2026-05-27,593.9,1.82,2.97,hold_expiry,583.2999877929688,5.92,48.8,0.83,6.26,-1.6,9.49,2026-05
DOMS,2026-04-16,2383.1,2026-04-23,2380.5,-0.11,2.18,hold_expiry,2383.10009765625,2.11,67.3,0.2,4.33,11.38,14.51,2026-04
DOMS,2026-04-29,2298.0,2026-05-07,2356.8,2.56,3.74,hold_expiry,2298.0,5.63,38.3,0.25,6.77,-0.02,6.49,2026-04
DABUR,2026-02-18,510.6,2026-02-25,518.65,1.58,2.58,hold_expiry,510.6000061035156,4.2,50.1,0.87,4.33,-1.08,5.77,2026-02
DABUR,2026-05-05,460.55,2026-05-12,473.25,2.76,6.5,hold_expiry,460.54998779296875,0.96,64.9,0.67,4.96,11.18,11.95,2026-05
DALBHARAT,2026-04-27,1972.7,2026-05-05,1968.1,-0.23,1.77,hold_expiry,1972.699951171875,1.58,65.3,0.92,4.44,4.71,14.74,2026-04
DEEPAKNTR,2026-02-18,1644.7,2026-02-25,1581.7,-3.83,1.52,hold_expiry,1644.699951171875,5.41,57.9,0.7,6.65,3.39,10.05,2026-02
DELHIVERY,2026-02-24,436.75,2026-03-02,414.91,-5.0,2.28,stop_loss,436.75,4.81,41.4,0.95,3.23,7.11,9.71,2026-02
DELHIVERY,2026-04-06,435.9,2026-04-13,465.3,6.74,8.96,hold_expiry,435.8999938964844,1.16,61.5,0.99,7.18,1.82,9.67,2026-04
DELHIVERY,2026-05-14,470.3,2026-05-18,446.78,-5.0,2.81,stop_loss,470.29998779296875,3.53,64.6,0.99,5.76,1.58,7.07,2026-05
DIVISLAB,2026-02-25,6395.5,2026-03-05,6364.5,-0.48,2.64,hold_expiry,6395.5,5.85,62.1,0.86,3.08,5.87,7.85,2026-02
DIVISLAB,2026-03-10,6372.0,2026-03-16,6053.4,-5.0,1.22,stop_loss,6372.0,6.2,64.0,0.8,4.95,3.18,5.9,2026-03
DIVISLAB,2026-04-17,6229.0,2026-04-24,6361.5,2.13,3.86,hold_expiry,6229.0,1.52,62.2,0.92,6.64,2.34,8.62,2026-04
DIXON,2026-05-05,11253.0,2026-05-08,10690.35,-5.0,1.35,stop_loss,11253.0,3.61,54.3,0.81,6.07,11.23,12.99,2026-05
DIXON,2026-05-29,11524.0,2026-06-01,11463.0,-0.53,1.08,hold_expiry,11524.0,3.36,60.0,0.87,5.9,3.2,14.57,2026-05
LALPATHLAB,2026-02-25,1425.0,2026-03-04,1353.75,-5.0,0.23,stop_loss,1425.0,3.32,53.2,0.52,3.92,2.39,5.43,2026-02
DRREDDY,2026-02-18,1280.3,2026-02-25,1306.5,2.05,3.41,hold_expiry,1280.300048828125,0.87,66.9,0.73,2.74,10.64,10.82,2026-02
DRREDDY,2026-03-16,1276.9,2026-03-23,1253.3,-1.85,2.4,hold_expiry,1276.9000244140625,4.52,42.6,0.96,5.8,0.59,5.0,2026-03
DRREDDY,2026-05-11,1279.9,2026-05-18,1331.2,4.01,5.08,hold_expiry,1279.9000244140625,6.98,59.2,0.84,4.74,3.56,14.59,2026-05
DRREDDY,2026-05-27,1319.0,2026-06-01,1290.4,-2.17,0.73,hold_expiry,1319.0,2.06,53.0,0.91,3.7,-0.29,7.01,2026-05
EIDPARRY,2026-04-20,850.8,2026-04-27,854.2,0.4,7.42,hold_expiry,850.7999877929688,2.88,60.7,0.9,5.14,3.64,14.81,2026-04
EIHOTEL,2026-05-04,326.7,2026-05-11,326.45,-0.08,3.17,hold_expiry,326.70001220703125,4.4,64.2,0.14,4.17,7.61,14.43,2026-05
EIHOTEL,2026-05-14,319.85,2026-05-21,319.5,-0.11,3.38,hold_expiry,319.8500061035156,6.41,43.2,0.1,7.86,-0.64,8.41,2026-05
EIHOTEL,2026-05-26,319.9,2026-05-29,303.9,-5.0,0.0,stop_loss,319.8999938964844,5.09,35.7,0.12,2.68,-1.05,7.24,2026-05
EICHERMOT,2026-05-04,7329.0,2026-05-11,7202.5,-1.73,1.94,hold_expiry,7329.0,1.43,64.7,0.73,5.31,11.11,11.08,2026-05
EICHERMOT,2026-05-29,7177.0,2026-06-01,7100.5,-1.07,0.88,hold_expiry,7177.0,3.94,45.7,1.0,7.71,0.96,10.83,2026-05
ELGIEQUIP,2026-03-10,518.2,2026-03-12,492.29,-5.0,1.7,stop_loss,518.2000122070312,6.21,50.5,0.59,6.34,4.64,12.96,2026-03
ELGIEQUIP,2026-05-06,548.5,2026-05-12,521.07,-5.0,4.25,stop_loss,548.5,4.56,53.5,0.55,5.0,9.92,14.36,2026-05
EMAMILTD,2026-05-07,454.4,2026-05-12,431.68,-5.0,1.12,stop_loss,454.3999938964844,4.74,51.3,0.62,4.59,8.46,14.14,2026-05
EMCURE,2026-03-24,1539.7,2026-04-02,1462.71,-5.0,8.58,stop_loss,1539.699951171875,2.89,56.4,0.62,7.35,7.33,12.11,2026-03
EMCURE,2026-05-15,1704.9,2026-05-22,1713.6,0.51,3.11,hold_expiry,1704.9000244140625,6.84,55.8,0.98,5.01,4.43,11.53,2026-05
EMCURE,2026-05-27,1725.3,2026-06-01,1705.2,-1.17,1.43,hold_expiry,1725.300048828125,5.72,58.9,0.41,4.86,2.69,8.83,2026-05
ERIS,2026-05-11,1376.4,2026-05-18,1340.8,-2.59,2.44,hold_expiry,1376.4000244140625,6.87,40.1,0.95,5.09,0.36,11.98,2026-05
ESCORTS,2026-05-05,3207.5,2026-05-11,3047.12,-5.0,6.25,stop_loss,3207.5,5.16,47.4,0.62,6.47,10.23,13.2,2026-05
ETERNAL,2026-04-16,252.7,2026-04-23,259.92,2.86,4.79,hold_expiry,252.6999969482422,0.23,65.8,0.9,8.0,13.81,12.35,2026-04
ETERNAL,2026-05-07,257.42,2026-05-12,244.55,-5.0,0.0,stop_loss,257.4200134277344,3.01,55.3,0.99,6.33,8.21,11.58,2026-05
ETERNAL,2026-05-26,250.17,2026-06-01,248.1,-0.83,3.48,hold_expiry,250.1699981689453,5.74,44.5,0.56,4.9,-1.52,9.31,2026-05
NYKAA,2026-04-10,259.49,2026-04-20,264.55,1.95,5.01,hold_expiry,259.489990234375,0.36,62.5,0.89,7.04,3.09,11.65,2026-04
NYKAA,2026-04-30,264.76,2026-05-07,269.85,1.92,5.47,hold_expiry,264.760009765625,2.84,60.7,0.91,4.57,10.33,12.73,2026-04
NYKAA,2026-05-12,260.65,2026-05-19,271.45,4.14,6.23,hold_expiry,260.6499938964844,6.66,50.9,0.6,7.59,-0.48,6.03,2026-05
FEDERALBNK,2026-02-18,290.85,2026-02-25,299.1,2.84,3.51,hold_expiry,290.8500061035156,2.48,54.8,0.67,3.75,5.34,5.42,2026-02
FEDERALBNK,2026-03-02,294.95,2026-03-09,280.2,-5.0,0.0,stop_loss,294.95001220703125,2.33,67.7,0.7,4.48,3.31,6.98,2026-03
FEDERALBNK,2026-05-01,286.95,2026-05-08,297.25,3.59,4.01,hold_expiry,286.95001220703125,4.89,43.3,0.97,7.75,8.06,11.66,2026-05
FEDERALBNK,2026-05-20,289.9,2026-05-27,288.9,-0.34,1.19,hold_expiry,289.8999938964844,3.91,53.9,0.94,4.68,-1.86,7.45,2026-05
FACT,2026-05-06,915.0,2026-05-12,869.25,-5.0,2.07,stop_loss,915.0,3.86,62.1,0.14,3.85,11.89,12.59,2026-05
FACT,2026-05-26,903.4,2026-05-29,858.23,-5.0,3.87,stop_loss,903.4000244140625,3.27,45.8,0.22,7.08,-0.6,8.01,2026-05
FINPIPE,2026-02-26,185.12,2026-03-02,175.86,-5.0,0.42,stop_loss,185.1199951171875,6.41,66.1,0.84,5.07,4.93,13.78,2026-02
FINPIPE,2026-03-11,185.41,2026-03-16,176.14,-5.0,2.67,stop_loss,185.41000366210938,6.26,42.7,0.8,7.88,2.14,7.79,2026-03
FINPIPE,2026-05-06,176.76,2026-05-12,167.92,-5.0,2.1,stop_loss,176.75999450683594,1.58,59.2,0.48,3.77,11.21,12.76,2026-05
FORTIS,2026-02-19,906.6,2026-02-26,963.65,6.29,6.5,hold_expiry,906.5999755859375,3.86,67.6,0.85,3.8,7.74,14.98,2026-02
FORTIS,2026-04-15,877.55,2026-04-22,923.1,5.19,6.48,hold_expiry,877.5499877929688,0.28,64.7,0.89,6.48,4.5,11.36,2026-04
FORTIS,2026-05-12,951.15,2026-05-19,960.55,0.99,2.77,hold_expiry,951.1500244140625,3.24,58.7,0.75,4.46,8.39,12.18,2026-05
FORTIS,2026-05-22,960.4,2026-05-29,928.45,-3.33,2.5,hold_expiry,960.4000244140625,3.25,52.9,0.9,5.04,0.69,6.01,2026-05
GAIL,2026-05-11,162.51,2026-05-18,160.22,-1.41,2.09,hold_expiry,162.50999450683594,3.32,54.3,0.46,3.62,5.73,9.63,2026-05
GVT&D,2026-03-02,3772.4,2026-03-10,3854.4,2.17,6.01,hold_expiry,3772.39990234375,3.57,58.0,0.71,7.3,9.14,12.64,2026-03
GMRAIRPORT,2026-02-20,99.75,2026-02-27,100.63,0.88,3.29,hold_expiry,99.75,2.73,65.1,0.96,7.78,9.36,11.38,2026-02
GMRAIRPORT,2026-04-30,96.43,2026-05-07,100.66,4.39,4.93,hold_expiry,96.43000030517578,3.57,55.7,0.81,4.8,8.0,12.12,2026-04
GMRAIRPORT,2026-05-25,96.9,2026-06-01,97.06,0.17,7.47,hold_expiry,96.9000015258789,4.8,49.8,0.97,4.67,-0.98,7.82,2026-05
GICRE,2026-02-24,386.1,2026-03-04,366.8,-5.0,2.76,stop_loss,386.1000061035156,3.55,59.4,0.85,4.36,2.86,8.55,2026-02
GICRE,2026-04-30,393.4,2026-05-07,399.35,1.51,5.24,hold_expiry,393.3999938964844,5.87,54.7,0.86,3.71,3.5,7.48,2026-04
GICRE,2026-05-18,391.8,2026-05-25,391.4,-0.1,0.82,hold_expiry,391.79998779296875,5.36,44.3,0.82,3.86,-1.36,6.84,2026-05
GICRE,2026-05-28,390.6,2026-06-01,375.65,-3.83,0.36,hold_expiry,390.6000061035156,5.65,45.8,0.61,5.79,-0.71,6.93,2026-05
GILLETTE,2026-02-23,8623.0,2026-03-02,8191.85,-5.0,0.0,stop_loss,8623.0,2.98,48.0,0.45,3.29,11.59,14.48,2026-02
GILLETTE,2026-05-08,8148.0,2026-05-15,7806.5,-4.19,0.0,hold_expiry,8148.0,1.56,65.0,0.98,3.93,5.76,7.21,2026-05
GLAND,2026-02-25,1848.5,2026-03-02,1756.07,-5.0,1.42,stop_loss,1848.5,6.87,49.9,0.36,5.57,2.69,7.67,2026-02
GLAXO,2026-02-26,2626.0,2026-03-04,2494.7,-5.0,0.27,stop_loss,2626.0,3.45,64.3,0.65,4.33,9.34,14.9,2026-02
GLENMARK,2026-02-18,2030.2,2026-02-25,2085.0,2.7,3.06,hold_expiry,2030.199951171875,0.86,55.2,0.87,3.01,4.57,7.08,2026-02
GLENMARK,2026-03-04,2039.7,2026-03-11,2272.7,11.42,12.66,hold_expiry,2039.699951171875,5.56,53.6,0.78,6.34,4.1,11.14,2026-03
GLENMARK,2026-04-20,2230.7,2026-04-27,2325.1,4.23,6.37,hold_expiry,2230.699951171875,1.94,60.5,0.95,7.56,2.03,10.44,2026-04
MEDANTA,2026-02-24,1149.9,2026-03-04,1109.7,-3.5,1.95,hold_expiry,1149.9000244140625,3.35,55.7,0.89,7.74,9.62,14.09,2026-02
MEDANTA,2026-05-28,1207.8,2026-06-01,1168.8,-3.23,2.08,hold_expiry,1207.800048828125,5.49,51.9,0.93,5.32,8.1,11.04,2026-05
GODIGIT,2026-03-16,339.8,2026-03-23,322.81,-5.0,0.0,stop_loss,339.79998779296875,2.91,51.2,0.67,5.59,2.29,6.67,2026-03
GPIL,2026-02-24,268.61,2026-03-02,255.18,-5.0,2.75,stop_loss,268.6099853515625,3.34,56.3,0.89,7.3,4.44,10.9,2026-02
GPIL,2026-05-11,293.0,2026-05-18,278.35,-5.0,0.68,stop_loss,293.0,6.31,47.9,0.97,7.89,1.35,7.13,2026-05
GODREJAGRO,2026-04-15,605.6,2026-04-22,615.7,1.67,4.03,hold_expiry,605.5999755859375,0.72,55.3,0.32,5.6,6.44,12.15,2026-04
GODREJCP,2026-02-27,1211.48,2026-03-04,1150.9,-5.0,0.0,stop_loss,1211.4781494140625,1.85,56.7,0.8,3.19,4.05,8.63,2026-02
GODREJCP,2026-05-05,1096.05,2026-05-07,1041.25,-5.0,1.86,stop_loss,1096.0518798828125,4.05,54.2,0.9,6.44,7.03,10.08,2026-05
GRANULES,2026-02-24,599.6,2026-03-02,569.62,-5.0,1.23,stop_loss,599.5999755859375,0.81,58.4,0.63,7.11,6.14,8.86,2026-02
GRANULES,2026-03-11,586.2,2026-03-13,556.89,-5.0,0.9,stop_loss,586.2000122070312,3.42,51.4,0.77,7.66,1.27,9.56,2026-03
GRANULES,2026-03-18,587.15,2026-03-25,629.05,7.14,9.0,hold_expiry,587.1500244140625,3.26,46.1,0.81,6.58,0.82,9.35,2026-03
GRANULES,2026-05-22,751.95,2026-05-29,773.85,2.91,6.96,hold_expiry,751.9500122070312,2.75,65.9,0.68,7.22,8.21,12.96,2026-05
GRAPHITE,2026-05-13,749.2,2026-05-20,740.55,-1.15,7.1,hold_expiry,749.2000122070312,2.03,53.5,0.76,7.39,9.86,11.23,2026-05
GRAPHITE,2026-05-27,746.8,2026-06-01,709.46,-5.0,2.84,stop_loss,746.7999877929688,6.93,55.0,0.95,4.76,5.61,11.25,2026-05
GRASIM,2026-02-18,2933.8,2026-02-25,2878.4,-1.89,0.89,hold_expiry,2933.800048828125,1.52,62.0,0.89,2.77,7.25,8.96,2026-02
GRASIM,2026-04-20,2760.1,2026-04-27,2778.2,0.66,1.84,hold_expiry,2760.10009765625,1.25,61.5,0.8,4.11,1.36,11.72,2026-04
GRASIM,2026-04-30,2794.5,2026-05-07,2960.6,5.94,6.46,hold_expiry,2794.5,1.89,60.2,0.95,4.44,7.78,10.25,2026-04
GRASIM,2026-05-12,2903.0,2026-05-19,2935.2,1.11,2.77,hold_expiry,2903.0,3.47,66.2,0.65,4.7,5.89,12.22,2026-05
GESHIP,2026-02-26,1337.42,2026-03-06,1405.65,5.1,6.78,hold_expiry,1337.4180908203125,2.07,65.3,0.85,7.88,12.82,14.69,2026-02
GESHIP,2026-04-02,1429.78,2026-04-09,1358.29,-5.0,4.35,stop_loss,1429.783935546875,4.6,51.4,0.87,7.4,6.27,10.73,2026-04
GESHIP,2026-04-22,1439.22,2026-04-29,1544.0,7.28,9.78,hold_expiry,1439.2191162109375,3.53,54.6,0.95,7.43,1.36,9.48,2026-04
FLUOROCHEM,2026-02-27,3483.3,2026-03-02,3309.14,-5.0,0.0,stop_loss,3483.300048828125,3.24,47.6,0.69,4.99,14.73,13.05,2026-02
FLUOROCHEM,2026-04-13,3342.9,2026-04-21,3267.4,-2.26,2.07,hold_expiry,3342.89990234375,1.65,60.8,0.72,7.53,4.95,12.91,2026-04
FLUOROCHEM,2026-05-25,3832.4,2026-05-27,3640.78,-5.0,0.95,stop_loss,3832.39990234375,1.18,59.5,0.75,5.32,13.06,14.1,2026-05
GNFC,2026-05-11,485.0,2026-05-18,519.1,7.03,9.48,hold_expiry,485.0,4.28,51.0,0.99,6.12,10.3,12.72,2026-05
GPPL,2026-05-04,158.97,2026-05-11,157.13,-1.16,3.27,hold_expiry,158.97000122070312,1.75,65.2,0.77,4.38,8.16,10.12,2026-05
GPPL,2026-05-20,154.2,2026-05-27,159.11,3.18,4.28,hold_expiry,154.1999969482422,6.07,46.0,0.94,5.43,-1.73,7.01,2026-05
HEG,2026-02-25,578.85,2026-03-04,549.91,-5.0,2.91,stop_loss,578.8499755859375,3.53,64.0,0.82,7.8,1.48,11.58,2026-02
HCLTECH,2026-04-20,1401.47,2026-04-22,1331.4,-5.0,1.87,stop_loss,1401.4691162109375,3.16,59.7,0.92,4.05,5.24,13.82,2026-04
HDFCAMC,2026-02-25,2743.9,2026-03-02,2606.7,-5.0,0.7,stop_loss,2743.89990234375,5.43,48.2,0.63,6.01,7.85,14.47,2026-02
HDFCAMC,2026-05-06,2815.9,2026-05-12,2675.1,-5.0,2.01,stop_loss,2815.89990234375,1.75,64.7,0.69,6.0,10.89,13.57,2026-05
HDFCAMC,2026-05-20,2685.3,2026-05-27,2716.3,1.15,4.64,hold_expiry,2685.300048828125,6.51,47.6,0.68,5.32,-0.85,9.67,2026-05
HDFCBANK,2026-05-25,786.85,2026-05-29,747.51,-5.0,0.51,stop_loss,786.8499755859375,1.83,55.5,0.71,4.33,0.55,6.73,2026-05
HDFCLIFE,2026-02-23,742.45,2026-03-02,705.33,-5.0,0.33,stop_loss,742.4500122070312,0.44,61.8,0.99,6.31,3.11,7.34,2026-02
HDFCLIFE,2026-05-21,614.35,2026-05-29,594.8,-3.18,1.58,hold_expiry,614.3499755859375,2.38,63.4,0.61,4.19,4.45,8.15,2026-05
HAPPSTMNDS,2026-05-27,378.6,2026-06-01,378.85,0.07,4.07,hold_expiry,378.6000061035156,6.29,43.9,0.37,4.3,1.47,11.53,2026-05
HAVELLS,2026-02-27,1390.17,2026-03-04,1320.66,-5.0,0.0,stop_loss,1390.1705322265625,3.13,57.8,0.69,2.58,9.28,11.61,2026-02
HEROMOTOCO,2026-02-27,5710.0,2026-03-09,5424.5,-5.0,0.26,stop_loss,5710.0,2.23,53.0,0.78,7.42,3.53,7.51,2026-02
HINDALCO,2026-03-02,940.0,2026-03-10,956.6,1.77,4.63,hold_expiry,940.0,3.75,42.8,0.8,5.57,-1.6,10.51,2026-03
HINDALCO,2026-05-05,1054.7,2026-05-12,1041.4,-1.26,1.8,hold_expiry,1054.699951171875,2.34,63.1,0.66,4.81,10.5,13.87,2026-05
HINDALCO,2026-05-18,1053.1,2026-05-25,1099.6,4.42,6.33,hold_expiry,1053.0999755859375,4.7,45.5,0.74,7.8,3.08,7.22,2026-05
HINDCOPPER,2026-05-04,537.4,2026-05-11,572.9,6.61,8.67,hold_expiry,537.4000244140625,6.11,54.1,0.36,7.61,6.76,13.74,2026-05
HINDPETRO,2026-05-27,402.9,2026-06-01,388.6,-3.55,1.51,hold_expiry,402.8999938964844,2.34,52.4,0.84,7.28,7.57,13.48,2026-05
HINDUNILVR,2026-05-06,2317.1,2026-05-13,2267.3,-2.15,0.47,hold_expiry,2317.10009765625,3.77,67.6,0.87,7.11,7.99,14.82,2026-05
HINDZINC,2026-05-26,647.4,2026-06-01,626.25,-3.27,1.92,hold_expiry,647.4000244140625,4.55,55.8,0.92,5.35,7.53,12.73,2026-05
POWERINDIA,2026-03-19,24650.0,2026-03-27,24685.0,0.14,4.87,hold_expiry,24650.0,6.36,43.2,0.68,7.91,7.87,11.15,2026-03
POWERINDIA,2026-04-02,25325.0,2026-04-10,28425.0,12.24,12.58,hold_expiry,25325.0,3.8,52.6,0.82,7.71,3.37,7.63,2026-04
POWERINDIA,2026-05-18,32800.0,2026-05-25,35635.0,8.64,12.04,hold_expiry,32800.0,6.54,50.0,0.91,7.9,9.74,14.95,2026-05
HOMEFIRST,2026-02-24,1205.1,2026-02-27,1144.84,-5.0,4.56,stop_loss,1205.0999755859375,2.97,55.1,0.31,6.54,1.19,6.72,2026-02
HOMEFIRST,2026-05-11,1171.3,2026-05-12,1112.74,-5.0,0.56,stop_loss,1171.300048828125,5.46,58.2,0.52,7.73,7.62,14.09,2026-05
HONASA,2026-02-27,303.0,2026-03-02,287.85,-5.0,0.0,stop_loss,303.0,5.02,59.6,0.65,4.07,10.0,14.61,2026-02
HONASA,2026-05-05,341.45,2026-05-12,348.15,1.96,6.25,hold_expiry,341.45001220703125,5.09,48.5,0.52,6.3,12.82,14.0,2026-05
HONASA,2026-05-15,354.0,2026-05-22,384.35,8.57,13.79,hold_expiry,354.0,2.93,57.2,0.78,5.86,3.28,6.02,2026-05
ICICIBANK,2026-02-18,1408.2,2026-02-25,1400.5,-0.55,0.29,hold_expiry,1408.199951171875,1.83,57.0,0.88,2.93,4.39,7.87,2026-02
ICICIBANK,2026-05-25,1291.8,2026-06-01,1239.7,-4.03,0.77,hold_expiry,1291.800048828125,1.97,62.5,0.94,5.74,-0.02,5.73,2026-05
ICICIGI,2026-02-25,1939.3,2026-03-02,1842.34,-5.0,0.86,stop_loss,1939.300048828125,2.21,62.1,0.88,3.96,6.23,9.39,2026-02
ICICIGI,2026-05-07,1850.2,2026-05-14,1848.9,-0.07,0.59,hold_expiry,1850.199951171875,3.08,41.0,0.73,6.88,4.61,10.07,2026-05
ICICIGI,2026-05-19,1822.8,2026-05-26,1860.3,2.06,3.55,hold_expiry,1822.800048828125,2.15,59.1,0.86,5.28,-0.34,6.88,2026-05
ICICIPRULI,2026-02-23,664.15,2026-03-02,653.55,-1.6,2.02,hold_expiry,664.1500244140625,0.55,57.6,0.97,5.0,3.15,5.5,2026-02
IDBI,2026-05-29,73.83,2026-06-01,72.07,-2.38,0.68,hold_expiry,73.83000183105469,4.43,52.7,0.51,5.02,-1.39,9.4,2026-05
IDFCFIRSTB,2026-02-18,84.61,2026-02-23,80.38,-5.0,1.87,stop_loss,84.61000061035156,1.59,54.1,0.73,6.92,3.8,6.13,2026-02
IDFCFIRSTB,2026-05-05,68.75,2026-05-12,67.68,-1.56,3.93,hold_expiry,68.75,3.37,57.6,0.43,4.08,12.35,12.85,2026-05
IDFCFIRSTB,2026-05-15,67.65,2026-05-22,68.88,1.82,2.14,hold_expiry,67.6500015258789,5.32,39.3,0.77,6.26,0.22,6.54,2026-05
IDFCFIRSTB,2026-05-27,71.48,2026-06-01,71.25,-0.32,2.24,hold_expiry,71.4800033569336,1.2,55.4,0.79,6.84,2.64,6.65,2026-05
IFCI,2026-05-25,61.75,2026-06-01,67.22,8.86,15.71,hold_expiry,61.75,6.79,58.8,0.96,4.19,2.92,14.41,2026-05
INOXINDIA,2026-02-27,1163.0,2026-03-02,1104.85,-5.0,0.0,stop_loss,1163.0,3.25,49.3,0.73,3.97,4.59,6.21,2026-02
INOXINDIA,2026-05-26,1488.1,2026-06-01,1446.8,-2.78,4.5,hold_expiry,1488.0999755859375,5.77,47.3,0.76,7.7,-0.97,10.76,2026-05
IRB,2026-03-18,20.84,2026-03-25,20.52,-1.53,1.13,hold_expiry,20.836700439453125,2.79,54.5,0.96,6.36,-0.88,7.79,2026-03
IRB,2026-04-21,21.77,2026-04-28,21.81,0.18,2.06,hold_expiry,21.7695369720459,3.88,60.5,0.94,4.45,4.83,12.99,2026-04
IRB,2026-05-01,21.49,2026-05-08,21.37,-0.56,1.95,hold_expiry,21.49018669128418,4.39,48.0,0.56,3.89,-1.19,9.19,2026-05
ITC,2026-04-21,301.44,2026-04-28,296.38,-1.68,0.29,hold_expiry,301.4378356933594,0.47,67.1,0.95,3.51,3.91,8.08,2026-04
ITC,2026-05-01,306.55,2026-05-08,299.3,-2.37,0.95,hold_expiry,306.548583984375,0.82,62.0,0.76,4.94,7.53,8.03,2026-05
ITC,2026-05-14,299.05,2026-05-21,299.88,0.28,2.29,hold_expiry,299.0528259277344,3.37,57.5,0.79,3.03,0.13,5.66,2026-05
ITI,2026-05-06,302.1,2026-05-12,287.0,-5.0,1.79,stop_loss,302.1000061035156,5.56,61.7,0.13,5.52,13.25,11.45,2026-05
INDGN,2026-04-27,497.3,2026-05-04,533.35,7.25,8.37,hold_expiry,497.29998779296875,1.8,64.4,0.47,5.49,8.05,14.21,2026-04
INDGN,2026-05-26,517.55,2026-06-01,509.75,-1.51,3.37,hold_expiry,517.5499877929688,6.58,38.5,0.44,4.25,4.46,10.76,2026-05
INDIACEM,2026-05-26,404.6,2026-05-29,384.37,-5.0,1.2,stop_loss,404.6000061035156,3.9,52.7,0.19,3.77,0.68,5.46,2026-05
INDIAMART,2026-02-23,2217.3,2026-03-02,2106.44,-5.0,1.15,stop_loss,2217.300048828125,4.04,40.6,0.79,4.34,1.42,6.38,2026-02
INDIAMART,2026-04-28,2129.3,2026-05-04,2022.84,-5.0,1.2,stop_loss,2129.300048828125,3.17,66.2,0.81,4.31,8.05,11.79,2026-04
IEX,2026-05-21,127.05,2026-05-28,126.59,-0.36,2.08,hold_expiry,127.05000305175781,6.03,58.2,0.69,4.96,4.73,8.51,2026-05
INDHOTEL,2026-05-04,643.7,2026-05-11,661.3,2.73,5.41,hold_expiry,643.7000122070312,3.75,54.2,0.67,4.77,8.11,11.13,2026-05
INDHOTEL,2026-05-26,657.15,2026-06-01,646.75,-1.58,2.44,hold_expiry,657.1500244140625,3.15,46.1,0.86,3.98,1.94,7.02,2026-05
IOC,2026-02-24,177.95,2026-03-04,169.05,-5.0,4.87,stop_loss,177.9464569091797,1.13,62.0,0.98,5.05,10.65,13.6,2026-02
IOC,2026-05-28,143.94,2026-06-01,138.8,-3.57,2.13,hold_expiry,143.94000244140625,3.59,49.0,0.98,5.27,1.19,11.63,2026-05
IOB,2026-02-18,36.54,2026-02-25,36.5,-0.11,2.24,hold_expiry,36.540000915527344,0.68,64.1,0.74,6.21,5.88,6.48,2026-02
IOB,2026-04-10,34.7,2026-04-20,34.8,0.29,2.45,hold_expiry,34.70000076293945,0.46,59.3,0.97,7.56,3.4,11.09,2026-04
IOB,2026-04-29,35.17,2026-05-06,35.17,0.0,0.94,hold_expiry,35.16999816894531,3.35,59.3,0.84,5.02,12.08,13.31,2026-04
IOB,2026-05-11,34.29,2026-05-18,33.43,-2.51,0.0,hold_expiry,34.290000915527344,5.77,42.3,0.9,3.95,-0.58,3.09,2026-05
IRCTC,2026-05-04,555.25,2026-05-11,556.8,0.28,4.69,hold_expiry,555.25,2.6,59.8,0.44,3.8,7.88,10.25,2026-05
IRFC,2026-05-05,105.82,2026-05-12,100.53,-5.0,1.74,stop_loss,105.81999969482422,2.36,64.4,0.86,3.43,13.87,12.89,2026-05
IREDA,2026-05-08,134.6,2026-05-12,127.87,-5.0,0.0,stop_loss,134.60000610351562,5.78,58.6,0.59,2.8,8.79,14.56,2026-05
IREDA,2026-05-29,133.25,2026-06-01,126.59,-5.0,0.0,stop_loss,133.25,3.06,56.3,0.74,5.41,-1.56,10.67,2026-05
IGL,2026-05-05,166.24,2026-05-12,157.93,-5.0,3.37,stop_loss,166.24000549316406,4.07,50.6,0.82,2.48,12.18,13.14,2026-05
INDUSTOWER,2026-02-25,461.45,2026-03-04,438.38,-5.0,0.47,stop_loss,461.45001220703125,4.16,63.3,0.71,6.0,4.51,13.0,2026-02
INDUSINDBK,2026-02-19,927.35,2026-02-26,964.6,4.02,4.48,hold_expiry,927.3499755859375,3.36,63.7,0.87,5.41,2.76,6.95,2026-02
INDUSINDBK,2026-03-04,927.55,2026-03-09,881.17,-5.0,2.16,stop_loss,927.5499877929688,4.26,51.0,0.91,5.69,0.68,6.05,2026-03
INDUSINDBK,2026-05-18,892.15,2026-05-25,926.1,3.81,4.63,hold_expiry,892.1500244140625,6.86,51.9,0.53,5.99,4.17,12.93,2026-05
INDUSINDBK,2026-05-28,932.3,2026-06-01,901.15,-3.34,0.85,hold_expiry,932.2999877929688,2.67,43.5,0.51,4.11,1.77,8.83,2026-05
INDIGO,2026-02-25,4947.4,2026-03-02,4700.03,-5.0,0.58,stop_loss,4947.39990234375,2.15,51.3,0.46,3.99,7.06,9.88,2026-02
INDIGO,2026-05-22,4438.6,2026-06-01,4453.3,0.33,4.4,hold_expiry,4438.60009765625,3.48,58.3,0.55,6.75,-1.87,10.84,2026-05
IGIL,2026-02-23,333.8,2026-03-02,317.11,-5.0,0.0,stop_loss,333.79998779296875,2.4,52.1,0.84,6.13,15.59,14.04,2026-02
IGIL,2026-03-11,327.6,2026-03-13,311.22,-5.0,0.0,stop_loss,327.6000061035156,4.21,42.8,0.89,5.09,0.04,4.43,2026-03
IGIL,2026-04-08,335.4,2026-04-16,368.95,10.0,14.77,hold_expiry,335.3999938964844,2.99,62.5,0.52,7.64,0.58,11.51,2026-04
IGIL,2026-05-06,362.0,2026-05-11,343.9,-5.0,2.18,stop_loss,362.0,5.96,45.5,0.45,7.11,7.93,11.87,2026-05
IKS,2026-05-25,1647.4,2026-06-01,1639.1,-0.5,2.89,hold_expiry,1647.4000244140625,6.66,45.7,0.69,6.06,8.25,12.7,2026-05
IPCALAB,2026-02-19,1463.9,2026-02-26,1522.8,4.02,5.7,hold_expiry,1463.9000244140625,4.32,48.8,0.9,7.08,-1.46,7.25,2026-02
IPCALAB,2026-03-04,1475.4,2026-03-11,1533.9,3.97,5.04,hold_expiry,1475.4000244140625,4.65,58.8,0.86,5.89,4.91,10.11,2026-03
IPCALAB,2026-03-16,1557.0,2026-03-23,1529.9,-1.74,4.3,hold_expiry,1557.0,1.25,67.5,0.79,6.0,4.14,8.29,2026-03
IPCALAB,2026-04-23,1526.1,2026-04-30,1530.9,0.31,4.19,hold_expiry,1526.0999755859375,5.8,55.0,0.76,6.45,-0.25,12.97,2026-04
IPCALAB,2026-05-11,1535.0,2026-05-18,1646.3,7.25,8.01,hold_expiry,1535.0,4.69,66.3,0.88,6.4,5.79,9.85,2026-05
JBCHEPHARM,2026-04-28,2043.6,2026-05-05,2094.6,2.5,3.16,hold_expiry,2043.5999755859375,2.82,66.7,0.8,5.38,-0.64,6.93,2026-04
JBCHEPHARM,2026-05-13,2094.3,2026-05-20,2163.6,3.31,4.55,hold_expiry,2094.300048828125,5.87,61.3,0.96,6.94,6.04,13.03,2026-05
JBCHEPHARM,2026-05-26,2190.0,2026-06-01,2140.2,-2.27,2.27,hold_expiry,2190.0,4.17,56.0,0.85,6.88,6.25,9.93,2026-05
JKCEMENT,2026-02-23,5784.0,2026-03-02,5494.8,-5.0,0.0,stop_loss,5784.0,3.41,56.3,0.58,5.91,5.58,9.9,2026-02
JKCEMENT,2026-05-21,5546.5,2026-05-29,5269.18,-5.0,1.34,stop_loss,5546.5,4.7,60.1,0.67,4.75,-0.68,7.84,2026-05
JBMA,2026-05-05,619.05,2026-05-12,657.05,6.14,14.89,hold_expiry,619.0499877929688,5.49,45.5,0.23,6.11,10.48,12.44,2026-05
JMFINANCIL,2026-05-07,142.85,2026-05-12,135.71,-5.0,3.05,stop_loss,142.85000610351562,2.26,62.0,0.92,5.1,9.61,11.08,2026-05
JSWENERGY,2026-02-23,486.4,2026-03-02,481.3,-1.05,4.08,hold_expiry,486.3999938964844,2.52,66.7,0.72,4.51,10.53,12.99,2026-02
JSWENERGY,2026-03-06,488.2,2026-03-13,512.95,5.07,8.66,hold_expiry,488.20001220703125,3.57,56.1,0.86,7.53,3.18,6.05,2026-03
JSWENERGY,2026-05-11,556.65,2026-05-12,528.82,-5.0,0.0,stop_loss,556.6500244140625,4.95,54.1,0.77,5.4,9.23,12.71,2026-05
JSWHL,2026-05-29,13177.0,2026-06-01,12883.0,-2.23,2.45,hold_expiry,13177.0,0.42,67.5,0.59,6.84,6.81,7.24,2026-05
JSWINFRA,2026-05-06,273.2,2026-05-13,267.95,-1.92,8.27,hold_expiry,273.20001220703125,5.38,50.7,0.75,5.01,7.17,11.45,2026-05
JSWINFRA,2026-05-26,278.95,2026-06-01,273.9,-1.81,2.08,hold_expiry,278.95001220703125,5.7,54.7,0.78,7.5,2.13,9.23,2026-05
JSWSTEEL,2026-02-18,1251.2,2026-02-25,1275.0,1.9,2.68,hold_expiry,1251.199951171875,1.01,54.8,0.72,3.17,6.52,8.23,2026-02
JSWSTEEL,2026-03-02,1267.3,2026-03-04,1203.94,-5.0,0.0,stop_loss,1267.300048828125,1.35,58.2,0.84,4.43,3.08,4.83,2026-03
JSWSTEEL,2026-05-05,1252.4,2026-05-12,1252.3,-0.01,3.29,hold_expiry,1252.4000244140625,4.16,61.0,0.92,3.38,8.72,11.56,2026-05
JSWSTEEL,2026-05-15,1278.8,2026-05-22,1285.5,0.52,1.81,hold_expiry,1278.800048828125,2.68,48.8,0.92,5.44,0.34,3.77,2026-05
JSWSTEEL,2026-05-28,1309.3,2026-06-01,1299.4,-0.76,0.22,hold_expiry,1309.300048828125,1.41,61.1,0.96,3.9,3.54,4.99,2026-05
J&KBANK,2026-02-18,105.18,2026-02-25,112.31,6.78,9.81,hold_expiry,105.18000030517578,4.21,52.3,0.64,5.37,2.17,5.1,2026-02
J&KBANK,2026-05-05,134.75,2026-05-12,130.05,-3.49,7.61,hold_expiry,134.75,1.82,60.5,0.63,7.05,15.32,14.6,2026-05
J&KBANK,2026-05-27,143.88,2026-06-01,141.77,-1.47,0.74,hold_expiry,143.8800048828125,0.77,55.0,0.62,6.71,11.52,14.49,2026-05
JSL,2026-04-30,767.4,2026-05-07,766.6,-0.1,2.86,hold_expiry,767.4000244140625,4.29,54.2,0.67,3.22,8.87,13.9,2026-04
JINDALSTEL,2026-02-27,1244.2,2026-03-04,1181.99,-5.0,1.0,stop_loss,1244.199951171875,2.19,66.7,0.72,5.39,10.59,11.49,2026-02
JINDALSTEL,2026-03-11,1187.0,2026-03-16,1127.65,-5.0,3.8,stop_loss,1187.0,6.69,43.4,0.93,6.46,-0.29,10.24,2026-03
JINDALSTEL,2026-05-01,1223.1,2026-05-08,1248.4,2.07,5.01,hold_expiry,1223.0999755859375,6.36,51.1,0.75,7.7,7.49,14.69,2026-05
JINDALSTEL,2026-05-13,1242.9,2026-05-20,1223.1,-1.59,1.3,hold_expiry,1242.9000244140625,4.85,47.1,0.93,6.05,1.19,7.18,2026-05
JINDALSTEL,2026-05-26,1222.9,2026-06-01,1209.8,-1.07,2.62,hold_expiry,1222.9000244140625,4.79,37.9,0.61,4.34,-0.42,6.24,2026-05
JIOFIN,2026-05-07,251.02,2026-05-12,238.47,-5.0,0.19,stop_loss,251.02000427246094,2.33,56.3,0.94,3.16,5.1,9.5,2026-05
JIOFIN,2026-05-27,242.89,2026-06-01,234.95,-3.27,0.93,hold_expiry,242.88999938964844,4.43,39.3,0.58,3.74,-1.41,12.48,2026-05
JUBLFOOD,2026-05-08,473.3,2026-05-12,449.63,-5.0,0.0,stop_loss,473.29998779296875,5.1,59.5,0.53,4.97,6.36,13.33,2026-05
JUBLINGREA,2026-05-18,721.45,2026-05-25,731.8,1.43,6.66,hold_expiry,721.4500122070312,5.66,50.4,0.63,7.18,9.52,11.64,2026-05
JUBLPHARMA,2026-04-20,905.5,2026-04-27,954.95,5.46,5.95,hold_expiry,905.5,1.33,66.0,0.97,6.02,5.71,14.55,2026-04
JUBLPHARMA,2026-05-15,990.15,2026-05-22,1006.35,1.64,4.02,hold_expiry,990.1500244140625,4.03,63.2,0.71,6.19,8.7,14.22,2026-05
JUSTDIAL,2026-05-26,532.4,2026-06-01,521.8,-1.99,1.28,hold_expiry,532.4000244140625,3.72,43.9,0.46,5.88,-0.08,6.64,2026-05
KPRMILL,2026-05-11,937.6,2026-05-14,890.72,-5.0,0.36,stop_loss,937.5999755859375,5.21,57.2,0.42,7.02,7.68,10.15,2026-05
KPRMILL,2026-05-22,941.7,2026-06-01,992.05,5.35,7.47,hold_expiry,941.7000122070312,4.8,46.7,0.53,7.78,0.76,8.61,2026-05
KEI,2026-05-20,5119.8,2026-05-27,5446.2,6.38,6.55,hold_expiry,5119.7998046875,2.44,63.6,0.94,7.74,5.79,9.14,2026-05
KNRCON,2026-05-13,132.03,2026-05-18,125.43,-5.0,1.3,stop_loss,132.02999877929688,3.27,62.7,0.46,7.04,6.42,14.99,2026-05
KNRCON,2026-05-27,131.69,2026-05-29,125.11,-5.0,0.84,stop_loss,131.69000244140625,3.52,43.3,0.31,6.44,5.24,10.06,2026-05
KPITTECH,2026-05-01,759.05,2026-05-07,721.1,-5.0,4.78,stop_loss,759.0499877929688,1.06,63.8,0.77,7.59,8.93,10.36,2026-05
KPITTECH,2026-05-26,784.7,2026-06-01,786.1,0.18,2.7,hold_expiry,784.7000122070312,1.61,62.2,0.86,7.55,6.03,12.83,2026-05
KPIL,2026-05-06,1280.3,2026-05-13,1229.0,-4.01,3.8,hold_expiry,1280.300048828125,2.49,66.5,0.72,6.74,13.02,14.41,2026-05
KPIL,2026-05-29,1305.0,2026-06-01,1301.8,-0.25,1.15,hold_expiry,1305.0,1.81,59.2,0.93,5.02,1.03,7.39,2026-05
KANSAINER,2026-05-06,201.43,2026-05-13,218.75,8.6,10.95,hold_expiry,201.42999267578125,3.43,56.8,0.51,5.72,12.93,14.45,2026-05
KANSAINER,2026-06-01,215.11,2026-06-01,215.11,0.0,0.0,hold_expiry,215.11000061035156,4.57,45.9,0.6,5.55,9.36,14.66,2026-06
KARURVYSYA,2026-02-23,325.55,2026-03-02,315.3,-3.15,5.5,hold_expiry,325.54998779296875,1.05,67.1,0.5,4.54,11.28,14.49,2026-02
KARURVYSYA,2026-05-05,298.8,2026-05-12,283.86,-5.0,7.76,stop_loss,298.79998779296875,2.42,66.5,0.68,5.35,14.02,14.64,2026-05
KEC,2026-05-04,579.45,2026-05-11,582.0,0.44,6.48,hold_expiry,579.4500122070312,6.08,56.7,0.88,6.08,8.58,10.35,2026-05
KIRLOSBROS,2026-02-20,1599.2,2026-02-27,1582.8,-1.03,2.91,hold_expiry,1599.199951171875,4.53,60.2,0.54,4.42,7.29,13.25,2026-02
KIRLOSBROS,2026-05-07,1762.1,2026-05-11,1673.99,-5.0,0.39,stop_loss,1762.0999755859375,5.76,49.7,0.48,5.37,15.15,14.34,2026-05
KOTAKBANK,2026-02-23,430.7,2026-03-02,409.17,-5.0,0.41,stop_loss,430.70001220703125,0.97,60.8,0.82,4.05,5.38,7.71,2026-02
KOTAKBANK,2026-05-18,391.8,2026-05-25,392.85,0.27,0.86,hold_expiry,391.79998779296875,0.38,64.5,0.92,5.01,2.53,5.88,2026-05
KOTAKBANK,2026-05-28,388.7,2026-06-01,377.4,-2.91,0.99,hold_expiry,388.70001220703125,1.63,57.8,0.67,3.71,1.41,6.32,2026-05
KIMS,2026-05-07,706.85,2026-05-14,773.3,9.4,11.93,hold_expiry,706.8499755859375,1.06,59.4,0.96,7.76,6.77,8.49,2026-05
LTF,2026-02-18,297.19,2026-02-25,300.26,1.03,3.41,hold_expiry,297.190185546875,0.92,57.6,0.78,7.77,6.72,7.9,2026-02
LTF,2026-05-05,287.49,2026-05-12,277.79,-3.37,5.08,hold_expiry,287.4900817871094,3.45,62.0,0.68,5.05,14.1,13.05,2026-05
LTF,2026-05-29,286.6,2026-06-01,272.27,-5.0,0.0,stop_loss,286.6000061035156,5.13,44.5,0.83,6.2,1.37,13.23,2026-05
LTTS,2026-04-10,3408.07,2026-04-20,3532.67,3.66,4.74,hold_expiry,3408.070068359375,3.84,54.3,0.63,5.76,11.27,13.86,2026-04
LTTS,2026-05-01,3585.87,2026-05-08,3760.2,4.86,6.11,hold_expiry,3585.865234375,1.07,59.5,0.56,7.56,8.33,12.54,2026-05
LTTS,2026-05-26,3540.7,2026-06-01,3363.66,-5.0,1.58,stop_loss,3540.699951171875,6.95,35.7,0.43,6.17,0.59,12.42,2026-05
LICHSGFIN,2026-02-24,532.05,2026-03-04,518.0,-2.64,3.64,hold_expiry,532.0499877929688,0.18,63.9,0.75,3.11,2.51,6.17,2026-02
LICHSGFIN,2026-04-28,550.0,2026-05-05,558.15,1.48,3.22,hold_expiry,550.0,3.26,66.0,0.99,6.61,8.68,13.21,2026-04
LICHSGFIN,2026-05-12,567.65,2026-05-18,539.27,-5.0,3.56,stop_loss,567.6500244140625,5.11,54.1,0.93,6.81,7.2,12.46,2026-05
LICHSGFIN,2026-05-27,556.45,2026-06-01,537.65,-3.38,1.53,hold_expiry,556.4500122070312,6.98,37.4,0.91,4.51,0.32,12.02,2026-05
LTFOODS,2026-04-15,411.9,2026-04-22,423.5,2.82,3.88,hold_expiry,411.8999938964844,2.17,63.6,0.19,6.46,6.92,14.76,2026-04
LTFOODS,2026-05-01,430.65,2026-05-08,429.9,-0.17,2.15,hold_expiry,430.6499938964844,1.68,66.9,0.12,4.68,11.55,14.07,2026-05
LTFOODS,2026-05-13,413.05,2026-05-20,403.9,-2.22,1.68,hold_expiry,413.04998779296875,6.1,46.4,0.1,7.89,-1.46,6.7,2026-05
LT,2026-05-01,3975.17,2026-05-08,3936.06,-0.98,3.13,hold_expiry,3975.173095703125,3.25,54.6,0.56,3.41,11.1,13.88,2026-05
LT,2026-05-25,4033.4,2026-06-01,4010.8,-0.56,2.35,hold_expiry,4033.39990234375,1.61,51.7,0.56,5.02,0.87,7.04,2026-05
LATENTVIEW,2026-05-06,303.9,2026-05-13,296.65,-2.39,5.99,hold_expiry,303.8999938964844,6.1,45.5,0.18,6.21,0.91,8.35,2026-05
LAURUSLABS,2026-02-18,1036.42,2026-02-25,1075.28,3.75,4.0,hold_expiry,1036.4180908203125,1.2,64.8,0.76,5.53,5.02,9.93,2026-02
LAURUSLABS,2026-04-29,1105.0,2026-05-06,1176.43,6.46,8.54,hold_expiry,1104.9998779296875,3.38,55.3,0.94,4.81,11.42,13.68,2026-04
LEMONTREE,2026-05-05,120.75,2026-05-11,114.71,-5.0,1.78,stop_loss,120.75,5.94,62.1,0.52,4.81,10.22,12.83,2026-05
LICI,2026-02-23,441.62,2026-03-02,419.54,-5.0,1.5,stop_loss,441.625,2.73,63.2,0.73,2.89,9.34,14.23,2026-02
LICI,2026-05-20,400.27,2026-05-27,415.0,3.68,7.06,hold_expiry,400.2749938964844,3.15,51.3,0.83,4.89,-1.37,4.85,2026-05
LINDEINDIA,2026-03-06,6784.5,2026-03-13,6944.5,2.36,6.83,hold_expiry,6784.5,2.8,44.2,0.76,6.91,11.9,12.55,2026-03
LINDEINDIA,2026-04-10,7190.0,2026-04-20,7065.0,-1.74,3.81,hold_expiry,7190.0,4.32,49.3,0.84,4.57,6.11,10.17,2026-04
LINDEINDIA,2026-04-23,7232.5,2026-04-30,7320.0,1.21,3.79,hold_expiry,7232.5,3.76,59.5,0.55,5.56,6.91,8.81,2026-04
LINDEINDIA,2026-05-05,7494.5,2026-05-12,7455.0,-0.53,7.4,hold_expiry,7494.5,1.22,61.5,0.87,5.05,5.62,5.94,2026-05
LLOYDSME,2026-05-22,1737.3,2026-06-01,1817.6,4.62,8.71,hold_expiry,1737.300048828125,5.89,41.9,0.67,6.52,0.4,8.45,2026-05
LODHA,2026-05-25,906.85,2026-06-01,893.0,-1.53,6.85,hold_expiry,906.8499755859375,6.98,49.8,0.59,7.59,2.71,14.38,2026-05
LUPIN,2026-02-19,2228.7,2026-02-26,2323.2,4.24,4.63,hold_expiry,2228.699951171875,1.52,63.7,0.97,4.77,3.03,6.79,2026-02
LUPIN,2026-03-20,2322.5,2026-03-30,2313.9,-0.37,2.02,hold_expiry,2322.5,2.32,52.9,1.0,4.29,4.65,6.42,2026-03
LUPIN,2026-04-24,2296.1,2026-05-01,2305.2,0.4,1.96,hold_expiry,2296.10009765625,3.57,54.8,0.96,5.26,-1.53,3.92,2026-04
MMTC,2026-05-11,66.7,2026-05-12,63.36,-5.0,0.28,stop_loss,66.69999694824219,6.9,55.6,0.29,7.25,13.07,14.6,2026-05
MMTC,2026-05-26,65.04,2026-06-01,64.04,-1.54,3.37,hold_expiry,65.04000091552734,6.2,45.0,0.36,5.58,-0.73,8.58,2026-05
MGL,2026-05-08,1172.9,2026-05-11,1114.26,-5.0,0.0,stop_loss,1172.9000244140625,1.49,66.9,0.44,6.22,12.75,12.89,2026-05
MAHSEAMLES,2026-02-25,544.7,2026-03-05,552.35,1.4,5.2,hold_expiry,544.7000122070312,1.41,63.7,0.65,5.29,5.31,7.13,2026-02
MAHSEAMLES,2026-05-07,652.5,2026-05-14,646.85,-0.87,3.42,hold_expiry,652.5,5.43,55.4,0.49,4.85,7.21,7.67,2026-05
MAHSEAMLES,2026-05-21,638.8,2026-05-25,606.86,-5.0,1.25,stop_loss,638.7999877929688,5.33,49.1,0.67,6.14,-0.55,3.63,2026-05
M&MFIN,2026-02-23,380.2,2026-03-02,361.19,-5.0,1.95,stop_loss,380.20001220703125,4.21,59.1,0.59,6.25,4.42,10.41,2026-02
M&M,2026-05-05,3210.8,2026-05-12,3176.0,-1.08,5.86,hold_expiry,3210.800048828125,2.76,46.3,0.94,5.74,6.79,9.85,2026-05
MANAPPURAM,2026-02-18,309.66,2026-02-25,296.13,-4.37,0.4,hold_expiry,309.65924072265625,0.99,59.4,0.89,5.55,4.06,11.24,2026-02
MANAPPURAM,2026-05-19,315.3,2026-05-26,330.25,4.74,5.93,hold_expiry,315.29998779296875,0.75,63.2,0.92,6.85,7.03,12.56,2026-05
MANAPPURAM,2026-05-29,325.4,2026-06-01,316.05,-2.87,0.61,hold_expiry,325.3999938964844,2.57,65.5,0.85,3.25,6.81,12.82,2026-05
MRPL,2026-02-26,193.07,2026-03-02,183.41,-5.0,1.19,stop_loss,193.0668487548828,3.31,62.7,0.68,7.57,11.67,14.45,2026-02
MANKIND,2026-02-25,2155.7,2026-03-05,2226.4,3.28,5.99,hold_expiry,2155.699951171875,1.97,61.4,0.92,7.59,2.61,6.68,2026-02
MANKIND,2026-04-15,2122.4,2026-04-22,2235.0,5.31,5.67,hold_expiry,2122.39990234375,3.75,67.4,0.96,5.58,-0.77,10.17,2026-04
MARICO,2026-02-27,788.65,2026-03-09,778.0,-1.35,0.25,hold_expiry,788.6500244140625,3.05,63.0,0.86,3.4,9.17,13.43,2026-02
MARICO,2026-04-28,780.85,2026-05-05,807.2,3.37,3.8,hold_expiry,780.8499755859375,1.66,64.6,0.93,4.69,5.17,7.76,2026-04
MARICO,2026-05-22,824.45,2026-05-29,821.7,-0.33,2.49,hold_expiry,824.4500122070312,2.87,67.5,0.84,2.9,4.76,12.29,2026-05
MARUTI,2026-05-06,13722.0,2026-05-13,13035.9,-5.0,1.08,stop_loss,13722.0,1.82,58.8,0.92,7.76,0.88,6.59,2026-05
MARUTI,2026-05-25,13170.0,2026-06-01,12946.0,-1.7,2.57,hold_expiry,13170.0,5.77,42.5,0.57,3.79,2.16,8.31,2026-05
MASTEK,2026-05-06,1692.7,2026-05-12,1608.06,-5.0,1.32,stop_loss,1692.699951171875,5.77,49.4,0.5,5.01,6.75,13.89,2026-05
MASTEK,2026-06-01,1650.0,2026-06-01,1650.0,0.0,0.0,hold_expiry,1650.0,4.01,54.3,0.72,7.17,-0.54,10.85,2026-06
MFSL,2026-03-02,1806.8,2026-03-05,1716.46,-5.0,0.0,stop_loss,1806.800048828125,4.53,60.1,0.98,5.9,7.89,14.12,2026-03
MFSL,2026-05-20,1625.4,2026-05-27,1682.3,3.5,7.54,hold_expiry,1625.4000244140625,5.43,55.9,0.86,5.3,1.88,9.48,2026-05
MAXHEALTH,2026-03-04,1053.7,2026-03-11,1032.2,-2.04,0.95,hold_expiry,1053.699951171875,5.29,49.5,0.97,7.03,2.75,10.18,2026-03
MAXHEALTH,2026-04-21,1020.25,2026-04-28,1004.75,-1.52,0.0,hold_expiry,1020.25,0.52,66.3,0.97,6.83,7.05,10.65,2026-04
MAXHEALTH,2026-05-07,1015.3,2026-05-14,1049.55,3.37,4.18,hold_expiry,1015.2999877929688,1.34,53.4,0.59,3.42,6.32,8.29,2026-05
MAZDOCK,2026-05-07,2683.3,2026-05-11,2549.14,-5.0,0.56,stop_loss,2683.300048828125,4.51,57.8,0.85,6.72,10.17,13.82,2026-05
METROPOLIS,2026-02-23,484.44,2026-03-02,460.22,-5.0,0.0,stop_loss,484.443359375,5.01,55.4,0.48,5.73,6.34,12.72,2026-02
METROPOLIS,2026-05-04,491.43,2026-05-11,558.8,13.71,16.75,hold_expiry,491.4295654296875,0.5,67.7,0.42,5.07,14.31,12.98,2026-05
MINDACORP,2026-02-20,583.3,2026-02-27,554.13,-5.0,0.44,stop_loss,583.2999877929688,3.89,59.9,0.76,5.6,7.55,13.04,2026-02
MINDACORP,2026-05-06,526.65,2026-05-13,509.5,-3.26,3.07,hold_expiry,526.6500244140625,4.55,56.3,0.95,3.17,4.25,8.93,2026-05
MOTILALOFS,2026-05-22,849.45,2026-05-29,879.5,3.54,7.01,hold_expiry,849.4500122070312,5.88,53.9,0.62,5.39,7.0,14.93,2026-05
MPHASIS,2026-05-25,2244.0,2026-06-01,2310.5,2.96,5.75,hold_expiry,2244.0,4.48,54.8,0.93,5.14,-1.16,10.02,2026-05
MCX,2026-02-27,2443.3,2026-03-09,2577.1,5.48,6.03,hold_expiry,2443.300048828125,4.45,50.8,0.83,4.72,5.23,10.15,2026-02
MCX,2026-03-13,2498.8,2026-03-20,2414.5,-3.37,8.16,hold_expiry,2498.800048828125,4.77,63.6,0.83,7.05,6.76,14.47,2026-03
MCX,2026-05-07,3042.6,2026-05-14,3339.1,9.74,10.56,hold_expiry,3042.60009765625,0.5,67.4,0.6,6.66,14.49,14.27,2026-05
MUTHOOTFIN,2026-05-01,3424.2,2026-05-08,3528.9,3.06,5.55,hold_expiry,3424.199951171875,6.13,35.0,0.46,4.64,8.63,14.41,2026-05
MUTHOOTFIN,2026-05-14,3531.1,2026-05-15,3354.55,-5.0,0.0,stop_loss,3531.10009765625,3.15,52.6,0.67,7.63,-1.13,7.45,2026-05
NATCOPHARM,2026-04-02,1027.55,2026-04-10,1104.2,7.46,10.44,hold_expiry,1027.550048828125,2.42,52.1,0.46,7.96,7.81,13.78,2026-04
NATCOPHARM,2026-04-29,1093.6,2026-05-06,1150.1,5.17,6.97,hold_expiry,1093.5999755859375,3.63,45.7,0.38,5.08,12.26,14.61,2026-04
NATCOPHARM,2026-05-22,1169.7,2026-05-29,1111.21,-5.0,2.76,stop_loss,1169.699951171875,4.65,59.9,0.74,6.0,7.32,13.81,2026-05
NBCC,2026-05-04,92.52,2026-05-11,95.7,3.44,10.19,hold_expiry,92.5199966430664,4.12,62.5,0.75,5.59,9.7,14.17,2026-05
NBCC,2026-05-22,94.82,2026-05-29,100.26,5.74,8.28,hold_expiry,94.81999969482422,6.99,54.4,0.92,6.48,-0.62,9.08,2026-05
NCC,2026-05-11,166.71,2026-05-18,158.37,-5.0,0.4,stop_loss,166.7100067138672,2.95,65.3,0.89,4.13,9.76,11.35,2026-05
NHPC,2026-04-06,76.16,2026-04-13,77.66,1.97,3.12,hold_expiry,76.16000366210938,2.91,55.0,0.87,7.23,2.71,7.36,2026-04
NHPC,2026-05-05,83.17,2026-05-11,79.01,-5.0,1.09,stop_loss,83.16999816894531,4.22,60.0,0.86,6.44,9.91,14.15,2026-05
NLCINDIA,2026-02-18,264.75,2026-02-25,263.45,-0.49,2.46,hold_expiry,264.75,1.36,50.3,0.84,7.32,6.54,10.49,2026-02
NMDC,2026-02-19,79.22,2026-02-26,82.56,4.22,5.48,hold_expiry,79.22000122070312,5.51,51.3,0.93,4.4,4.34,12.36,2026-02
NMDC,2026-03-12,80.87,2026-03-16,76.83,-5.0,0.47,stop_loss,80.87000274658203,3.22,54.8,0.84,7.09,-1.67,7.1,2026-03
NMDC,2026-03-20,79.78,2026-03-23,75.79,-5.0,0.0,stop_loss,79.77999877929688,4.52,44.9,0.8,6.15,-0.44,7.54,2026-03
NMDC,2026-05-04,89.09,2026-05-11,86.79,-2.58,2.02,hold_expiry,89.08999633789062,3.97,61.9,0.97,5.06,9.45,14.03,2026-05
NMDC,2026-05-25,90.19,2026-06-01,92.37,2.42,3.89,hold_expiry,90.19000244140625,4.31,53.6,0.89,4.45,-0.78,7.39,2026-05
NSLNISP,2026-05-04,42.84,2026-05-11,43.04,0.47,4.97,hold_expiry,42.84000015258789,1.61,60.8,0.8,6.43,14.67,12.62,2026-05
NSLNISP,2026-05-27,46.01,2026-06-01,50.5,9.76,14.37,hold_expiry,46.0099983215332,1.31,57.3,0.99,7.3,7.7,10.02,2026-05
NTPC,2026-02-18,368.4,2026-02-25,384.9,4.48,5.47,hold_expiry,368.3999938964844,0.97,63.6,0.81,2.65,9.59,13.36,2026-02
NTPC,2026-05-01,399.15,2026-05-08,402.15,0.75,1.49,hold_expiry,399.1499938964844,3.68,67.1,0.72,5.41,10.98,14.98,2026-05
NTPC,2026-05-13,390.45,2026-05-20,392.45,0.51,2.07,hold_expiry,390.45001220703125,5.78,36.9,0.64,5.0,-0.09,5.33,2026-05
NTPC,2026-05-27,398.15,2026-06-01,378.24,-5.0,0.88,stop_loss,398.1499938964844,1.72,47.6,0.78,4.31,-0.25,4.66,2026-05
NH,2026-02-25,1864.2,2026-03-04,1770.99,-5.0,0.74,stop_loss,1864.199951171875,1.88,66.2,0.91,3.78,7.0,11.18,2026-02
NH,2026-04-15,1797.6,2026-04-22,1811.3,0.76,2.25,hold_expiry,1797.5999755859375,1.16,67.6,0.83,6.79,7.72,12.49,2026-04
NH,2026-04-29,1770.4,2026-05-06,1840.4,3.95,5.26,hold_expiry,1770.4000244140625,3.68,59.1,0.76,3.62,10.28,14.95,2026-04
NAVA,2026-02-18,564.9,2026-02-25,583.2,3.24,3.54,hold_expiry,564.9000244140625,4.15,55.3,0.67,5.13,6.25,9.96,2026-02
NAVA,2026-05-13,693.1,2026-05-15,658.44,-5.0,4.46,stop_loss,693.0999755859375,6.26,52.3,0.57,7.16,10.63,14.89,2026-05
NAVINFLUOR,2026-02-26,6484.5,2026-03-02,6160.27,-5.0,0.0,stop_loss,6484.5,6.9,51.7,0.64,6.45,6.32,10.93,2026-02
NAVINFLUOR,2026-03-18,6337.5,2026-03-23,6020.62,-5.0,0.53,stop_loss,6337.5,4.93,47.5,0.9,7.08,-0.77,9.47,2026-03
NAVINFLUOR,2026-04-17,6284.0,2026-04-24,6452.0,2.67,5.03,hold_expiry,6284.0,2.74,54.4,0.63,7.09,0.03,10.28,2026-04
NAVINFLUOR,2026-05-19,7075.5,2026-05-26,7396.0,4.53,6.35,hold_expiry,7075.5,1.73,65.8,0.65,5.31,12.9,14.95,2026-05
NAVINFLUOR,2026-05-29,7129.0,2026-06-01,6998.5,-1.83,1.27,hold_expiry,7129.0,5.26,52.2,0.77,7.96,4.89,9.18,2026-05
NESTLEIND,2026-02-18,1300.9,2026-02-25,1323.4,1.73,2.61,hold_expiry,1300.9000244140625,2.42,56.4,0.68,2.97,1.93,3.52,2026-02
NESTLEIND,2026-05-22,1423.1,2026-05-29,1421.5,-0.11,1.48,hold_expiry,1423.0999755859375,5.01,37.9,0.9,4.0,0.41,6.84,2026-05
NETWORK18,2026-05-06,34.76,2026-05-12,33.02,-5.0,2.5,stop_loss,34.7599983215332,6.93,43.5,0.61,3.91,8.25,13.92,2026-05
NEULANDLAB,2026-05-29,17088.0,2026-06-01,17198.0,0.64,3.49,hold_expiry,17088.0,6.65,43.0,0.69,4.5,5.98,9.52,2026-05
NEWGEN,2026-05-07,500.65,2026-05-12,475.62,-5.0,2.67,stop_loss,500.6499938964844,6.25,56.7,0.82,6.27,9.5,14.39,2026-05
NAM-INDIA,2026-02-26,943.65,2026-03-02,896.47,-5.0,0.0,stop_loss,943.6500244140625,6.48,53.9,0.66,5.78,7.46,13.87,2026-02
NAM-INDIA,2026-05-22,1080.4,2026-05-29,1100.2,1.83,3.85,hold_expiry,1080.4000244140625,3.96,60.7,0.94,6.05,9.16,13.97,2026-05
NIVABUPA,2026-02-20,76.92,2026-02-27,75.09,-2.38,0.33,hold_expiry,76.91999816894531,4.46,35.6,0.38,2.25,-0.1,5.38,2026-02
NIVABUPA,2026-04-30,78.32,2026-05-08,81.29,3.79,4.57,hold_expiry,78.31999969482422,4.27,63.4,0.63,6.38,8.24,14.62,2026-04
NIVABUPA,2026-05-27,83.61,2026-06-01,84.5,1.06,1.96,hold_expiry,83.61000061035156,6.86,60.2,0.65,6.89,6.17,11.56,2026-05
OBEROIRLTY,2026-05-05,1664.24,2026-05-12,1624.69,-2.38,2.92,hold_expiry,1664.2412109375,5.0,46.5,0.82,4.45,9.63,12.79,2026-05
OBEROIRLTY,2026-05-22,1659.6,2026-06-01,1649.4,-0.61,5.09,hold_expiry,1659.5999755859375,4.26,44.0,0.65,7.08,-1.5,8.47,2026-05
ONGC,2026-04-17,284.05,2026-04-24,284.8,0.26,2.02,hold_expiry,284.04998779296875,3.05,67.9,0.89,3.86,7.29,13.55,2026-04
ONGC,2026-05-04,292.9,2026-05-11,278.25,-5.0,1.02,stop_loss,292.8999938964844,4.75,57.3,0.71,7.52,3.92,9.07,2026-05
ONGC,2026-05-18,297.2,2026-05-25,284.95,-4.12,1.53,hold_expiry,297.20001220703125,3.35,46.2,0.85,6.31,4.98,11.0,2026-05
OIL,2026-03-19,477.05,2026-03-27,478.0,0.2,2.71,hold_expiry,477.04998779296875,5.77,51.6,0.91,6.37,0.07,6.13,2026-03
OIL,2026-04-06,472.2,2026-04-13,477.15,1.05,3.56,hold_expiry,472.20001220703125,6.12,46.5,0.76,6.59,-1.44,4.91,2026-04
OIL,2026-04-23,473.9,2026-04-30,490.8,3.57,6.41,hold_expiry,473.8999938964844,3.78,50.2,0.83,4.27,1.99,5.24,2026-04
OLECTRA,2026-05-07,1269.8,2026-05-14,1265.8,-0.32,10.09,hold_expiry,1269.800048828125,2.85,59.3,0.53,4.75,12.24,11.3,2026-05
OFSS,2026-05-25,9703.0,2026-06-01,10191.0,5.03,9.08,hold_expiry,9703.0,2.96,57.0,0.79,5.76,4.29,10.67,2026-05
POLICYBZR,2026-04-16,1550.5,2026-04-23,1670.8,7.76,8.84,hold_expiry,1550.5,0.86,66.4,0.62,7.86,5.1,9.27,2026-04
PCBL,2026-05-11,294.15,2026-05-12,279.44,-5.0,0.29,stop_loss,294.1499938964844,6.02,55.4,0.53,7.06,9.4,14.32,2026-05
PGEL,2026-02-27,627.9,2026-03-02,596.51,-5.0,0.0,stop_loss,627.9000244140625,1.06,66.4,0.57,5.67,11.57,13.43,2026-02
PIIND,2026-05-01,3054.8,2026-05-08,3110.8,1.83,2.62,hold_expiry,3054.800048828125,4.0,60.1,0.95,5.45,9.21,14.32,2026-05
PIIND,2026-05-13,3051.0,2026-05-20,2898.45,-5.0,4.69,stop_loss,3051.0,4.12,47.5,0.72,4.8,-1.97,4.68,2026-05
PNBHOUSING,2026-05-18,1045.2,2026-05-25,1085.6,3.87,5.13,hold_expiry,1045.199951171875,4.62,50.5,0.63,4.04,6.75,10.37,2026-05
PNBHOUSING,2026-05-28,1077.9,2026-05-29,1024.01,-5.0,0.75,stop_loss,1077.9000244140625,2.45,45.5,0.51,5.46,3.08,5.77,2026-05
PNCINFRA,2026-05-12,218.75,2026-05-19,214.09,-2.13,4.69,hold_expiry,218.75,6.86,44.5,0.54,5.8,11.09,14.98,2026-05
PTCIL,2026-02-25,18047.0,2026-03-02,17144.65,-5.0,1.03,stop_loss,18047.0,4.26,57.9,0.92,5.67,-1.74,7.63,2026-02
PTCIL,2026-05-11,17058.0,2026-05-18,16205.1,-5.0,1.35,stop_loss,17058.0,1.97,65.4,0.71,7.6,14.28,12.74,2026-05
PTCIL,2026-05-26,16531.0,2026-06-01,18489.0,11.84,15.96,hold_expiry,16531.0,4.99,39.3,0.65,6.04,3.89,11.22,2026-05
PAGEIND,2026-04-01,32492.26,2026-04-09,35809.22,10.21,10.91,hold_expiry,32492.26171875,2.48,56.9,0.93,7.01,4.64,8.53,2026-04
PAGEIND,2026-05-04,36810.29,2026-05-11,36103.07,-1.92,2.12,hold_expiry,36810.28515625,4.01,59.3,0.96,5.41,8.87,13.6,2026-05
PERSISTENT,2026-05-25,5038.0,2026-06-01,5402.0,7.23,9.13,hold_expiry,5038.0,2.89,57.5,0.8,5.33,4.88,11.5,2026-05
PETRONET,2026-02-18,304.0,2026-02-25,313.9,3.26,4.03,hold_expiry,304.0,1.57,57.5,0.92,7.97,10.2,12.69,2026-02
PETRONET,2026-05-05,282.55,2026-05-12,271.15,-4.03,1.31,hold_expiry,282.54998779296875,1.48,65.5,0.59,5.89,10.77,9.03,2026-05
PETRONET,2026-05-27,278.8,2026-06-01,270.45,-2.99,0.52,hold_expiry,278.79998779296875,2.79,46.4,0.51,7.3,0.74,9.79,2026-05
PFIZER,2026-03-02,4911.5,2026-03-10,4803.5,-2.2,0.0,hold_expiry,4911.5,6.57,48.0,0.39,5.53,5.23,14.4,2026-03
PFIZER,2026-04-01,4853.0,2026-04-09,4749.1,-2.14,1.16,hold_expiry,4853.0,3.1,52.2,0.37,6.46,-1.19,7.34,2026-04
PFIZER,2026-04-15,4895.4,2026-04-22,4764.1,-2.68,3.06,hold_expiry,4895.39990234375,1.38,56.1,0.38,5.05,5.89,7.68,2026-04
PFIZER,2026-05-11,4875.4,2026-05-13,4631.63,-5.0,0.5,stop_loss,4875.39990234375,3.36,48.6,0.84,5.3,0.14,6.16,2026-05
PHOENIXLTD,2026-05-06,1839.1,2026-05-12,1747.14,-5.0,0.91,stop_loss,1839.0999755859375,0.32,59.5,0.86,6.84,15.16,11.39,2026-05
PHOENIXLTD,2026-05-21,1795.7,2026-05-29,1771.2,-1.36,1.31,hold_expiry,1795.699951171875,3.24,54.7,0.72,6.93,0.58,8.09,2026-05
PIDILITIND,2026-05-26,1478.5,2026-06-01,1457.2,-1.44,1.5,hold_expiry,1478.5,2.41,63.0,0.73,5.38,6.44,11.57,2026-05
POLYMED,2026-05-04,1527.8,2026-05-11,1650.8,8.05,10.81,hold_expiry,1527.800048828125,1.78,61.3,0.58,5.24,11.51,11.62,2026-05
POLYCAB,2026-05-06,8415.5,2026-05-13,8887.5,5.61,9.56,hold_expiry,8415.5,1.28,67.7,0.83,6.96,10.72,12.74,2026-05
PFC,2026-02-24,416.1,2026-03-04,395.29,-5.0,1.79,stop_loss,416.0984191894531,1.59,56.1,0.79,4.27,10.57,13.58,2026-02
PFC,2026-05-07,457.55,2026-05-14,451.45,-1.33,2.12,hold_expiry,457.54998779296875,5.95,45.4,0.78,5.27,6.89,13.07,2026-05
POWERGRID,2026-02-27,298.65,2026-03-09,295.2,-1.16,1.37,hold_expiry,298.6499938964844,4.19,58.4,0.97,4.63,11.69,13.06,2026-02
POWERGRID,2026-03-19,296.7,2026-03-27,295.5,-0.4,4.15,hold_expiry,296.70001220703125,4.81,42.1,0.98,6.21,0.7,4.91,2026-03
POWERGRID,2026-04-08,294.85,2026-04-16,312.25,5.9,7.51,hold_expiry,294.8500061035156,4.73,45.2,1.0,7.9,-0.12,4.28,2026-04
POWERGRID,2026-05-05,319.45,2026-05-12,306.3,-4.12,0.64,hold_expiry,319.45001220703125,1.69,65.5,0.53,3.15,8.14,11.79,2026-05
PRAJIND,2026-03-24,312.6,2026-04-02,334.1,6.88,7.71,hold_expiry,312.6000061035156,6.21,47.7,0.91,7.39,2.37,7.62,2026-03
PRAJIND,2026-05-26,393.85,2026-05-29,374.16,-5.0,0.42,stop_loss,393.8500061035156,6.89,44.3,0.45,4.64,-1.7,14.29,2026-05
PREMIERENE,2026-05-01,1017.4,2026-05-08,1011.6,-0.57,3.56,hold_expiry,1017.4003295898438,3.11,62.3,0.69,5.69,10.99,14.48,2026-05
PREMIERENE,2026-05-20,992.4,2026-05-27,1046.0,5.4,6.41,hold_expiry,992.4000244140625,5.81,40.6,0.64,6.16,-0.76,9.56,2026-05
PRESTIGE,2026-05-11,1455.5,2026-05-12,1382.72,-5.0,0.6,stop_loss,1455.5,3.91,58.5,0.49,6.18,11.58,14.45,2026-05
RRKABEL,2026-02-23,1450.7,2026-03-02,1531.8,5.59,8.79,hold_expiry,1450.699951171875,3.22,56.0,0.67,5.65,9.03,12.99,2026-02
RBLBANK,2026-04-23,312.45,2026-04-30,336.55,7.71,10.63,hold_expiry,312.45001220703125,4.39,57.7,0.74,4.05,8.0,14.12,2026-04
RBLBANK,2026-05-13,325.75,2026-05-20,328.5,0.84,4.22,hold_expiry,325.75,6.9,57.1,0.82,7.96,3.12,13.16,2026-05
RBLBANK,2026-05-28,348.25,2026-06-01,338.8,-2.71,0.82,hold_expiry,348.25,1.35,53.4,0.63,7.79,3.48,9.53,2026-05
RHIM,2026-05-05,403.05,2026-05-12,382.9,-5.0,2.9,stop_loss,403.04998779296875,5.54,64.4,0.52,4.25,9.42,12.97,2026-05
RITES,2026-05-06,226.42,2026-05-12,215.1,-5.0,1.96,stop_loss,226.4199981689453,1.34,63.9,0.73,6.3,12.98,13.46,2026-05
RADICO,2026-05-15,3499.2,2026-05-22,3561.1,1.77,5.14,hold_expiry,3499.199951171875,0.95,66.9,0.98,3.88,4.76,11.34,2026-05
RADICO,2026-05-27,3439.3,2026-06-01,3506.1,1.94,3.77,hold_expiry,3439.300048828125,6.52,52.6,0.69,6.48,0.47,8.77,2026-05
RVNL,2026-05-08,305.0,2026-05-12,289.75,-5.0,0.0,stop_loss,305.0,2.2,59.0,0.69,5.95,10.91,13.72,2026-05
RAILTEL,2026-05-25,328.55,2026-06-01,312.12,-5.0,0.59,stop_loss,328.54998779296875,6.65,41.7,0.26,5.43,-1.13,11.57,2026-05
RAINBOW,2026-04-28,1241.9,2026-05-05,1257.8,1.28,3.22,hold_expiry,1241.9000244140625,6.06,53.0,0.66,7.84,6.66,14.35,2026-04
RKFORGE,2026-02-26,544.87,2026-03-06,564.29,3.56,4.43,hold_expiry,544.87255859375,6.53,46.0,0.89,5.76,6.78,13.37,2026-02
RKFORGE,2026-03-16,553.26,2026-03-19,525.6,-5.0,0.88,stop_loss,553.2590942382812,5.1,50.5,0.86,5.95,-1.27,5.45,2026-03
RCF,2026-05-04,130.17,2026-05-11,126.12,-3.11,2.71,hold_expiry,130.1699981689453,3.72,59.6,0.29,4.61,10.96,12.73,2026-05
RAYMONDLSL,2026-05-06,828.4,2026-05-07,786.98,-5.0,1.16,stop_loss,828.4000244140625,1.38,58.2,0.74,7.74,2.82,5.45,2026-05
REDINGTON,2026-05-22,221.05,2026-06-01,233.22,5.51,10.32,hold_expiry,221.0500030517578,3.15,49.3,0.66,6.61,0.93,7.54,2026-05
SBFC,2026-05-07,96.76,2026-05-13,91.92,-5.0,4.58,stop_loss,96.76000213623047,6.26,48.0,0.81,6.85,9.98,10.3,2026-05
SBFC,2026-05-29,94.3,2026-06-01,92.24,-2.18,2.86,hold_expiry,94.30000305175781,6.81,40.9,0.44,6.97,0.92,10.51,2026-05
SBILIFE,2026-02-18,2056.74,2026-02-25,2070.72,0.68,3.52,hold_expiry,2056.740966796875,0.95,67.7,0.82,3.22,0.2,4.06,2026-02
SBILIFE,2026-05-25,1901.9,2026-06-01,1806.81,-5.0,0.26,stop_loss,1901.9000244140625,0.16,67.0,0.6,3.23,5.18,5.89,2026-05
SJVN,2026-02-25,75.16,2026-03-02,71.4,-5.0,0.0,stop_loss,75.16000366210938,6.35,61.6,0.94,4.37,5.4,12.81,2026-02
SJVN,2026-05-08,78.79,2026-05-12,74.85,-5.0,0.0,stop_loss,78.79000091552734,5.07,55.3,0.76,3.12,9.2,13.25,2026-05
SJVN,2026-05-15,77.42,2026-05-18,73.55,-5.0,0.0,stop_loss,77.41999816894531,6.72,40.0,0.72,7.51,0.57,9.63,2026-05
SKFINDIA,2026-05-06,1692.2,2026-05-13,1692.8,0.04,5.02,hold_expiry,1692.199951171875,4.4,52.5,0.27,4.73,7.34,13.25,2026-05
SRF,2026-05-04,2551.4,2026-05-11,2798.5,9.68,11.0,hold_expiry,2551.39990234375,2.02,66.2,0.67,4.81,4.83,7.36,2026-05
SRF,2026-05-22,2639.4,2026-05-29,2715.8,2.89,5.19,hold_expiry,2639.39990234375,6.8,57.5,0.63,3.76,5.23,14.71,2026-05
SAGILITY,2026-04-27,42.1,2026-05-04,41.6,-1.19,0.36,hold_expiry,42.099998474121094,3.84,47.8,0.54,6.18,5.54,8.14,2026-04
SAGILITY,2026-05-07,42.81,2026-05-14,42.92,0.26,6.05,hold_expiry,42.810001373291016,1.92,49.1,0.39,6.08,0.21,5.42,2026-05
SAILIFE,2026-03-25,1012.35,2026-03-30,961.73,-5.0,0.0,stop_loss,1012.3499755859375,6.61,37.8,0.86,6.94,9.59,12.12,2026-03
SAILIFE,2026-04-15,981.3,2026-04-22,1006.0,2.52,3.41,hold_expiry,981.2999877929688,4.71,44.9,0.65,5.19,2.96,8.35,2026-04
SAILIFE,2026-05-29,1160.0,2026-06-01,1145.2,-1.28,1.34,hold_expiry,1160.0,2.09,55.5,0.91,6.88,7.24,10.07,2026-05
SAMMAANCAP,2026-02-18,148.54,2026-02-25,157.94,6.33,9.06,hold_expiry,148.5399932861328,2.52,51.6,0.37,4.57,7.58,10.88,2026-02
MOTHERSON,2026-05-13,126.32,2026-05-20,132.17,4.63,7.66,hold_expiry,126.31999969482422,5.02,48.6,0.76,7.45,2.85,11.67,2026-05
SARDAEN,2026-02-19,510.6,2026-02-26,518.9,1.63,5.13,hold_expiry,510.6000061035156,5.09,61.5,0.95,5.9,9.08,14.79,2026-02
SARDAEN,2026-05-05,585.15,2026-05-12,562.15,-3.93,3.54,hold_expiry,585.1500244140625,6.23,50.7,0.83,4.78,10.8,14.9,2026-05
SAREGAMA,2026-05-05,344.25,2026-05-12,332.8,-3.33,8.93,hold_expiry,344.25,5.68,52.1,0.85,6.3,10.66,14.73,2026-05
SCHAEFFLER,2026-02-18,3854.29,2026-02-25,4229.6,9.74,11.55,hold_expiry,3854.287353515625,4.55,65.8,0.86,5.48,9.06,13.84,2026-02
SCHAEFFLER,2026-05-11,4211.6,2026-05-18,4001.02,-5.0,0.08,stop_loss,4211.60009765625,5.25,54.4,0.8,4.85,9.51,13.81,2026-05
SCHAEFFLER,2026-05-27,4157.7,2026-06-01,4079.8,-1.87,0.06,hold_expiry,4157.7001953125,3.24,42.8,0.62,5.27,0.8,7.91,2026-05
SCHNEIDER,2026-03-19,895.2,2026-03-23,850.44,-5.0,3.33,stop_loss,895.2000122070312,5.65,49.4,0.21,7.83,-1.36,9.6,2026-03
SHREECEM,2026-02-25,26865.0,2026-03-02,25521.75,-5.0,0.58,stop_loss,26865.0,2.47,44.8,0.71,4.56,-0.7,5.64,2026-02
SHREECEM,2026-04-27,25125.0,2026-04-30,23868.75,-5.0,0.92,stop_loss,25125.0,2.95,65.9,0.82,4.33,3.69,14.49,2026-04
SHREECEM,2026-05-05,24845.0,2026-05-12,24860.0,0.06,4.61,hold_expiry,24845.0,4.04,48.2,0.55,6.53,6.4,9.83,2026-05
SHREECEM,2026-05-21,24605.0,2026-05-29,25275.0,2.72,4.04,hold_expiry,24605.0,5.33,56.6,0.48,5.81,-1.38,6.08,2026-05
SHRIRAMFIN,2026-02-18,1076.2,2026-02-25,1085.9,0.9,1.75,hold_expiry,1076.199951171875,1.11,59.7,0.65,3.68,9.15,14.5,2026-02
SHRIRAMFIN,2026-03-02,1052.5,2026-03-04,999.88,-5.0,0.0,stop_loss,1052.5,5.01,50.9,0.5,6.74,5.21,12.23,2026-03
SHYAMMETL,2026-02-26,856.35,2026-03-04,813.53,-5.0,0.82,stop_loss,856.3499755859375,6.18,48.9,0.8,5.22,0.01,10.58,2026-02
SIGNATURE,2026-05-13,896.65,2026-05-15,851.82,-5.0,3.5,stop_loss,896.6500244140625,1.47,58.0,0.66,6.69,11.88,14.7,2026-05
SOBHA,2026-02-20,1514.0,2026-02-25,1438.3,-5.0,1.61,stop_loss,1514.0,3.13,66.2,0.47,4.02,9.57,14.74,2026-02
SOLARINDS,2026-02-19,13370.0,2026-02-26,13755.0,2.88,3.55,hold_expiry,13370.0,5.38,48.1,0.57,5.24,3.64,9.41,2026-02
SOLARINDS,2026-05-07,15887.0,2026-05-14,16665.0,4.9,5.12,hold_expiry,15887.0,0.68,64.5,0.61,4.16,14.07,14.0,2026-05
SONACOMS,2026-02-23,536.05,2026-03-02,509.25,-5.0,2.02,stop_loss,536.0499877929688,2.44,53.8,0.78,4.85,10.25,13.08,2026-02
SONACOMS,2026-05-20,588.6,2026-05-27,618.7,5.11,5.64,hold_expiry,588.5999755859375,4.14,42.2,0.98,7.62,2.45,8.21,2026-05
SONACOMS,2026-06-01,600.2,2026-06-01,600.2,0.0,0.0,hold_expiry,600.2000122070312,3.47,57.4,0.54,5.37,3.87,9.61,2026-06
STARHEALTH,2026-02-19,459.35,2026-02-26,474.05,3.2,5.9,hold_expiry,459.3500061035156,5.99,43.7,0.54,6.58,5.42,14.7,2026-02
STARHEALTH,2026-03-05,459.1,2026-03-09,436.15,-5.0,1.72,stop_loss,459.1000061035156,6.04,38.3,0.92,7.62,-1.25,6.96,2026-03
STARHEALTH,2026-03-25,459.15,2026-04-06,458.55,-0.13,2.8,hold_expiry,459.1499938964844,5.61,50.0,0.86,6.43,-1.86,6.08,2026-03
STARHEALTH,2026-04-09,464.55,2026-04-17,503.35,8.35,8.86,hold_expiry,464.54998779296875,2.2,54.7,0.75,5.43,2.99,5.77,2026-04
STARHEALTH,2026-05-27,524.65,2026-06-01,532.95,1.58,2.82,hold_expiry,524.6500244140625,2.11,56.1,0.81,3.32,-0.19,6.29,2026-05
SBIN,2026-05-06,1076.59,2026-05-08,1022.76,-5.0,1.09,stop_loss,1076.5943603515625,2.23,58.6,0.69,4.93,3.25,7.48,2026-05
SAIL,2026-02-18,159.21,2026-02-25,164.93,3.59,5.02,hold_expiry,159.2100067138672,2.33,53.0,0.87,5.95,8.71,11.62,2026-02
SUNPHARMA,2026-02-24,1731.8,2026-03-04,1750.5,1.08,3.49,hold_expiry,1731.800048828125,0.81,67.3,0.6,2.21,8.22,11.62,2026-02
SUNPHARMA,2026-03-23,1758.4,2026-04-01,1728.5,-1.7,3.45,hold_expiry,1758.4000244140625,4.59,51.3,0.98,3.92,1.51,6.74,2026-03
SUNPHARMA,2026-05-21,1891.3,2026-05-29,1796.74,-5.0,0.62,stop_loss,1891.300048828125,1.32,65.6,0.61,2.87,16.72,14.61,2026-05
SUNTV,2026-04-15,620.55,2026-04-22,652.45,5.14,6.47,hold_expiry,620.5499877929688,4.44,58.6,0.66,7.97,10.26,12.11,2026-04
SUNDARMFIN,2026-02-18,5192.5,2026-02-25,5496.0,5.84,6.98,hold_expiry,5192.5,6.53,51.5,0.77,7.66,3.25,10.34,2026-02
SUNDRMFAST,2026-05-01,842.06,2026-05-08,845.45,0.4,8.34,hold_expiry,842.0591430664062,1.57,64.1,0.32,7.46,12.84,14.8,2026-05
SUNDRMFAST,2026-05-13,848.9,2026-05-20,834.55,-1.69,2.47,hold_expiry,848.9000244140625,6.95,56.8,0.59,7.35,4.84,9.82,2026-05
SUNDRMFAST,2026-05-25,857.95,2026-06-01,839.05,-2.2,2.44,hold_expiry,857.9500122070312,5.96,51.5,0.54,5.96,6.56,7.43,2026-05
TBOTEK,2026-05-06,1277.8,2026-05-11,1213.91,-5.0,2.28,stop_loss,1277.800048828125,2.83,52.2,0.42,5.24,9.91,13.97,2026-05
TVSMOTOR,2026-02-19,3816.76,2026-02-26,3940.43,3.24,3.65,hold_expiry,3816.759521484375,1.89,65.0,0.82,2.94,7.28,11.53,2026-02
TATACOMM,2026-05-08,1592.3,2026-05-15,1680.0,5.51,7.77,hold_expiry,1592.300048828125,1.89,63.2,0.94,4.62,5.52,8.58,2026-05
TATACONSUM,2026-02-23,1161.97,2026-03-02,1103.87,-5.0,1.13,stop_loss,1161.9678955078125,2.35,56.9,0.6,4.22,-1.31,6.35,2026-02
TATACONSUM,2026-05-06,1142.53,2026-05-13,1224.64,7.19,11.33,hold_expiry,1142.5322265625,3.74,63.3,0.85,3.12,7.83,12.55,2026-05
TATACONSUM,2026-05-25,1187.2,2026-06-01,1143.3,-3.7,2.0,hold_expiry,1187.199951171875,6.66,60.1,0.99,3.99,4.32,13.34,2026-05
TATAELXSI,2026-05-22,4311.1,2026-05-29,4285.4,-0.6,2.63,hold_expiry,4311.10009765625,0.83,58.9,0.73,7.0,2.92,8.06,2026-05
TATAINVEST,2026-05-07,732.5,2026-05-12,695.88,-5.0,0.38,stop_loss,732.5,3.9,59.7,0.43,4.01,15.02,12.66,2026-05
TATAPOWER,2026-02-18,379.6,2026-02-25,381.25,0.43,1.07,hold_expiry,379.6000061035156,1.21,60.5,0.95,3.67,8.66,12.28,2026-02
TATAPOWER,2026-05-08,436.0,2026-05-13,414.2,-5.0,0.45,stop_loss,436.0,6.22,51.7,0.84,3.06,9.18,13.19,2026-05
TATASTEEL,2026-02-24,209.13,2026-03-04,198.67,-5.0,3.5,stop_loss,209.1300048828125,1.07,67.6,0.93,3.85,7.88,12.91,2026-02
TATASTEEL,2026-04-15,208.72,2026-04-22,213.03,2.06,2.76,hold_expiry,208.72000122070312,1.15,64.2,0.93,4.79,13.74,14.37,2026-04
TATASTEEL,2026-04-30,211.36,2026-05-07,217.09,2.71,3.71,hold_expiry,211.36000061035156,3.15,63.8,0.79,4.62,8.61,13.09,2026-04
TATASTEEL,2026-05-12,212.0,2026-05-19,209.29,-1.28,5.85,hold_expiry,212.0,3.28,48.0,0.68,3.64,1.57,3.96,2026-05
TATATECH,2026-05-01,581.35,2026-05-08,630.95,8.53,13.49,hold_expiry,581.3499755859375,3.91,55.5,0.98,6.98,7.44,10.28,2026-05
TTML,2026-05-27,43.07,2026-06-01,42.49,-1.35,1.51,hold_expiry,43.06999969482422,5.94,37.7,0.3,5.56,0.33,7.88,2026-05
TECHM,2026-04-15,1483.8,2026-04-22,1409.61,-5.0,3.2,stop_loss,1483.800048828125,0.62,66.8,0.85,5.67,11.33,13.32,2026-04
TECHM,2026-05-06,1466.7,2026-05-12,1393.36,-5.0,0.63,stop_loss,1466.699951171875,4.22,46.3,0.87,3.24,1.05,10.5,2026-05
TECHNOE,2026-05-11,1243.2,2026-05-18,1181.04,-5.0,1.49,stop_loss,1243.199951171875,6.92,48.4,0.85,7.53,11.67,13.89,2026-05
NIACL,2026-05-20,163.1,2026-05-27,160.56,-1.56,3.99,hold_expiry,163.10000610351562,6.8,54.5,0.34,7.02,-0.64,4.95,2026-05
RAMCOCEM,2026-02-23,1143.3,2026-03-02,1086.14,-5.0,1.52,stop_loss,1143.300048828125,5.86,51.9,0.9,7.02,6.72,11.52,2026-02
THERMAX,2026-03-09,3064.5,2026-03-16,3259.2,6.35,8.66,hold_expiry,3064.5,5.61,58.1,0.97,7.79,5.92,14.41,2026-03
TIMKEN,2026-02-19,3150.1,2026-02-26,3358.2,6.61,7.55,hold_expiry,3150.10009765625,6.14,62.1,0.74,6.63,3.82,14.26,2026-02
TIMKEN,2026-04-08,3444.9,2026-04-16,3493.4,1.41,5.02,hold_expiry,3444.89990234375,4.57,49.9,0.77,7.73,4.85,13.18,2026-04
TIMKEN,2026-04-29,3440.6,2026-05-06,3444.4,0.11,2.45,hold_expiry,3440.60009765625,6.5,49.7,0.93,7.74,6.68,12.51,2026-04
TIMKEN,2026-05-11,3619.0,2026-05-18,3438.05,-5.0,0.53,stop_loss,3619.0,1.65,57.6,0.85,7.48,4.27,7.67,2026-05
TITAN,2026-02-24,4294.5,2026-03-04,4204.4,-2.1,1.34,hold_expiry,4294.5,1.92,63.0,0.9,2.6,8.03,11.4,2026-02
TITAN,2026-03-10,4220.1,2026-03-16,4009.1,-5.0,0.35,stop_loss,4220.10009765625,3.62,48.6,0.79,5.36,-1.15,4.77,2026-03
TITAN,2026-04-30,4385.2,2026-05-07,4307.5,-1.77,1.42,hold_expiry,4385.2001953125,3.71,45.4,0.97,2.95,7.86,12.2,2026-04
TORNTPHARM,2026-04-29,4231.5,2026-05-06,4358.3,3.0,4.85,hold_expiry,4231.5,2.34,66.9,0.78,5.32,0.27,6.85,2026-04
TORNTPHARM,2026-05-13,4295.8,2026-05-20,4429.2,3.11,5.24,hold_expiry,4295.7998046875,5.69,59.1,0.69,6.83,3.37,10.42,2026-05
TRENT,2026-05-08,4242.3,2026-05-13,4030.18,-5.0,0.0,stop_loss,4242.2998046875,5.68,50.0,0.58,7.08,8.32,13.81,2026-05
TRENT,2026-05-27,4248.6,2026-06-01,4157.3,-2.15,2.05,hold_expiry,4248.60009765625,2.6,47.0,0.6,7.65,2.51,8.33,2026-05
TRIDENT,2026-04-30,25.44,2026-05-07,26.28,3.27,4.7,hold_expiry,25.442367553710938,3.31,62.6,0.48,6.04,8.71,12.1,2026-04
TRIVENI,2026-02-24,380.0,2026-03-04,398.9,4.97,10.0,hold_expiry,380.0,5.28,53.3,0.66,7.06,6.41,13.01,2026-02
TRIVENI,2026-05-06,407.0,2026-05-12,386.65,-5.0,1.23,stop_loss,407.0,6.44,62.6,0.58,4.86,4.96,13.36,2026-05
TIINDIA,2026-05-11,2992.2,2026-05-14,2842.59,-5.0,2.62,stop_loss,2992.199951171875,5.1,57.9,0.59,6.73,10.19,14.19,2026-05
TIINDIA,2026-06-01,3056.6,2026-06-01,3056.6,0.0,0.0,hold_expiry,3056.60009765625,5.95,53.8,0.99,7.8,5.18,13.73,2026-06
UCOBANK,2026-02-18,29.03,2026-02-25,29.05,0.1,2.58,hold_expiry,29.025325775146484,0.47,58.0,1.0,6.2,2.68,4.78,2026-02
UCOBANK,2026-05-01,26.35,2026-05-08,26.78,1.63,4.33,hold_expiry,26.350000381469727,1.36,57.8,0.73,3.29,12.09,13.72,2026-05
UNOMINDA,2026-02-26,1230.6,2026-03-02,1169.07,-5.0,0.0,stop_loss,1230.5999755859375,1.94,66.3,0.9,6.07,4.16,8.27,2026-02
UNOMINDA,2026-04-30,1112.5,2026-05-07,1145.7,2.98,3.28,hold_expiry,1112.5,4.51,63.9,1.0,6.76,6.62,14.61,2026-04
UNOMINDA,2026-05-13,1126.3,2026-05-18,1069.99,-5.0,3.13,stop_loss,1126.300048828125,5.33,49.2,0.77,6.65,1.52,8.24,2026-05
UPL,2026-05-01,641.85,2026-05-08,646.0,0.65,3.45,hold_expiry,641.8499755859375,4.44,47.9,0.55,3.51,8.24,11.58,2026-05
UPL,2026-05-25,652.3,2026-06-01,645.25,-1.08,1.43,hold_expiry,652.2999877929688,4.44,53.3,0.98,4.85,1.05,6.68,2026-05
ULTRACEMCO,2026-02-18,13052.0,2026-02-25,13041.0,-0.08,0.07,hold_expiry,13052.0,0.44,64.5,0.64,2.0,6.71,7.88,2026-02
ULTRACEMCO,2026-05-11,11866.0,2026-05-18,11272.7,-5.0,0.0,stop_loss,11866.0,3.39,44.8,0.93,5.6,3.16,6.5,2026-05
ULTRACEMCO,2026-05-25,11726.0,2026-06-01,11232.0,-4.21,0.45,hold_expiry,11726.0,4.53,43.5,0.79,5.22,-0.77,7.65,2026-05
UBL,2026-02-26,1594.2,2026-03-06,1758.2,10.29,11.6,hold_expiry,1594.199951171875,3.84,63.5,0.76,3.93,8.56,14.71,2026-02
UNITDSPR,2026-02-19,1397.1,2026-02-26,1388.8,-0.59,2.16,hold_expiry,1397.0999755859375,2.39,60.1,0.51,2.94,4.86,10.86,2026-02
UNITDSPR,2026-05-27,1302.5,2026-06-01,1248.8,-4.12,0.49,hold_expiry,1302.5,3.52,56.1,0.88,4.07,-1.74,7.29,2026-05
USHAMART,2026-05-25,473.9,2026-06-01,490.75,3.56,9.31,hold_expiry,473.8999938964844,3.29,60.4,0.97,5.46,3.58,7.26,2026-05
VGUARD,2026-03-19,324.05,2026-03-27,316.2,-2.42,2.47,hold_expiry,324.04998779296875,2.69,55.6,0.78,6.68,0.4,9.23,2026-03
VGUARD,2026-04-16,325.25,2026-04-23,333.75,2.61,3.55,hold_expiry,325.25,2.33,53.4,0.98,6.39,1.12,5.77,2026-04
VTL,2026-03-12,541.35,2026-03-19,529.25,-2.24,3.43,hold_expiry,541.3499755859375,1.93,62.3,0.53,6.34,11.91,13.68,2026-03
VTL,2026-03-24,534.6,2026-04-02,536.6,0.37,1.55,hold_expiry,534.5999755859375,4.52,48.2,0.82,7.01,-0.94,4.76,2026-03
VTL,2026-04-08,551.35,2026-04-16,545.45,-1.07,2.66,hold_expiry,551.3499755859375,1.53,59.4,0.74,7.57,2.0,6.56,2026-04
VTL,2026-05-19,613.7,2026-05-26,598.65,-2.45,2.13,hold_expiry,613.7000122070312,5.15,51.6,0.89,7.94,8.42,11.28,2026-05
VBL,2026-05-14,505.15,2026-05-21,519.85,2.91,4.11,hold_expiry,505.1499938964844,5.44,57.8,0.48,6.16,6.7,12.65,2026-05
VBL,2026-05-26,531.3,2026-06-01,525.5,-1.09,2.47,hold_expiry,531.2999877929688,2.33,62.6,0.89,7.3,1.66,9.85,2026-05
VEDL,2026-03-04,689.49,2026-03-11,709.7,2.93,6.06,hold_expiry,689.4850463867188,5.06,50.0,0.76,6.71,1.92,12.58,2026-03
VIJAYA,2026-02-19,1009.5,2026-02-26,985.25,-2.4,1.54,hold_expiry,1009.5,2.65,64.7,0.74,6.14,1.84,9.97,2026-02
VMM,2026-05-06,124.2,2026-05-13,119.5,-3.78,1.42,hold_expiry,124.19999694824219,4.02,64.7,0.3,5.55,6.53,14.53,2026-05
VMM,2026-05-21,123.33,2026-05-29,121.77,-1.26,0.78,hold_expiry,123.33000183105469,4.69,52.8,0.91,6.11,-0.01,7.68,2026-05
WELCORP,2026-02-26,824.9,2026-03-02,783.66,-5.0,0.62,stop_loss,824.9000244140625,2.38,50.0,0.56,7.92,13.12,14.43,2026-02
WELCORP,2026-04-02,846.85,2026-04-10,961.8,13.57,14.19,hold_expiry,846.8499755859375,2.64,52.6,0.77,5.53,6.47,9.82,2026-04
WELSPUNLIV,2026-05-05,130.19,2026-05-12,134.37,3.21,6.77,hold_expiry,130.19000244140625,4.59,62.6,0.61,5.26,9.12,13.57,2026-05
WESTLIFE,2026-04-30,475.85,2026-05-07,500.95,5.27,6.23,hold_expiry,475.8500061035156,5.02,58.3,0.84,6.81,3.14,8.92,2026-04
WESTLIFE,2026-05-12,506.85,2026-05-13,481.51,-5.0,0.41,stop_loss,506.8500061035156,1.37,63.2,0.85,6.62,7.9,12.06,2026-05
WHIRLPOOL,2026-03-05,908.8,2026-03-09,863.36,-5.0,1.21,stop_loss,908.7999877929688,3.89,55.3,0.64,6.45,9.18,11.13,2026-03
WIPRO,2026-05-04,200.75,2026-05-11,196.68,-2.03,0.77,hold_expiry,200.75,5.74,46.7,0.97,2.84,1.75,6.14,2026-05
WIPRO,2026-05-21,199.74,2026-05-28,201.58,0.92,4.91,hold_expiry,199.74000549316406,2.89,48.3,0.83,5.95,0.19,9.97,2026-05
WOCKPHARMA,2026-02-18,1433.4,2026-02-23,1361.73,-5.0,0.24,stop_loss,1433.4000244140625,2.02,59.6,0.83,5.56,6.29,8.78,2026-02
WOCKPHARMA,2026-05-04,1425.0,2026-05-11,1625.6,14.08,24.77,hold_expiry,1425.0,6.98,61.8,0.94,4.18,11.86,13.21,2026-05
YESBANK,2026-05-29,23.15,2026-06-01,23.01,-0.6,2.68,hold_expiry,23.149999618530273,1.7,56.4,0.87,7.0,15.98,14.04,2026-05
ZFCVINDIA,2026-02-23,15595.0,2026-03-02,14815.25,-5.0,2.44,stop_loss,15595.0,6.42,53.7,0.73,6.88,11.08,14.92,2026-02
ZFCVINDIA,2026-05-04,14745.0,2026-05-11,14594.0,-1.02,3.4,hold_expiry,14745.0,5.17,65.4,0.99,4.7,7.28,13.18,2026-05
ZFCVINDIA,2026-05-29,14674.0,2026-06-01,14336.0,-2.3,0.76,hold_expiry,14674.0,4.4,52.3,0.81,6.21,-0.17,5.94,2026-05
ZENTEC,2026-02-27,1359.9,2026-03-09,1440.7,5.94,6.88,hold_expiry,1359.9000244140625,4.2,57.9,0.65,5.05,1.07,3.6,2026-02
ZENTEC,2026-06-01,1618.8,2026-06-01,1618.8,0.0,0.0,hold_expiry,1618.800048828125,5.98,55.6,0.67,7.6,6.26,11.35,2026-06
ZYDUSLIFE,2026-02-24,903.85,2026-03-04,896.9,-0.77,4.83,hold_expiry,903.8499755859375,3.16,49.6,0.96,2.39,0.77,4.98,2026-02
ZYDUSLIFE,2026-03-25,903.7,2026-04-01,858.52,-5.0,0.74,stop_loss,903.7000122070312,4.63,47.0,0.84,6.53,-1.73,8.21,2026-03
ZYDUSLIFE,2026-04-20,936.5,2026-04-27,939.65,0.34,2.82,hold_expiry,936.5,1.33,62.7,0.83,6.23,4.1,12.3,2026-04
ZYDUSLIFE,2026-05-12,930.65,2026-05-19,1018.9,9.48,12.61,hold_expiry,930.6500244140625,3.45,50.2,0.95,5.35,-0.58,7.87,2026-05
