date,symbol,action,score,price,pe_ratio,roe,debt_to_equity,reason,rank,sector
2025-10-30 12:48:24.575961,UJJIVANSFB,INCREASE POSITION,70.93750791449341,52.76,24.654203,6.832000000000001,0.0,🟢 STRONG BUY (UNDERVALUED) (DIVERSIFIES),0,Financial Services
2025-10-30 12:48:24.580038,IDBI,INCREASE POSITION,92.53824223268089,99.35,11.498842,15.128,0.0,🟢 STRONG BUY (UNDERVALUED) (DIVERSIFIES),0,Financial Services
2025-10-30 12:48:24.583557,SBIN,BOOK 30% PROFITS,89.03196960072117,940.75,10.571413,16.584,0.0,🟢 STRONG BUY (UNDERVALUED) (DIVERSIFIES),0,Financial Services
2025-10-30 12:48:24.586863,INDIANB,INCREASE POSITION,87.63449363918973,853.0,10.186291,15.754,0.0,🟢 STRONG BUY (UNDERVALUED) (DIVERSIFIES),0,Financial Services
2025-10-30 12:48:24.590117,CUB,INCREASE POSITION,87.76407143400422,234.53,15.005118,13.041,0.0,🟢 STRONG BUY (UNDERVALUED) (DIVERSIFIES),0,Financial Services
2025-10-30 12:48:24.593298,AXISBANK,INCREASE POSITION,75.4598130172474,1244.8,14.922082,14.004,0.0,🟢 STRONG BUY (UNDERVALUED) (DIVERSIFIES),0,Financial Services
2025-10-30 12:48:24.597542,ICICIGI,INCREASE POSITION,71.18109620001607,2013.4,35.934322,17.802,0.0,🟢 STRONG BUY (DIVERSIFIES),0,Financial Services
2025-10-30 12:48:24.601249,KARURVYSYA,INCREASE POSITION,89.24971904129845,248.33,11.401745,17.764,0.0,🟢 STRONG BUY (UNDERVALUED) (DIVERSIFIES),0,Financial Services
2025-10-30 12:48:24.604558,FEDERALBNK,BOOK 30% PROFITS,81.24831514836939,234.66,14.691922,11.451,0.0,🟢 STRONG BUY (UNDERVALUED) (DIVERSIFIES),0,Financial Services
2025-10-30 12:48:24.607590,HDFCBANK,BOOK 71% PROFITS,82.70123230663982,1001.55,22.897804,10.8430006,0.0,🟢 STRONG BUY (UNDERVALUED) (DIVERSIFIES),0,Financial Services
2025-10-30 12:48:24.610557,UCOBANK,BOOK 30% PROFITS,78.94611204570506,32.6,15.825242,8.405,0.0,🟢 STRONG BUY (UNDERVALUED) (DIVERSIFIES),0,Financial Services
2025-10-30 12:48:24.613802,RECLTD,INCREASE POSITION,91.66144610132744,379.1,5.790438,21.997,10.0,🟢 STRONG BUY (UNDERVALUED) (DIVERSIFIES),0,Financial Services
2025-10-30 12:48:24.617388,UNIONBANK,INCREASE POSITION,94.05729351601484,145.74,5.9123735,16.747,0.0,🟢 STRONG BUY (UNDERVALUED) (DIVERSIFIES),0,Financial Services
2025-10-30 12:48:24.620503,PNB,BOOK 30% PROFITS,85.48891614913519,120.76,8.142954,12.666,0.0,🟢 STRONG BUY (UNDERVALUED) (DIVERSIFIES),0,Financial Services
2025-10-30 12:48:24.623459,MAHABANK,INCREASE POSITION,90.84563215050314,58.87,7.4237075,22.427,0.0,🟢 STRONG BUY (UNDERVALUED) (DIVERSIFIES),0,Financial Services
2025-10-30 12:48:24.626436,CANBK,BOOK 30% PROFITS,89.65134503630084,131.3,6.4357843,16.364,0.0,🟢 STRONG BUY (UNDERVALUED) (DIVERSIFIES),0,Financial Services
2025-10-30 12:48:24.629400,CENTRALBK,BOOK 30% PROFITS,94.68137178266672,39.64,7.682171,12.716,0.0,🟢 STRONG BUY (UNDERVALUED) (DIVERSIFIES),0,Financial Services
2025-10-30 12:48:24.632881,BANKBARODA,BOOK 30% PROFITS,82.84603787804666,272.8,7.251462,13.797,0.0,🟢 STRONG BUY (UNDERVALUED) (DIVERSIFIES),0,Financial Services
2025-10-30 12:48:24.635944,BANKINDIA,BOOK 50% PROFITS,90.71559396818311,140.32,6.6219916,12.234,0.0,🟢 STRONG BUY (UNDERVALUED) (DIVERSIFIES),0,Financial Services
2025-10-30 12:48:24.639202,INDUSTOWER,INCREASE POSITION,83.28476435221468,367.3,10.363996,29.018998,10.0,🟢 STRONG BUY (UNDERVALUED) (DIVERSIFIES),0,Communication Services
2025-10-30 12:48:24.642306,GICRE,INCREASE POSITION,86.10219640386046,382.35,7.836647,9.172,0.0,🟢 STRONG BUY (UNDERVALUED) (DIVERSIFIES),0,Financial Services
2025-10-30 12:48:24.645352,BANDHANBNK,INCREASE POSITION,74.51030336774053,171.17,13.425097,0.0,0.0,🟢 STRONG BUY (UNDERVALUED) (DIVERSIFIES),0,Financial Services
2025-10-30 12:48:24.649042,ICICIBANK,INCREASE POSITION,71.77805429484052,1366.8,18.505281,17.599002,0.0,🟢 STRONG BUY (UNDERVALUED) (DIVERSIFIES),0,Financial Services
2025-10-30 12:48:24.652785,AUBANK,BOOK 30% PROFITS,65.83977721993034,878.9,30.182005,12.654000000000002,0.0,🟢 STRONG BUY (DIVERSIFIES),0,Financial Services
2025-10-30 12:48:24.655931,KOTAKBANK,INCREASE POSITION,65.14769275761557,2134.9,22.874744,11.78,0.0,🟢 STRONG BUY (UNDERVALUED) (DIVERSIFIES),0,Financial Services
2025-10-30 12:48:24.658994,NMDC,INCREASE POSITION,81.67448308794047,76.02,9.514393,23.584,10.0,🟢 BUY (VALUE) (DIVERSIFIES),0,Basic Materials
2025-10-30 12:48:24.661936,NESTLEIND,INCREASE POSITION,51.59900577058357,1277.0,83.5733,70.792,10.0,🟢 BUY (DIVERSIFIES),0,Consumer Defensive
2025-10-30 12:48:24.666110,HINDUNILVR,CONSIDER SELLING,45.335226088865134,2465.0,53.26275,21.819,3.611,🟠 WEAK SELL,0,Consumer Defensive
2025-10-30 13:06:57.696075,UJJIVANSFB,INCREASE POSITION,70.93624580339043,52.74,24.64486,6.832000000000001,0.0,🟢 STRONG BUY (UNDERVALUED) (DIVERSIFIES),0,Financial Services
2025-10-30 13:06:57.700464,IDBI,INCREASE POSITION,92.52843958208204,99.07,11.4664345,15.128,0.0,🟢 STRONG BUY (UNDERVALUED) (DIVERSIFIES),0,Financial Services
2025-10-30 13:06:57.704287,SBIN,BOOK 30% PROFITS,89.032144921692,940.8,10.571975,16.584,0.0,🟢 STRONG BUY (UNDERVALUED) (DIVERSIFIES),0,Financial Services
2025-10-30 13:06:57.707385,INDIANB,INCREASE POSITION,87.82052685650699,856.0,10.222116,15.754,0.0,🟢 STRONG BUY (UNDERVALUED) (DIVERSIFIES),0,Financial Services
2025-10-30 13:06:57.710680,CUB,INCREASE POSITION,87.76814177433599,234.97,15.033269,13.041,0.0,🟢 STRONG BUY (UNDERVALUED) (DIVERSIFIES),0,Financial Services
2025-10-30 13:06:57.714078,AXISBANK,INCREASE POSITION,75.46034409159259,1244.9,14.923281,14.004,0.0,🟢 STRONG BUY (UNDERVALUED) (DIVERSIFIES),0,Financial Services
2025-10-30 13:06:57.717876,ICICIGI,INCREASE POSITION,71.177859291145,2011.4,35.89863,17.802,0.0,🟢 STRONG BUY (DIVERSIFIES),0,Financial Services
2025-10-30 13:06:57.721610,KARURVYSYA,INCREASE POSITION,88.88675019831115,247.37,11.357667,17.764,0.0,🟢 STRONG BUY (UNDERVALUED) (DIVERSIFIES),0,Financial Services
2025-10-30 13:06:57.725427,CANBK,BOOK 30% PROFITS,93.22989308871249,133.69,6.5534315,16.364,0.0,🟢 STRONG BUY (UNDERVALUED) (DIVERSIFIES),0,Financial Services
2025-10-30 13:06:57.728852,HDFCBANK,BOOK 71% PROFITS,82.69899178713489,1001.2,22.889803,10.8430006,0.0,🟢 STRONG BUY (UNDERVALUED) (DIVERSIFIES),0,Financial Services
2025-10-30 13:06:57.732416,NMDC,INCREASE POSITION,81.6652939511299,75.95,9.505632,23.584,10.0,🟢 BUY (VALUE) (DIVERSIFIES),0,Basic Materials
2025-10-30 13:06:57.736498,FEDERALBNK,BOOK 30% PROFITS,81.25329196721121,235.35,14.737007,11.451,0.0,🟢 STRONG BUY (UNDERVALUED) (DIVERSIFIES),0,Financial Services
2025-10-30 13:06:57.739826,UCOBANK,BOOK 30% PROFITS,78.9570652457974,32.71,15.878641,8.405,0.0,🟢 STRONG BUY (UNDERVALUED) (DIVERSIFIES),0,Financial Services
2025-10-30 13:06:57.743133,RECLTD,INCREASE POSITION,91.66144610132744,378.85,5.7866197,21.997,10.0,🟢 STRONG BUY (UNDERVALUED) (DIVERSIFIES),0,Financial Services
2025-10-30 13:06:57.746687,UNIONBANK,INCREASE POSITION,94.07957493081942,146.74,5.9529414,16.747,0.0,🟢 STRONG BUY (UNDERVALUED) (DIVERSIFIES),0,Financial Services
2025-10-30 13:06:57.750266,PNB,BOOK 30% PROFITS,85.51300801172277,121.65,8.202967,12.666,0.0,🟢 STRONG BUY (UNDERVALUED) (DIVERSIFIES),0,Financial Services
2025-10-30 13:06:57.755118,MAHABANK,INCREASE POSITION,90.85999180295164,59.0,7.440101,22.427,0.0,🟢 STRONG BUY (UNDERVALUED) (DIVERSIFIES),0,Financial Services
2025-10-30 13:06:57.759044,BANKBARODA,BOOK 30% PROFITS,85.41544015603137,274.15,7.2873473,13.797,0.0,🟢 STRONG BUY (UNDERVALUED) (DIVERSIFIES),0,Financial Services
2025-10-30 13:06:57.762708,CENTRALBK,BOOK 30% PROFITS,94.68625918791707,39.7,7.693799,12.716,0.0,🟢 STRONG BUY (UNDERVALUED) (DIVERSIFIES),0,Financial Services
2025-10-30 13:06:57.766630,BANKINDIA,BOOK 50% PROFITS,90.7345561366769,141.11,6.659273,12.234,0.0,🟢 STRONG BUY (UNDERVALUED) (DIVERSIFIES),0,Financial Services
2025-10-30 13:06:57.770828,INDUSTOWER,INCREASE POSITION,83.28476435221468,367.3,10.363996,29.018998,10.0,🟢 STRONG BUY (UNDERVALUED) (DIVERSIFIES),0,Communication Services
2025-10-30 13:06:57.774422,GICRE,INCREASE POSITION,86.10167330277632,382.3,7.835622,9.172,0.0,🟢 STRONG BUY (UNDERVALUED) (DIVERSIFIES),0,Financial Services
2025-10-30 13:06:57.777904,BANDHANBNK,INCREASE POSITION,74.5000167807024,170.89,13.403137,0.0,0.0,🟢 STRONG BUY (UNDERVALUED) (DIVERSIFIES),0,Financial Services
2025-10-30 13:06:57.781318,ICICIBANK,INCREASE POSITION,71.7754685082824,1366.4,18.499865,17.599002,0.0,🟢 STRONG BUY (UNDERVALUED) (DIVERSIFIES),0,Financial Services
2025-10-30 13:06:57.786184,AUBANK,BOOK 30% PROFITS,65.83575746535912,877.45,30.132212,12.654000000000002,0.0,🟢 STRONG BUY (DIVERSIFIES),0,Financial Services
2025-10-30 13:06:57.790454,KOTAKBANK,INCREASE POSITION,65.40679653896498,2132.6,22.850101,11.78,0.0,🟢 STRONG BUY (UNDERVALUED) (DIVERSIFIES),0,Financial Services
2025-10-30 13:06:57.794350,NESTLEIND,INCREASE POSITION,51.45538961898976,1276.1,83.5144,70.792,10.0,🟢 BUY (DIVERSIFIES),0,Consumer Defensive
2025-10-30 13:06:57.798138,HINDUNILVR,CONSIDER SELLING,46.27073593519211,2467.9,53.32541,21.819,3.611,🟠 WEAK SELL,0,Consumer Defensive
2025-10-30 13:06:57.802365,M&MFIN,NEW POSITION,,313.75,16.556728,10.9919995,10.0,🟢 STRONG BUY (UNDERVALUED) (DIVERSIFIES),0,Financial Services
2025-10-30 13:06:57.806229,SHRIRAMFIN,NEW POSITION,,736.35,14.429747,18.113,10.0,🟢 STRONG BUY (UNDERVALUED) (DIVERSIFIES),0,Financial Services
2025-10-30 13:06:57.810422,BAJAJFINSV,NEW POSITION,,2109.3,35.76297,16.087,10.0,🟢 STRONG BUY (DIVERSIFIES),0,Financial Services
2025-10-30 13:06:57.814222,HINDALCO,NEW POSITION,,856.85,11.256568,14.729999,10.0,🟢 STRONG BUY (UNDERVALUED) (DIVERSIFIES),0,Basic Materials
2025-10-31 10:07:10.464859,UJJIVANSFB,INCREASE POSITION,71.36243890762702,52.22,24.401869,6.832000000000001,0.0,🟢 STRONG BUY (UNDERVALUED) (DIVERSIFIES),0,Financial Services
2025-10-31 10:07:10.480402,IDBI,INCREASE POSITION,92.68264414476428,100.74,11.659721,15.128,0.0,🟢 STRONG BUY (UNDERVALUED) (DIVERSIFIES),0,Financial Services
2025-10-31 10:07:10.485347,SBIN,BOOK 30% PROFITS,87.62215016816072,940.0,10.557053,16.584,0.0,🟢 STRONG BUY (UNDERVALUED) (DIVERSIFIES),0,Financial Services
2025-10-31 10:07:10.490319,CUB,INCREASE POSITION,89.75247157293785,232.56,14.888604,13.041,0.0,🟢 STRONG BUY (UNDERVALUED) (DIVERSIFIES),0,Financial Services
2025-10-31 10:07:10.494312,ICICIGI,INCREASE POSITION,68.90436946907572,2016.3,36.011787,17.802,0.0,🟢 STRONG BUY (DIVERSIFIES),0,Financial Services
2025-10-31 10:07:10.498507,KARURVYSYA,INCREASE POSITION,88.78783828718188,245.7,11.280992,17.764,0.0,🟢 STRONG BUY (UNDERVALUED) (DIVERSIFIES),0,Financial Services
2025-10-31 10:07:10.503885,INDIANB,BOOK 30% PROFITS,86.72876225942736,873.5,10.437328,15.754,0.0,🟢 STRONG BUY (UNDERVALUED) (DIVERSIFIES),0,Financial Services
2025-10-31 10:07:10.508156,FEDERALBNK,BOOK 30% PROFITS,81.47996053717381,236.6,14.815279,11.451,0.0,🟢 STRONG BUY (UNDERVALUED) (DIVERSIFIES),0,Financial Services
2025-10-31 10:07:10.512198,PNB,BOOK 30% PROFITS,85.65075332358172,121.88,8.212937,12.666,0.0,🟢 STRONG BUY (UNDERVALUED) (DIVERSIFIES),0,Financial Services
2025-10-31 10:07:10.516104,HDFCBANK,BOOK 71% PROFITS,82.04224529917501,996.6,22.79506,10.8430006,0.0,🟢 STRONG BUY (UNDERVALUED) (DIVERSIFIES),0,Financial Services
2025-10-31 10:07:10.521925,NMDC,INCREASE POSITION,85.51294106602323,75.56,9.456821,23.085,10.0,🟢 STRONG BUY (UNDERVALUED) (DIVERSIFIES),0,Basic Materials
2025-10-31 10:07:10.526372,CANBK,BOOK 30% PROFITS,92.31012882940624,135.77,5.7505293,16.364,0.0,🟢 STRONG BUY (UNDERVALUED) (DIVERSIFIES),0,Financial Services
2025-10-31 10:07:10.530345,UNIONBANK,INCREASE POSITION,92.70889242696676,148.39,6.1217,16.747,0.0,🟢 STRONG BUY (UNDERVALUED) (DIVERSIFIES),0,Financial Services
2025-10-31 10:07:10.535163,MAHABANK,INCREASE POSITION,92.38047226527026,59.25,7.4716268,22.427,0.0,🟢 STRONG BUY (UNDERVALUED) (DIVERSIFIES),0,Financial Services
2025-10-31 10:07:10.539989,UCOBANK,BOOK 30% PROFITS,79.12549517402599,33.0,16.019419,8.405,0.0,🟢 STRONG BUY (UNDERVALUED) (DIVERSIFIES),0,Financial Services
2025-10-31 10:07:10.544296,AXISBANK,INCREASE POSITION,74.48416168183064,1237.3,14.821514,14.004,0.0,🟢 STRONG BUY (UNDERVALUED) (DIVERSIFIES),0,Financial Services
2025-10-31 10:07:10.548613,BANKINDIA,BOOK 50% PROFITS,90.84453555514465,140.7,6.6461973,12.234,0.0,🟢 STRONG BUY (UNDERVALUED) (DIVERSIFIES),0,Financial Services
2025-10-31 10:07:10.554104,RECLTD,INCREASE POSITION,86.61674977973178,378.45,5.782277,21.997,10.0,🟢 STRONG BUY (UNDERVALUED) (DIVERSIFIES),0,Financial Services
2025-10-31 10:07:10.558520,CENTRALBK,BOOK 30% PROFITS,94.7066979273437,39.65,7.684109,12.716,0.0,🟢 STRONG BUY (UNDERVALUED) (DIVERSIFIES),0,Financial Services
2025-10-31 10:07:10.562559,INDUSTOWER,INCREASE POSITION,81.9779320421552,367.3,10.36692,29.018998,10.0,🟢 STRONG BUY (UNDERVALUED) (DIVERSIFIES),0,Communication Services
2025-10-31 10:07:10.567638,ICICIBANK,INCREASE POSITION,72.09414473366019,1357.8,18.388409,17.599002,0.0,🟢 STRONG BUY (UNDERVALUED) (DIVERSIFIES),0,Financial Services
2025-10-31 10:07:10.573137,GICRE,INCREASE POSITION,85.27702044922091,381.15,7.8088503,9.172,0.0,🟢 STRONG BUY (UNDERVALUED) (DIVERSIFIES),0,Financial Services
2025-10-31 10:07:10.577477,AUBANK,BOOK 30% PROFITS,66.00320337849658,878.05,30.204678,12.654000000000002,0.0,🟢 STRONG BUY (DIVERSIFIES),0,Financial Services
2025-10-31 10:07:10.581476,KOTAKBANK,INCREASE POSITION,64.97996687465076,2122.1,22.720558,11.78,0.0,🟢 STRONG BUY (UNDERVALUED) (DIVERSIFIES),0,Financial Services
2025-10-31 10:07:10.586886,BANDHANBNK,INCREASE POSITION,66.40813889215111,161.99,12.715072,0.0,0.0,🟢 STRONG BUY (UNDERVALUED) (DIVERSIFIES),0,Financial Services
2025-10-31 10:07:10.591427,BANKBARODA,BOOK 30% PROFITS,82.22719286983344,275.25,7.3126993,13.797,0.0,🟢 STRONG BUY (UNDERVALUED) (DIVERSIFIES),0,Financial Services
2025-10-31 10:07:10.595624,NESTLEIND,INCREASE POSITION,50.13812872829273,1281.4,83.424484,70.792,10.0,🟢 BUY (DIVERSIFIES),0,Consumer Defensive
2025-10-31 10:07:10.600282,HINDUNILVR,CONSIDER SELLING,46.66484275033985,2474.2,53.288822,21.819,3.611,🟠 WEAK SELL,0,Consumer Defensive
2025-10-31 10:07:10.605914,SHRIRAMFIN,NEW POSITION,,737.0,14.425524,18.113,10.0,🟢 STRONG BUY (UNDERVALUED) (DIVERSIFIES),0,Financial Services
2025-10-31 10:07:10.610135,BAJAJFINSV,NEW POSITION,,2120.8,35.945763,16.087,10.0,🟢 STRONG BUY (DIVERSIFIES),0,Financial Services
2025-10-31 10:07:10.614066,HINDALCO,NEW POSITION,,852.7,11.210887,14.729999,10.0,🟢 STRONG BUY (UNDERVALUED) (DIVERSIFIES),0,Basic Materials
2025-10-31 10:07:10.619415,MUTHOOTFIN,NEW POSITION,,3227.2,20.93681,21.574,10.0,🟢 STRONG BUY (UNDERVALUED) (DIVERSIFIES),0,Financial Services
2025-10-31 10:07:10.624019,M&MFIN,NEW POSITION,,316.5,16.684238,10.9919995,10.0,🟢 STRONG BUY (UNDERVALUED) (DIVERSIFIES),0,Financial Services
2025-11-02 11:27:32.148743,UJJIVANSFB,INCREASE POSITION,71.33882572834625,51.84,24.224298,6.832000000000001,0.0,🟢 STRONG BUY (UNDERVALUED) (DIVERSIFIES),0,Financial Services
2025-11-02 11:27:32.153512,IDBI,🚀 MOMENTUM PLAY - INCREASE,93.66084852167896,103.8,12.013888,15.128,0.0,🟢 STRONG BUY (UNDERVALUED) (DIVERSIFIES),0,Financial Services
2025-11-02 11:27:32.159164,SBIN,BOOK 30% PROFITS,88.59153958251764,937.0,10.525725,16.584,0.0,🟢 STRONG BUY (UNDERVALUED) (DIVERSIFIES),0,Financial Services
2025-11-02 11:27:32.162532,CUB,INCREASE POSITION,89.80160432355461,228.67,14.620844,13.041,0.0,🟢 STRONG BUY (UNDERVALUED) (DIVERSIFIES),0,Financial Services
2025-11-02 11:27:32.165794,INDIANB,BOOK 30% PROFITS,87.7897781278376,858.7,10.256808,15.754,0.0,🟢 STRONG BUY (UNDERVALUED) (DIVERSIFIES),0,Financial Services
2025-11-02 11:27:32.169106,ICICIGI,INCREASE POSITION,70.13787271397644,1993.7,35.589073,17.802,0.0,🟢 STRONG BUY (DIVERSIFIES),0,Financial Services
2025-11-02 11:27:32.172180,KARURVYSYA,INCREASE POSITION,90.94059267075885,243.15,11.158788,17.764,0.0,🟢 STRONG BUY (UNDERVALUED) (DIVERSIFIES),0,Financial Services
2025-11-02 11:27:32.175401,UCOBANK,BOOK 30% PROFITS,81.28162550573936,33.21,16.121359,8.405,0.0,🟢 STRONG BUY (UNDERVALUED) (DIVERSIFIES),0,Financial Services
2025-11-02 11:27:32.178604,PNB,BOOK 30% PROFITS,86.55331336655095,122.89,8.27542,12.666,0.0,🟢 STRONG BUY (UNDERVALUED) (DIVERSIFIES),0,Financial Services
2025-11-02 11:27:32.181795,HDFCBANK,BOOK 71% PROFITS,77.54257720152103,987.3,22.572016,10.8430006,0.0,🟢 STRONG BUY (UNDERVALUED) (DIVERSIFIES),0,Financial Services
2025-11-02 11:27:32.184936,BANDHANBNK,INCREASE POSITION,57.80443072600512,156.56,20.54593,5.056,0.0,🟢 BUY (VALUE) (DIVERSIFIES),0,Financial Services
2025-11-02 11:27:32.188228,CANBK,BOOK 30% PROFITS,96.69086140078088,136.99,5.799746,17.573999,0.0,🟢 STRONG BUY (UNDERVALUED) (DIVERSIFIES),0,Financial Services
2025-11-02 11:27:32.191458,FEDERALBNK,BOOK 30% PROFITS,81.48005283473282,236.61,14.815905,11.451,0.0,🟢 STRONG BUY (UNDERVALUED) (DIVERSIFIES),0,Financial Services
2025-11-02 11:27:32.194769,UNIONBANK,INCREASE POSITION,86.69727796429216,148.67,6.1357822,15.831,0.0,🟢 STRONG BUY (UNDERVALUED) (DIVERSIFIES),0,Financial Services
2025-11-02 11:27:32.198132,AXISBANK,INCREASE POSITION,74.66325472200707,1232.8,14.771149,14.004,0.0,🟢 STRONG BUY (UNDERVALUED) (DIVERSIFIES),0,Financial Services
2025-11-02 11:27:32.201781,BANKBARODA,BOOK 30% PROFITS,86.65728328760565,278.4,7.485883,13.797,0.0,🟢 STRONG BUY (UNDERVALUED) (DIVERSIFIES),0,Financial Services
2025-11-02 11:27:32.205192,BANKINDIA,BOOK 50% PROFITS,92.10226695314604,139.88,6.604344,12.234,0.0,🟢 STRONG BUY (UNDERVALUED) (DIVERSIFIES),0,Financial Services
2025-11-02 11:27:32.208725,MAHABANK,INCREASE POSITION,90.69360843165902,59.03,7.443884,22.427,0.0,🟢 STRONG BUY (UNDERVALUED) (DIVERSIFIES),0,Financial Services
2025-11-02 11:27:32.212021,RECLTD,INCREASE POSITION,85.0229472026476,374.85,5.727273,21.997,10.0,🟢 STRONG BUY (UNDERVALUED) (DIVERSIFIES),0,Financial Services
2025-11-02 11:27:32.215382,CENTRALBK,BOOK 30% PROFITS,95.4452453401678,39.48,7.651163,12.716,0.0,🟢 STRONG BUY (UNDERVALUED) (DIVERSIFIES),0,Financial Services
2025-11-02 11:27:32.218779,GICRE,INCREASE POSITION,83.55024986746346,374.2,7.668033,9.172,0.0,🟢 STRONG BUY (UNDERVALUED) (DIVERSIFIES),0,Financial Services
2025-11-02 11:27:32.222186,INDUSTOWER,INCREASE POSITION,80.10931644899338,363.6,10.268286,29.018998,10.0,🟢 STRONG BUY (UNDERVALUED) (DIVERSIFIES),0,Communication Services
2025-11-02 11:27:32.226217,ICICIBANK,INCREASE POSITION,72.63300306543448,1345.3,18.21419,17.599002,0.0,🟢 STRONG BUY (UNDERVALUED) (DIVERSIFIES),0,Financial Services
2025-11-02 11:27:32.229925,AUBANK,BOOK 30% PROFITS,66.0027151752692,877.85,30.208189,12.654000000000002,0.0,🟢 STRONG BUY (DIVERSIFIES),0,Financial Services
2025-11-02 11:27:32.233399,KOTAKBANK,INCREASE POSITION,65.05651180388654,2102.2,22.521963,11.78,0.0,🟢 STRONG BUY (UNDERVALUED) (DIVERSIFIES),0,Financial Services
2025-11-02 11:27:32.236870,NMDC,INCREASE POSITION,85.38968496150768,75.79,9.485607,23.085,10.0,🟢 STRONG BUY (UNDERVALUED) (DIVERSIFIES),0,Basic Materials
2025-11-02 11:27:32.241069,NESTLEIND,INCREASE POSITION,52.58323823859003,1271.6,83.328964,70.792,10.0,🟢 BUY (DIVERSIFIES),0,Consumer Defensive
2025-11-02 11:27:32.244878,HINDUNILVR,CONSIDER SELLING,46.33462521521126,2465.5,53.193096,21.819,3.611,🟠 WEAK SELL,0,Consumer Defensive
2025-11-02 11:27:32.248263,SHRIRAMFIN,NEW POSITION,,748.9,14.305636,17.323999,10.0,🟢 STRONG BUY (UNDERVALUED) (DIVERSIFIES),0,Financial Services
2025-11-02 11:27:32.251749,ITC,NEW POSITION,,420.35,26.108696,27.811000000000003,0.507,🟢 STRONG BUY (DIVERSIFIES),0,Consumer Defensive
2025-11-02 11:27:32.255535,HINDALCO,NEW POSITION,,847.85,11.135408,14.729999,10.0,🟢 STRONG BUY (UNDERVALUED) (DIVERSIFIES),0,Basic Materials
2025-11-02 11:27:32.259602,M&MFIN,NEW POSITION,,315.55,16.642933,10.9919995,10.0,🟢 STRONG BUY (UNDERVALUED) (DIVERSIFIES),0,Financial Services
2025-11-02 11:27:32.263191,INDUSINDBK,NEW POSITION,,794.8,8.229446,-1.161,0.0,🟢 STRONG BUY (UNDERVALUED) (DIVERSIFIES),0,Financial Services
2025-11-02 11:41:32.909918,UJJIVANSFB,INCREASE POSITION,71.33882572834625,51.84,24.224298,6.832000000000001,0.0,🟢 STRONG BUY (UNDERVALUED) (DIVERSIFIES),0,Financial Services
2025-11-02 11:41:32.914680,IDBI,🚀 MOMENTUM PLAY - INCREASE,93.66084852167896,103.8,12.013888,15.128,0.0,🟢 STRONG BUY (UNDERVALUED) (DIVERSIFIES),0,Financial Services
2025-11-02 11:41:32.920539,SBIN,BOOK 30% PROFITS,88.59153958251764,937.0,10.525725,16.584,0.0,🟢 STRONG BUY (UNDERVALUED) (DIVERSIFIES),0,Financial Services
2025-11-02 11:41:32.924290,CUB,INCREASE POSITION,89.80160432355461,228.67,14.620844,13.041,0.0,🟢 STRONG BUY (UNDERVALUED) (DIVERSIFIES),0,Financial Services
2025-11-02 11:41:32.928563,INDIANB,BOOK 30% PROFITS,87.7897781278376,858.7,10.256808,15.754,0.0,🟢 STRONG BUY (UNDERVALUED) (DIVERSIFIES),0,Financial Services
2025-11-02 11:41:32.932371,ICICIGI,INCREASE POSITION,70.13787271397644,1993.7,35.589073,17.802,0.0,🟢 STRONG BUY (DIVERSIFIES),0,Financial Services
2025-11-02 11:41:32.935923,KARURVYSYA,INCREASE POSITION,90.94059267075885,243.15,11.158788,17.764,0.0,🟢 STRONG BUY (UNDERVALUED) (DIVERSIFIES),0,Financial Services
2025-11-02 11:41:32.939498,UCOBANK,BOOK 30% PROFITS,81.28162550573936,33.21,16.121359,8.405,0.0,🟢 STRONG BUY (UNDERVALUED) (DIVERSIFIES),0,Financial Services
2025-11-02 11:41:32.943453,PNB,BOOK 30% PROFITS,86.55331336655095,122.89,8.27542,12.666,0.0,🟢 STRONG BUY (UNDERVALUED) (DIVERSIFIES),0,Financial Services
2025-11-02 11:41:32.947531,HDFCBANK,BOOK 71% PROFITS,77.54257725397493,987.3,22.572016,10.8430006,0.0,🟢 STRONG BUY (UNDERVALUED) (DIVERSIFIES),0,Financial Services
2025-11-02 11:41:32.951300,BANDHANBNK,INCREASE POSITION,57.80443072600512,156.56,20.54593,5.056,0.0,🟢 BUY (VALUE) (DIVERSIFIES),0,Financial Services
2025-11-02 11:41:32.954732,CANBK,BOOK 30% PROFITS,96.69086140078088,136.99,5.799746,17.573999,0.0,🟢 STRONG BUY (UNDERVALUED) (DIVERSIFIES),0,Financial Services
2025-11-02 11:41:32.958306,FEDERALBNK,BOOK 30% PROFITS,81.48005283473282,236.61,14.815905,11.451,0.0,🟢 STRONG BUY (UNDERVALUED) (DIVERSIFIES),0,Financial Services
2025-11-02 11:41:32.962279,UNIONBANK,INCREASE POSITION,86.69727796429216,148.67,6.1357822,15.831,0.0,🟢 STRONG BUY (UNDERVALUED) (DIVERSIFIES),0,Financial Services
2025-11-02 11:41:32.966029,AXISBANK,INCREASE POSITION,74.66325472200707,1232.8,14.771149,14.004,0.0,🟢 STRONG BUY (UNDERVALUED) (DIVERSIFIES),0,Financial Services
2025-11-02 11:41:32.969465,BANKBARODA,BOOK 30% PROFITS,86.65728328760565,278.4,7.485883,13.797,0.0,🟢 STRONG BUY (UNDERVALUED) (DIVERSIFIES),0,Financial Services
2025-11-02 11:41:32.972900,BANKINDIA,BOOK 50% PROFITS,92.10226695314604,139.88,6.604344,12.234,0.0,🟢 STRONG BUY (UNDERVALUED) (DIVERSIFIES),0,Financial Services
2025-11-02 11:41:32.976795,MAHABANK,INCREASE POSITION,90.69360843165902,59.03,7.443884,22.427,0.0,🟢 STRONG BUY (UNDERVALUED) (DIVERSIFIES),0,Financial Services
2025-11-02 11:41:32.980593,RECLTD,INCREASE POSITION,85.0229468741415,374.85,5.727273,21.997,10.0,🟢 STRONG BUY (UNDERVALUED) (DIVERSIFIES),0,Financial Services
2025-11-02 11:41:32.984287,CENTRALBK,BOOK 30% PROFITS,95.4452453401678,39.48,7.651163,12.716,0.0,🟢 STRONG BUY (UNDERVALUED) (DIVERSIFIES),0,Financial Services
2025-11-02 11:41:32.987750,GICRE,INCREASE POSITION,83.55024986746346,374.2,7.668033,9.172,0.0,🟢 STRONG BUY (UNDERVALUED) (DIVERSIFIES),0,Financial Services
2025-11-02 11:41:32.991562,INDUSTOWER,INCREASE POSITION,80.10931644899338,363.6,10.268286,29.018998,10.0,🟢 STRONG BUY (UNDERVALUED) (DIVERSIFIES),0,Communication Services
2025-11-02 11:41:32.995633,ICICIBANK,INCREASE POSITION,72.63300306543448,1345.3,18.21419,17.599002,0.0,🟢 STRONG BUY (UNDERVALUED) (DIVERSIFIES),0,Financial Services
2025-11-02 11:41:32.999317,KOTAKBANK,INCREASE POSITION,65.05651180388654,2102.2,22.521963,11.78,0.0,🟢 STRONG BUY (UNDERVALUED) (DIVERSIFIES),0,Financial Services
2025-11-02 11:41:33.002942,AUBANK,BOOK 30% PROFITS,65.80271517526919,,0.0,0.0,0.0,🟡 HOLD (LOW DATA QUALITY),0,Unknown
2025-11-02 12:22:44.315441,UJJIVANSFB,INCREASE POSITION,71.33882572834625,51.84,24.224298,6.832000000000001,0.0,🟢 STRONG BUY (UNDERVALUED) (DIVERSIFIES),0,Financial Services
2025-11-02 12:22:44.320497,IDBI,🚀 MOMENTUM PLAY - INCREASE,93.66084852167896,103.8,12.013888,15.128,0.0,🟢 STRONG BUY (UNDERVALUED) (DIVERSIFIES),0,Financial Services
2025-11-02 12:22:44.326400,SBIN,BOOK 30% PROFITS,88.59153958251764,937.0,10.525725,16.584,0.0,🟢 STRONG BUY (UNDERVALUED) (DIVERSIFIES),0,Financial Services
2025-11-02 12:22:44.330755,CUB,INCREASE POSITION,89.80160432355461,228.67,14.620844,13.041,0.0,🟢 STRONG BUY (UNDERVALUED) (DIVERSIFIES),0,Financial Services
2025-11-02 12:22:44.334763,INDIANB,BOOK 30% PROFITS,87.7897781278376,858.7,10.256808,15.754000000000001,0.0,🟢 STRONG BUY (UNDERVALUED) (DIVERSIFIES),0,Financial Services
2025-11-02 12:22:44.338367,ICICIGI,INCREASE POSITION,70.1378727398533,1993.7,35.589073,17.802,0.0,🟢 STRONG BUY (DIVERSIFIES),0,Financial Services
2025-11-02 12:22:44.342047,KARURVYSYA,INCREASE POSITION,90.94059267075883,243.15,11.158788,17.764,0.0,🟢 STRONG BUY (UNDERVALUED) (DIVERSIFIES),0,Financial Services
2025-11-02 12:22:44.346209,UCOBANK,BOOK 30% PROFITS,81.28162550573936,33.21,16.121359,8.405,0.0,🟢 STRONG BUY (UNDERVALUED) (DIVERSIFIES),0,Financial Services
2025-11-02 12:22:44.350345,PNB,BOOK 30% PROFITS,86.55331336655095,122.89,8.27542,12.666,0.0,🟢 STRONG BUY (UNDERVALUED) (DIVERSIFIES),0,Financial Services
2025-11-02 12:22:44.353998,HDFCBANK,BOOK 71% PROFITS,77.54257720152103,987.3,22.572016,10.8430006,0.0,🟢 STRONG BUY (UNDERVALUED) (DIVERSIFIES),0,Financial Services
2025-11-02 12:22:44.357654,BANDHANBNK,INCREASE POSITION,57.804430726005116,156.56,20.54593,5.056,0.0,🟢 BUY (VALUE) (DIVERSIFIES),0,Financial Services
2025-11-02 12:22:44.361337,CANBK,BOOK 30% PROFITS,96.69086140078088,136.99,5.799746,17.573999,0.0,🟢 STRONG BUY (UNDERVALUED) (DIVERSIFIES),0,Financial Services
2025-11-02 12:22:44.365731,FEDERALBNK,BOOK 30% PROFITS,81.48005283473282,236.61,14.815905,11.451,0.0,🟢 STRONG BUY (UNDERVALUED) (DIVERSIFIES),0,Financial Services
2025-11-02 12:22:44.369534,UNIONBANK,INCREASE POSITION,86.69727796429216,148.67,6.1357822,15.831000000000001,0.0,🟢 STRONG BUY (UNDERVALUED) (DIVERSIFIES),0,Financial Services
2025-11-02 12:22:44.373156,AXISBANK,INCREASE POSITION,74.66325472200707,1232.8,14.771149,14.004,0.0,🟢 STRONG BUY (UNDERVALUED) (DIVERSIFIES),0,Financial Services
2025-11-02 12:22:44.376840,BANKBARODA,BOOK 30% PROFITS,86.65728328760565,278.4,7.485883,13.797,0.0,🟢 STRONG BUY (UNDERVALUED) (DIVERSIFIES),0,Financial Services
2025-11-02 12:22:44.381040,BANKINDIA,BOOK 50% PROFITS,92.10226695314603,139.88,6.604344,12.234,0.0,🟢 STRONG BUY (UNDERVALUED) (DIVERSIFIES),0,Financial Services
2025-11-02 12:22:44.384901,MAHABANK,INCREASE POSITION,90.69360843165902,59.03,7.443884,22.427,0.0,🟢 STRONG BUY (UNDERVALUED) (DIVERSIFIES),0,Financial Services
2025-11-02 12:22:44.388544,RECLTD,INCREASE POSITION,85.0229468741415,374.85,5.727273,21.997,10.0,🟢 STRONG BUY (UNDERVALUED) (DIVERSIFIES),0,Financial Services
2025-11-02 12:22:44.392098,CENTRALBK,BOOK 30% PROFITS,95.44524534016779,39.48,7.651163,12.716,0.0,🟢 STRONG BUY (UNDERVALUED) (DIVERSIFIES),0,Financial Services
2025-11-02 12:22:44.396060,GICRE,INCREASE POSITION,83.55024986746346,374.2,7.668033,9.171999999999999,0.0,🟢 STRONG BUY (UNDERVALUED) (DIVERSIFIES),0,Financial Services
2025-11-02 12:22:44.400654,INDUSTOWER,INCREASE POSITION,80.10931644899338,363.6,10.268286,29.018998,10.0,🟢 STRONG BUY (UNDERVALUED) (DIVERSIFIES),0,Communication Services
2025-11-02 12:22:44.404448,ICICIBANK,INCREASE POSITION,72.63300306543448,1345.3,18.21419,17.599002,0.0,🟢 STRONG BUY (UNDERVALUED) (DIVERSIFIES),0,Financial Services
2025-11-02 12:22:44.408252,AUBANK,BOOK 30% PROFITS,66.0027151752692,877.85,30.208189,12.654000000000002,0.0,🟢 STRONG BUY (DIVERSIFIES),0,Financial Services
2025-11-02 12:22:44.411943,KOTAKBANK,INCREASE POSITION,65.05651180388654,2102.2,22.521963,11.78,0.0,🟢 STRONG BUY (UNDERVALUED) (DIVERSIFIES),0,Financial Services
2025-11-02 12:22:44.416260,NMDC,INCREASE POSITION,85.38968491505203,75.79,9.485607,23.085,10.0,🟢 STRONG BUY (UNDERVALUED) (DIVERSIFIES),0,Basic Materials
2025-11-02 12:22:44.420092,NESTLEIND,INCREASE POSITION,52.58323823859003,1271.6,83.328964,70.792,10.0,🟢 BUY (DIVERSIFIES),0,Consumer Defensive
2025-11-02 12:22:44.423710,HINDUNILVR,CONSIDER SELLING,46.33462521521126,2465.5,53.193096,21.819,3.611,🟠 WEAK SELL,0,Consumer Defensive
2025-11-02 12:22:44.427434,SHRIRAMFIN,NEW POSITION,,748.9,14.305636,17.323999,10.0,🟢 STRONG BUY (UNDERVALUED) (DIVERSIFIES),0,Financial Services
2025-11-02 12:22:44.432036,ITC,NEW POSITION,,420.35,26.108696,27.811000000000003,0.507,🟢 STRONG BUY (DIVERSIFIES),0,Consumer Defensive
2025-11-02 12:22:44.436058,HINDALCO,NEW POSITION,,847.85,11.135408,14.729999,10.0,🟢 STRONG BUY (UNDERVALUED) (DIVERSIFIES),0,Basic Materials
2025-11-02 12:22:44.439896,M&MFIN,NEW POSITION,,315.55,16.642933,10.9919995,10.0,🟢 STRONG BUY (UNDERVALUED) (DIVERSIFIES),0,Financial Services
2025-11-02 12:22:44.443565,INDUSINDBK,NEW POSITION,,794.8,8.229446,-1.161,0.0,🟢 STRONG BUY (UNDERVALUED) (DIVERSIFIES),0,Financial Services
