date,symbol,action,action_bucket,score,score_v2,picking_rank,regime,sector,return_7d,return_30d,return_90d,correct_30d
2026-03-24 22:55:43.784902,COALINDIA,NEW POSITION,NEW POSITION,73.565,,25.0,,Energy,1.65,3.14,,True
2026-03-24 22:55:43.787669,LUPIN,NEW POSITION,NEW POSITION,71.47,,25.0,,Healthcare,-2.44,-1.53,,False
2026-03-24 22:55:43.789379,AUROPHARMA,NEW POSITION,NEW POSITION,70.72500000000001,,25.0,,Healthcare,4.72,10.32,,True
2026-03-24 22:55:43.791044,DRREDDY,HOLD,HOLD,63.795,,25.0,,Healthcare,-3.97,4.56,,
2026-03-24 22:55:43.792881,ICICIBANK,HOLD,HOLD,59.205,,25.0,,Financial Services,-3.08,5.99,,
2026-03-24 22:55:43.794646,J&KBANK,HOLD,HOLD,58.489999999999995,,25.0,,Financial Services,1.03,11.45,,
2026-03-24 22:55:43.796182,SBIN,HOLD,HOLD,58.28,,25.0,,Financial Services,-1.26,6.82,,
2026-03-24 22:55:43.798069,AXISBANK,HOLD,HOLD,57.32,,25.0,,Financial Services,0.03,14.52,,
2026-03-24 22:55:43.799852,ICICIGI,HOLD,HOLD,56.855,,25.0,,Financial Services,-2.03,2.43,,
2026-03-24 22:55:43.801350,INDIANB,HOLD,HOLD,56.325,,25.0,,Financial Services,1.9,4.41,,
2026-03-24 22:55:43.802725,GICRE,HOLD,HOLD,55.62500000000001,,25.0,,Financial Services,6.38,11.36,,
2026-03-24 22:55:43.804093,KOTAKBANK,HOLD,HOLD,55.62500000000001,,25.0,,Financial Services,-2.94,1.09,,
2026-03-24 22:55:43.805469,PNB,STOP LOSS,STOP LOSS,54.575,,25.0,,Financial Services,-3.04,5.44,,
2026-03-24 22:55:43.811858,BANKBARODA,STOP LOSS,STOP LOSS,53.900000000000006,,25.0,,Financial Services,-6.83,1.34,,
2026-03-25 10:02:16.559000,LUPIN,WATCHLIST,WATCHLIST,70.8265,,25.0,,Healthcare,-5.84,-0.84,,
2026-03-25 10:02:16.562071,COALINDIA,NEW POSITION,NEW POSITION,70.44925,,25.0,,Energy,0.82,2.78,,True
2026-03-25 10:02:16.563687,DRREDDY,INCREASE,INCREASE,63.63275,,25.0,,Healthcare,-7.65,3.59,,True
2026-03-25 10:02:16.565199,J&KBANK,WATCHLIST,WATCHLIST,59.7605,,25.0,,Financial Services,-6.22,10.01,,
2026-03-25 10:02:16.566771,SBIN,WATCHLIST,WATCHLIST,59.446000000000005,,25.0,,Financial Services,-6.51,6.23,,
2026-03-25 10:02:16.568492,ICICIBANK,HOLD,HOLD,59.20225,,25.0,,Financial Services,-5.3,4.19,,
2026-03-25 10:02:16.570116,INDIANB,WATCHLIST,WATCHLIST,57.30125,,25.0,,Financial Services,-5.44,1.69,,
2026-03-25 10:02:16.571591,AXISBANK,HOLD,HOLD,57.254000000000005,,25.0,,Financial Services,-4.8,8.78,,
2026-03-25 10:02:16.573290,ICICIGI,HOLD,HOLD,56.60475000000001,,25.0,,Financial Services,-6.22,0.76,,
2026-03-25 10:02:16.574743,KOTAKBANK,HOLD,HOLD,56.10625,,25.0,,Financial Services,-7.26,0.43,,
2026-03-25 10:02:16.576292,GICRE,HOLD,HOLD,55.17125,,25.0,,Financial Services,0.88,10.08,,
2026-03-25 10:02:16.577736,CANBK,HOLD,HOLD,54.851000000000006,,25.0,,Financial Services,-9.9,3.16,,
2026-03-25 10:02:16.586474,ICICIPRULI,HOLD,HOLD,50.4145,,25.0,,Financial Services,-9.03,-5.18,,
2026-03-25 10:10:40.926749,LUPIN,WATCHLIST,WATCHLIST,70.8265,,25.0,,Healthcare,-5.84,-0.84,,
2026-03-25 10:10:40.929663,COALINDIA,NEW POSITION,NEW POSITION,70.44925,,25.0,,Energy,0.82,2.78,,True
2026-03-25 10:10:40.931805,DRREDDY,INCREASE,INCREASE,63.63275,,25.0,,Healthcare,-7.65,3.59,,True
2026-03-25 10:10:40.933656,J&KBANK,WATCHLIST,WATCHLIST,59.7605,,25.0,,Financial Services,-6.22,10.01,,
2026-03-25 10:10:40.935378,SBIN,WATCHLIST,WATCHLIST,59.446000000000005,,25.0,,Financial Services,-6.51,6.23,,
2026-03-25 10:10:40.937036,ICICIBANK,HOLD,HOLD,59.20225,,25.0,,Financial Services,-5.3,4.19,,
2026-03-25 10:10:40.939073,INDIANB,WATCHLIST,WATCHLIST,57.30125,,25.0,,Financial Services,-5.44,1.69,,
2026-03-25 10:10:40.940738,AXISBANK,HOLD,HOLD,57.254000000000005,,25.0,,Financial Services,-4.8,8.78,,
2026-03-25 10:10:40.942413,ICICIGI,HOLD,HOLD,56.60475000000001,,25.0,,Financial Services,-6.22,0.76,,
2026-03-25 10:10:40.944183,KOTAKBANK,HOLD,HOLD,56.10625,,25.0,,Financial Services,-7.26,0.43,,
2026-03-25 10:10:40.946153,GICRE,HOLD,HOLD,55.17125,,25.0,,Financial Services,0.88,10.08,,
2026-03-25 10:10:40.947867,CANBK,HOLD,HOLD,54.851000000000006,,25.0,,Financial Services,-9.9,3.16,,
2026-03-25 10:10:40.957606,ICICIPRULI,HOLD,HOLD,50.4145,,25.0,,Financial Services,-9.03,-5.18,,
2026-03-25 10:56:31.022825,LUPIN,WATCHLIST,WATCHLIST,70.8265,,25.0,,Healthcare,-5.84,-0.84,,
2026-03-25 10:56:31.026472,COALINDIA,NEW POSITION,NEW POSITION,70.44925,,25.0,,Energy,0.82,2.78,,True
2026-03-25 10:56:31.028540,DRREDDY,INCREASE,INCREASE,63.63275,,25.0,,Healthcare,-7.65,3.59,,True
2026-03-25 10:56:31.030448,J&KBANK,WATCHLIST,WATCHLIST,59.7605,,25.0,,Financial Services,-6.22,10.01,,
2026-03-25 10:56:31.032226,SBIN,WATCHLIST,WATCHLIST,59.446000000000005,,25.0,,Financial Services,-6.51,6.23,,
2026-03-25 10:56:31.033976,ICICIBANK,HOLD,HOLD,59.20225,,25.0,,Financial Services,-5.3,4.19,,
2026-03-25 10:56:31.035734,INDIANB,WATCHLIST,WATCHLIST,57.30125,,25.0,,Financial Services,-5.44,1.69,,
2026-03-25 10:56:31.037561,AXISBANK,HOLD,HOLD,57.254000000000005,,25.0,,Financial Services,-4.8,8.78,,
2026-03-25 10:56:31.039398,ICICIGI,HOLD,HOLD,56.60475000000001,,25.0,,Financial Services,-6.22,0.76,,
2026-03-25 10:56:31.041144,KOTAKBANK,HOLD,HOLD,56.10625,,25.0,,Financial Services,-7.26,0.43,,
2026-03-25 10:56:31.042852,GICRE,HOLD,HOLD,55.17125,,25.0,,Financial Services,0.88,10.08,,
2026-03-25 10:56:31.044538,CANBK,HOLD,HOLD,54.851000000000006,,25.0,,Financial Services,-9.9,3.16,,
2026-03-25 10:56:31.054627,ICICIPRULI,HOLD,HOLD,50.4145,,25.0,,Financial Services,-9.03,-5.18,,
2026-03-25 15:01:10.203393,AUROPHARMA,WATCHLIST,WATCHLIST,71.53625000000001,,25.0,,Healthcare,-1.81,8.47,,
2026-03-25 15:01:10.206678,LUPIN,WATCHLIST,WATCHLIST,71.1565,,25.0,,Healthcare,-5.95,-0.96,,
2026-03-25 15:01:10.209052,COALINDIA,NEW POSITION,NEW POSITION,70.99924999999999,,25.0,,Energy,0.01,1.96,,True
2026-03-25 15:01:10.211208,DRREDDY,INCREASE,INCREASE,64.78775,,25.0,,Healthcare,-8.48,2.65,,True
2026-03-25 15:01:10.213249,J&KBANK,WATCHLIST,WATCHLIST,60.8055,,25.0,,Financial Services,-7.1,8.98,,
2026-03-25 15:01:10.215388,SBIN,WATCHLIST,WATCHLIST,59.996,,25.0,,Financial Services,-7.72,4.85,,
2026-03-25 15:01:10.217461,ICICIBANK,HOLD,HOLD,59.20225,,25.0,,Financial Services,-5.21,4.28,,
2026-03-25 15:01:10.219390,INDIANB,WATCHLIST,WATCHLIST,58.51125,,25.0,,Financial Services,-6.83,0.2,,
2026-03-25 15:01:10.221434,AXISBANK,HOLD,HOLD,58.079,,25.0,,Financial Services,-5.42,8.07,,
2026-03-25 15:01:10.223457,ICICIGI,HOLD,HOLD,56.71475,,25.0,,Financial Services,-7.28,-0.38,,
2026-03-25 15:01:10.225463,GICRE,HOLD,HOLD,56.65625,,25.0,,Financial Services,-0.16,8.94,,
2026-03-25 15:01:10.227627,KOTAKBANK,HOLD,HOLD,56.10625,,25.0,,Financial Services,-6.18,1.6,,
2026-03-25 15:01:10.229774,CANBK,HOLD,HOLD,55.511,,25.0,,Financial Services,-10.13,2.88,,
2026-03-25 15:01:10.233617,PNB,HOLD,HOLD,54.478750000000005,,25.0,,Financial Services,-8.68,3.59,,
2026-03-25 20:31:53.805452,DRREDDY,INCREASE,INCREASE,63.77660009765626,,25.0,,Healthcare,-8.53,2.6,,True
2026-03-25 20:31:53.809479,J&KBANK,WATCHLIST,WATCHLIST,59.35560009765625,,25.0,,Financial Services,-6.71,9.44,,
2026-03-25 20:31:53.811908,SBIN,WATCHLIST,WATCHLIST,59.313600097656256,,25.0,,Financial Services,-7.74,4.83,,
2026-03-25 20:31:53.814013,INDIANB,WATCHLIST,WATCHLIST,57.96260009765626,,25.0,,Financial Services,-6.64,0.4,,
2026-03-25 20:31:53.815963,ICICIBANK,HOLD,HOLD,57.49860009765625,,25.0,,Financial Services,-5.18,4.32,,
2026-03-25 20:31:53.817945,AXISBANK,HOLD,HOLD,56.32160009765625,,25.0,,Financial Services,-5.17,8.35,,
2026-03-25 20:31:53.819870,ICICIGI,HOLD,HOLD,55.90860009765625,,25.0,,Financial Services,-6.92,0.01,,
2026-03-25 20:31:53.821718,GICRE,HOLD,HOLD,55.74260009765626,,25.0,,Financial Services,-0.23,8.86,,
2026-03-25 20:31:53.823656,KOTAKBANK,HOLD,HOLD,54.862600097656255,,25.0,,Financial Services,-6.24,1.54,,
2026-03-25 20:31:53.825498,CANBK,HOLD,HOLD,54.01360009765626,,25.0,,Financial Services,-10.1,2.92,,
2026-03-25 20:31:53.839651,ICICIPRULI,HOLD,HOLD,49.87960009765625,,25.0,,Financial Services,-7.79,-3.88,,
2026-03-25 21:18:14.549893,DRREDDY,INCREASE,INCREASE,63.77660009765626,,25.0,,Healthcare,-8.53,2.6,,True
2026-03-25 21:18:14.554286,J&KBANK,WATCHLIST,WATCHLIST,59.35560009765625,,25.0,,Financial Services,-6.71,9.44,,
2026-03-25 21:18:14.556596,SBIN,WATCHLIST,WATCHLIST,59.313600097656256,,25.0,,Financial Services,-7.74,4.83,,
2026-03-25 21:18:14.559005,INDIANB,WATCHLIST,WATCHLIST,57.96260009765626,,25.0,,Financial Services,-6.64,0.4,,
2026-03-25 21:18:14.561288,ICICIBANK,HOLD,HOLD,57.49860009765625,,25.0,,Financial Services,-5.18,4.32,,
2026-03-25 21:18:14.563470,AXISBANK,HOLD,HOLD,56.32160009765625,,25.0,,Financial Services,-5.17,8.35,,
2026-03-25 21:18:14.565626,ICICIGI,HOLD,HOLD,55.90860009765625,,25.0,,Financial Services,-6.92,0.01,,
2026-03-25 21:18:14.567967,GICRE,HOLD,HOLD,55.74260009765626,,25.0,,Financial Services,-0.23,8.86,,
2026-03-25 21:18:14.570125,KOTAKBANK,HOLD,HOLD,54.862600097656255,,25.0,,Financial Services,-6.24,1.54,,
2026-03-25 21:18:14.572238,CANBK,HOLD,HOLD,54.01360009765626,,25.0,,Financial Services,-10.1,2.92,,
2026-03-25 21:18:14.586926,ICICIPRULI,HOLD,HOLD,49.87960009765625,,25.0,,Financial Services,-7.79,-3.88,,
2026-03-25 23:18:08.433714,DRREDDY,INCREASE,INCREASE,64.39960009765625,,25.0,,Healthcare,-8.53,2.6,,True
2026-03-25 23:18:08.438322,J&KBANK,WATCHLIST,WATCHLIST,61.47780009765626,,25.0,,Financial Services,-6.71,9.44,,
2026-03-25 23:18:08.440853,SBIN,WATCHLIST,WATCHLIST,59.47380009765625,,25.0,,Financial Services,-7.74,4.83,,
2026-03-25 23:18:08.443573,INDIANB,WATCHLIST,WATCHLIST,58.35580009765626,,25.0,,Financial Services,-6.64,0.4,,
2026-03-25 23:18:08.446289,ICICIBANK,HOLD,HOLD,57.91980009765626,,25.0,,Financial Services,-5.18,4.32,,
2026-03-25 23:18:08.448661,AXISBANK,HOLD,HOLD,56.37580009765625,,25.0,,Financial Services,-5.17,8.35,,
2026-03-25 23:18:08.451180,ICICIGI,HOLD,HOLD,56.23780009765625,,25.0,,Financial Services,-6.92,0.01,,
2026-03-25 23:18:08.453475,GICRE,HOLD,HOLD,56.05380009765626,,25.0,,Financial Services,-0.23,8.86,,
2026-03-25 23:18:08.455743,KOTAKBANK,HOLD,HOLD,55.209800097656256,,25.0,,Financial Services,-6.24,1.54,,
2026-03-25 23:18:08.461124,CANBK,HOLD,HOLD,53.923800097656255,,25.0,,Financial Services,-10.1,2.92,,
2026-03-25 23:18:08.475092,ICICIPRULI,HOLD,HOLD,50.52580009765625,,25.0,,Financial Services,-7.79,-3.88,,
2026-03-26 13:08:46.912443,DRREDDY,INCREASE,INCREASE,63.897520117187504,,25.0,,Healthcare,-7.79,2.6,,True
2026-03-26 13:08:46.917533,J&KBANK,WATCHLIST,WATCHLIST,59.95316011718751,,25.0,,Financial Services,-4.38,9.44,,
2026-03-26 13:08:46.920223,SBIN,WATCHLIST,WATCHLIST,59.552360117187504,,25.0,,Financial Services,-5.21,4.83,,
2026-03-26 13:08:46.922862,INDIANB,WATCHLIST,WATCHLIST,58.368760117187506,,25.0,,Financial Services,-2.44,0.4,,
2026-03-26 13:08:46.925595,ICICIBANK,HOLD,HOLD,57.241560117187504,,25.0,,Financial Services,-4.02,4.32,,
2026-03-26 13:08:46.928131,AXISBANK,HOLD,HOLD,56.1327601171875,,25.0,,Financial Services,-0.65,8.35,,
2026-03-26 13:08:46.930930,GICRE,HOLD,HOLD,55.82836011718751,,25.0,,Financial Services,5.49,8.86,,
2026-03-26 13:08:46.933447,ICICIGI,HOLD,HOLD,55.7851601171875,,25.0,,Financial Services,-4.42,0.01,,
2026-03-26 13:08:46.935816,KOTAKBANK,HOLD,HOLD,54.7795601171875,,25.0,,Financial Services,-5.0,1.54,,
2026-03-26 13:08:46.938497,CANBK,HOLD,HOLD,53.96236011718751,,25.0,,Financial Services,-6.58,2.92,,
2026-03-26 13:08:46.955245,ICICIPRULI,HOLD,HOLD,49.8427601171875,,25.0,,Financial Services,-7.04,-3.88,,
2026-03-26 14:27:46.536181,DRREDDY,INCREASE,INCREASE,63.897520117187504,,25.0,,Healthcare,-7.79,2.6,,True
2026-03-26 14:27:46.541815,J&KBANK,WATCHLIST,WATCHLIST,59.95316011718751,,25.0,,Financial Services,-4.38,9.44,,
2026-03-26 14:27:46.544903,SBIN,WATCHLIST,WATCHLIST,59.552360117187504,,25.0,,Financial Services,-5.21,4.83,,
2026-03-26 14:27:46.547625,INDIANB,WATCHLIST,WATCHLIST,58.368760117187506,,25.0,,Financial Services,-2.44,0.4,,
2026-03-26 14:27:46.550503,ICICIBANK,HOLD,HOLD,57.241560117187504,,25.0,,Financial Services,-4.02,4.32,,
2026-03-26 14:27:46.553234,AXISBANK,HOLD,HOLD,56.1327601171875,,25.0,,Financial Services,-0.65,8.35,,
2026-03-26 14:27:46.555611,GICRE,HOLD,HOLD,55.82836011718751,,25.0,,Financial Services,5.49,8.86,,
2026-03-26 14:27:46.558515,ICICIGI,HOLD,HOLD,55.7851601171875,,25.0,,Financial Services,-4.42,0.01,,
2026-03-26 14:27:46.561423,KOTAKBANK,HOLD,HOLD,54.7795601171875,,25.0,,Financial Services,-5.0,1.54,,
2026-03-26 14:27:46.564109,CANBK,HOLD,HOLD,53.96236011718751,,25.0,,Financial Services,-6.58,2.92,,
2026-03-26 14:27:46.583646,ICICIPRULI,HOLD,HOLD,49.8427601171875,,25.0,,Financial Services,-7.04,-3.88,,
2026-03-26 14:57:09.137779,DRREDDY,INCREASE,INCREASE,63.897520117187504,,25.0,,Healthcare,-7.79,2.6,,True
2026-03-26 14:57:09.142364,J&KBANK,WATCHLIST,WATCHLIST,59.95316011718751,,25.0,,Financial Services,-4.38,9.44,,
2026-03-26 14:57:09.145313,SBIN,WATCHLIST,WATCHLIST,59.552360117187504,,25.0,,Financial Services,-5.21,4.83,,
2026-03-26 14:57:09.148136,INDIANB,WATCHLIST,WATCHLIST,58.368760117187506,,25.0,,Financial Services,-2.44,0.4,,
2026-03-26 14:57:09.150620,ICICIBANK,HOLD,HOLD,57.241560117187504,,25.0,,Financial Services,-4.02,4.32,,
2026-03-26 14:57:09.153043,AXISBANK,HOLD,HOLD,56.1327601171875,,25.0,,Financial Services,-0.65,8.35,,
2026-03-26 14:57:09.155649,GICRE,HOLD,HOLD,55.82836011718751,,25.0,,Financial Services,5.49,8.86,,
2026-03-26 14:57:09.158227,ICICIGI,HOLD,HOLD,55.7851601171875,,25.0,,Financial Services,-4.42,0.01,,
2026-03-26 14:57:09.160910,KOTAKBANK,HOLD,HOLD,54.7795601171875,,25.0,,Financial Services,-5.0,1.54,,
2026-03-26 14:57:09.163418,CANBK,HOLD,HOLD,53.96236011718751,,25.0,,Financial Services,-6.58,2.92,,
2026-03-26 14:57:09.180308,ICICIPRULI,HOLD,HOLD,49.8427601171875,,25.0,,Financial Services,-7.04,-3.88,,
2026-03-26 15:03:01.614289,DRREDDY,INCREASE,INCREASE,63.897520117187504,,25.0,,Healthcare,-7.79,2.6,,True
2026-03-26 15:03:01.619096,J&KBANK,WATCHLIST,WATCHLIST,59.95316011718751,,25.0,,Financial Services,-4.38,9.44,,
2026-03-26 15:03:01.621783,SBIN,WATCHLIST,WATCHLIST,59.552360117187504,,25.0,,Financial Services,-5.21,4.83,,
2026-03-26 15:03:01.624670,INDIANB,WATCHLIST,WATCHLIST,58.368760117187506,,25.0,,Financial Services,-2.44,0.4,,
2026-03-26 15:03:01.627342,ICICIBANK,HOLD,HOLD,57.241560117187504,,25.0,,Financial Services,-4.02,4.32,,
2026-03-26 15:03:01.629773,AXISBANK,HOLD,HOLD,56.1327601171875,,25.0,,Financial Services,-0.65,8.35,,
2026-03-26 15:03:01.632242,GICRE,HOLD,HOLD,55.82836011718751,,25.0,,Financial Services,5.49,8.86,,
2026-03-26 15:03:01.634584,ICICIGI,HOLD,HOLD,55.7851601171875,,25.0,,Financial Services,-4.42,0.01,,
2026-03-26 15:03:01.636903,KOTAKBANK,HOLD,HOLD,54.7795601171875,,25.0,,Financial Services,-5.0,1.54,,
2026-03-26 15:03:01.639311,CANBK,HOLD,HOLD,53.96236011718751,,25.0,,Financial Services,-6.58,2.92,,
2026-03-26 15:03:01.655736,ICICIPRULI,HOLD,HOLD,49.8427601171875,,25.0,,Financial Services,-7.04,-3.88,,
2026-03-26 15:11:06.054442,DRREDDY,INCREASE,INCREASE,63.897520117187504,,25.0,,Healthcare,-7.79,2.6,,True
2026-03-26 15:11:06.059132,J&KBANK,WATCHLIST,WATCHLIST,59.95316011718751,,25.0,,Financial Services,-4.38,9.44,,
2026-03-26 15:11:06.062089,SBIN,WATCHLIST,WATCHLIST,59.552360117187504,,25.0,,Financial Services,-5.21,4.83,,
2026-03-26 15:11:06.065299,INDIANB,WATCHLIST,WATCHLIST,58.368760117187506,,25.0,,Financial Services,-2.44,0.4,,
2026-03-26 15:11:06.068136,ICICIBANK,HOLD,HOLD,57.241560117187504,,25.0,,Financial Services,-4.02,4.32,,
2026-03-26 15:11:06.070827,AXISBANK,HOLD,HOLD,56.1327601171875,,25.0,,Financial Services,-0.65,8.35,,
2026-03-26 15:11:06.073599,GICRE,HOLD,HOLD,55.82836011718751,,25.0,,Financial Services,5.49,8.86,,
2026-03-26 15:11:06.076248,ICICIGI,HOLD,HOLD,55.7851601171875,,25.0,,Financial Services,-4.42,0.01,,
2026-03-26 15:11:06.078859,KOTAKBANK,HOLD,HOLD,54.7795601171875,,25.0,,Financial Services,-5.0,1.54,,
2026-03-26 15:11:06.081390,CANBK,HOLD,HOLD,53.96236011718751,,25.0,,Financial Services,-6.58,2.92,,
2026-03-26 15:11:06.100157,ICICIPRULI,HOLD,HOLD,49.8427601171875,,25.0,,Financial Services,-7.04,-3.88,,
2026-03-26 16:00:39.305550,DRREDDY,INCREASE,INCREASE,63.897520117187504,,25.0,,Healthcare,-7.79,2.6,,True
2026-03-26 16:00:39.310513,J&KBANK,WATCHLIST,WATCHLIST,59.95316011718751,,25.0,,Financial Services,-4.38,9.44,,
2026-03-26 16:00:39.313701,SBIN,WATCHLIST,WATCHLIST,59.552360117187504,,25.0,,Financial Services,-5.21,4.83,,
2026-03-26 16:00:39.316762,INDIANB,WATCHLIST,WATCHLIST,58.368760117187506,,25.0,,Financial Services,-2.44,0.4,,
2026-03-26 16:00:39.319804,ICICIBANK,HOLD,HOLD,57.241560117187504,,25.0,,Financial Services,-4.02,4.32,,
2026-03-26 16:00:39.322552,AXISBANK,HOLD,HOLD,56.1327601171875,,25.0,,Financial Services,-0.65,8.35,,
2026-03-26 16:00:39.325688,GICRE,HOLD,HOLD,55.82836011718751,,25.0,,Financial Services,5.49,8.86,,
2026-03-26 16:00:39.328801,ICICIGI,HOLD,HOLD,55.7851601171875,,25.0,,Financial Services,-4.42,0.01,,
2026-03-26 16:00:39.331569,KOTAKBANK,HOLD,HOLD,54.7795601171875,,25.0,,Financial Services,-5.0,1.54,,
2026-03-26 16:00:39.334613,CANBK,HOLD,HOLD,53.96236011718751,,25.0,,Financial Services,-6.58,2.92,,
2026-03-26 16:00:39.354388,ICICIPRULI,HOLD,HOLD,49.8427601171875,,25.0,,Financial Services,-7.04,-3.88,,
2026-03-26 18:04:45.492015,DRREDDY,INCREASE,INCREASE,63.897520117187504,,25.0,,Healthcare,-7.79,2.6,,True
2026-03-26 18:04:45.496342,J&KBANK,WATCHLIST,WATCHLIST,59.95316011718751,,25.0,,Financial Services,-4.38,9.44,,
2026-03-26 18:04:45.499334,SBIN,WATCHLIST,WATCHLIST,59.552360117187504,,25.0,,Financial Services,-5.21,4.83,,
2026-03-26 18:04:45.502302,INDIANB,WATCHLIST,WATCHLIST,58.368760117187506,,25.0,,Financial Services,-2.44,0.4,,
2026-03-26 18:04:45.505355,ICICIBANK,HOLD,HOLD,57.241560117187504,,25.0,,Financial Services,-4.02,4.32,,
2026-03-26 18:04:45.508281,AXISBANK,HOLD,HOLD,56.1327601171875,,25.0,,Financial Services,-0.65,8.35,,
2026-03-26 18:04:45.511133,GICRE,HOLD,HOLD,55.82836011718751,,25.0,,Financial Services,5.49,8.86,,
2026-03-26 18:04:45.513948,ICICIGI,HOLD,HOLD,55.7851601171875,,25.0,,Financial Services,-4.42,0.01,,
2026-03-26 18:04:45.516775,KOTAKBANK,HOLD,HOLD,54.7795601171875,,25.0,,Financial Services,-5.0,1.54,,
2026-03-26 18:04:45.519532,CANBK,HOLD,HOLD,53.96236011718751,,25.0,,Financial Services,-6.58,2.92,,
2026-03-26 18:04:45.538876,ICICIPRULI,HOLD,HOLD,49.8427601171875,,25.0,,Financial Services,-7.04,-3.88,,
2026-03-26 18:11:51.912873,DRREDDY,INCREASE,INCREASE,63.897520117187504,,25.0,,Healthcare,-7.79,2.6,,True
2026-03-26 18:11:51.918546,J&KBANK,WATCHLIST,WATCHLIST,59.95316011718751,,25.0,,Financial Services,-4.38,9.44,,
2026-03-26 18:11:51.921679,SBIN,WATCHLIST,WATCHLIST,59.552360117187504,,25.0,,Financial Services,-5.21,4.83,,
2026-03-26 18:11:51.924848,INDIANB,WATCHLIST,WATCHLIST,58.368760117187506,,25.0,,Financial Services,-2.44,0.4,,
2026-03-26 18:11:51.927917,ICICIBANK,HOLD,HOLD,57.241560117187504,,25.0,,Financial Services,-4.02,4.32,,
2026-03-26 18:11:51.931154,AXISBANK,HOLD,HOLD,56.1327601171875,,25.0,,Financial Services,-0.65,8.35,,
2026-03-26 18:11:51.934560,GICRE,HOLD,HOLD,55.82836011718751,,25.0,,Financial Services,5.49,8.86,,
2026-03-26 18:11:51.937763,ICICIGI,HOLD,HOLD,55.7851601171875,,25.0,,Financial Services,-4.42,0.01,,
2026-03-26 18:11:51.940728,KOTAKBANK,HOLD,HOLD,54.7795601171875,,25.0,,Financial Services,-5.0,1.54,,
2026-03-26 18:11:51.943805,CANBK,HOLD,HOLD,53.96236011718751,,25.0,,Financial Services,-6.58,2.92,,
2026-03-26 18:11:51.965446,ICICIPRULI,HOLD,HOLD,49.8427601171875,,25.0,,Financial Services,-7.04,-3.88,,
2026-03-26 23:20:32.598308,DRREDDY,INCREASE,INCREASE,63.897520117187504,,25.0,,Healthcare,-7.79,2.6,,True
2026-03-26 23:20:32.618895,J&KBANK,WATCHLIST,WATCHLIST,59.95316011718751,,25.0,,Financial Services,-4.38,9.44,,
2026-03-26 23:20:32.622140,SBIN,WATCHLIST,WATCHLIST,59.552360117187504,,25.0,,Financial Services,-5.21,4.83,,
2026-03-26 23:20:32.625138,INDIANB,WATCHLIST,WATCHLIST,58.368760117187506,,25.0,,Financial Services,-2.44,0.4,,
2026-03-26 23:20:32.628064,ICICIBANK,HOLD,HOLD,57.241560117187504,,25.0,,Financial Services,-4.02,4.32,,
2026-03-26 23:20:32.631209,AXISBANK,HOLD,HOLD,56.1327601171875,,25.0,,Financial Services,-0.65,8.35,,
2026-03-26 23:20:32.634365,GICRE,HOLD,HOLD,55.82836011718751,,25.0,,Financial Services,5.49,8.86,,
2026-03-26 23:20:32.637289,ICICIGI,HOLD,HOLD,55.7851601171875,,25.0,,Financial Services,-4.42,0.01,,
2026-03-26 23:20:32.640172,KOTAKBANK,HOLD,HOLD,54.7795601171875,,25.0,,Financial Services,-5.0,1.54,,
2026-03-26 23:20:32.642911,CANBK,HOLD,HOLD,53.96236011718751,,25.0,,Financial Services,-6.58,2.92,,
2026-03-26 23:20:32.662517,ICICIPRULI,HOLD,HOLD,49.8427601171875,,25.0,,Financial Services,-7.04,-3.88,,
2026-03-26 23:26:23.864142,DRREDDY,INCREASE,INCREASE,63.897520117187504,,25.0,,Healthcare,-7.79,2.6,,True
2026-03-26 23:26:23.870365,J&KBANK,WATCHLIST,WATCHLIST,59.95316011718751,,25.0,,Financial Services,-4.38,9.44,,
2026-03-26 23:26:23.875031,SBIN,WATCHLIST,WATCHLIST,59.552360117187504,,25.0,,Financial Services,-5.21,4.83,,
2026-03-26 23:26:23.879386,INDIANB,WATCHLIST,WATCHLIST,58.368760117187506,,25.0,,Financial Services,-2.44,0.4,,
2026-03-26 23:26:23.884072,ICICIBANK,HOLD,HOLD,57.241560117187504,,25.0,,Financial Services,-4.02,4.32,,
2026-03-26 23:26:23.888051,AXISBANK,HOLD,HOLD,56.1327601171875,,25.0,,Financial Services,-0.65,8.35,,
2026-03-26 23:26:23.892315,GICRE,HOLD,HOLD,55.82836011718751,,25.0,,Financial Services,5.49,8.86,,
2026-03-26 23:26:23.898025,ICICIGI,HOLD,HOLD,55.7851601171875,,25.0,,Financial Services,-4.42,0.01,,
2026-03-26 23:26:23.901869,KOTAKBANK,HOLD,HOLD,54.7795601171875,,25.0,,Financial Services,-5.0,1.54,,
2026-03-26 23:26:23.904887,CANBK,HOLD,HOLD,53.96236011718751,,25.0,,Financial Services,-6.58,2.92,,
2026-03-26 23:26:23.946489,ICICIPRULI,HOLD,HOLD,49.8427601171875,,25.0,,Financial Services,-7.04,-3.88,,
2026-03-26 23:38:22.860191,DRREDDY,INCREASE,INCREASE,63.897520117187504,,25.0,,Healthcare,-7.79,2.6,,True
2026-03-26 23:38:22.865648,J&KBANK,WATCHLIST,WATCHLIST,59.95316011718751,,25.0,,Financial Services,-4.38,9.44,,
2026-03-26 23:38:22.869131,SBIN,WATCHLIST,WATCHLIST,59.552360117187504,,25.0,,Financial Services,-5.21,4.83,,
2026-03-26 23:38:22.872899,INDIANB,WATCHLIST,WATCHLIST,58.368760117187506,,25.0,,Financial Services,-2.44,0.4,,
2026-03-26 23:38:22.876228,ICICIBANK,HOLD,HOLD,57.241560117187504,,25.0,,Financial Services,-4.02,4.32,,
2026-03-26 23:38:22.879646,AXISBANK,HOLD,HOLD,56.1327601171875,,25.0,,Financial Services,-0.65,8.35,,
2026-03-26 23:38:22.882943,GICRE,HOLD,HOLD,55.82836011718751,,25.0,,Financial Services,5.49,8.86,,
2026-03-26 23:38:22.886285,ICICIGI,HOLD,HOLD,55.7851601171875,,25.0,,Financial Services,-4.42,0.01,,
2026-03-26 23:38:22.889373,KOTAKBANK,HOLD,HOLD,54.7795601171875,,25.0,,Financial Services,-5.0,1.54,,
2026-03-26 23:38:22.892785,CANBK,HOLD,HOLD,53.96236011718751,,25.0,,Financial Services,-6.58,2.92,,
2026-03-26 23:38:22.915529,ICICIPRULI,HOLD,HOLD,49.8427601171875,,25.0,,Financial Services,-7.04,-3.88,,
2026-03-30 13:04:27.033066,DRREDDY,INCREASE,INCREASE,60.044304133300784,,25.0,,Healthcare,-5.01,5.06,,True
2026-03-30 13:04:27.039355,SBIN,HOLD,HOLD,55.49527213330079,,25.0,,Financial Services,4.19,8.03,,
2026-03-30 13:04:27.043137,ICICIBANK,HOLD,HOLD,54.95311213330078,,25.0,,Financial Services,2.32,3.79,,
2026-03-30 13:04:27.047080,GICRE,HOLD,HOLD,54.270472133300785,,25.0,,Financial Services,5.86,9.04,,
2026-03-30 13:04:27.050725,ICICIGI,HOLD,HOLD,54.261832133300786,,25.0,,Financial Services,0.78,2.92,,
2026-03-30 13:04:27.054359,AXISBANK,HOLD,HOLD,54.25135213330079,,25.0,,Financial Services,7.8,9.36,,
2026-03-30 13:04:27.057903,INDIANB,HOLD,HOLD,52.93855213330079,,25.0,,Financial Services,5.86,-0.39,,
2026-03-30 13:04:27.061308,KOTAKBANK,HOLD,HOLD,52.54071213330079,,25.0,,Financial Services,1.5,7.19,,
2026-03-30 13:04:27.068137,BANKBARODA,HOLD,HOLD,50.42455213330079,,25.0,,Financial Services,3.12,5.26,,
2026-03-30 13:04:27.092645,ICICIPRULI,HOLD,HOLD,46.833352133300785,,25.0,,Financial Services,0.76,0.21,,
2026-03-31 16:11:45.890577,COALINDIA,NEW POSITION,NEW POSITION,70.56544012451172,,25.0,,Energy,-0.27,6.88,,True
2026-03-31 16:11:45.895560,DRREDDY,INCREASE,INCREASE,58.58646092431641,,25.0,,Healthcare,-5.06,5.42,,True
2026-03-31 16:11:45.899125,ICICIBANK,HOLD,HOLD,56.60822252431641,,25.0,,Financial Services,8.57,4.77,,
2026-03-31 16:11:45.902829,AXISBANK,HOLD,HOLD,56.46787052431641,,25.0,,Financial Services,14.79,9.21,,
2026-03-31 16:11:45.906336,ICICIGI,HOLD,HOLD,55.82996652431641,,25.0,,Financial Services,2.33,2.7,,
2026-03-31 16:11:45.909763,GICRE,HOLD,HOLD,55.43169452431641,,25.0,,Financial Services,6.83,8.39,,
2026-03-31 16:11:45.913235,SBIN,HOLD,HOLD,55.19665452431641,,25.0,,Financial Services,8.38,9.09,,
2026-03-31 16:11:45.916572,KOTAKBANK,HOLD,HOLD,54.20574252431641,,25.0,,Financial Services,7.57,8.46,,
2026-03-31 16:11:45.919723,INDIANB,HOLD,HOLD,52.36531052431641,,25.0,,Financial Services,13.1,0.73,,
2026-03-31 16:11:45.923046,BANKBARODA,HOLD,HOLD,51.702510524316416,,25.0,,Financial Services,11.46,6.41,,
2026-03-31 16:11:45.945923,ICICIPRULI,HOLD,HOLD,48.584270524316416,,25.0,,Financial Services,6.29,0.84,,
2026-04-02 10:52:26.862248,ONGC,NEW POSITION,NEW POSITION,75.0614123711548,,25.0,,Energy,0.65,2.97,,True
2026-04-02 10:52:26.867696,GICRE,HOLD,HOLD,57.91011941123291,,25.0,,Financial Services,8.69,11.71,,
2026-04-02 10:52:26.873777,DRREDDY,HOLD,HOLD,57.09159605123292,,25.0,,Healthcare,3.25,8.21,,
2026-04-02 10:52:26.877795,ICICIBANK,HOLD,HOLD,56.317772211232906,,25.0,,Financial Services,10.56,6.4,,
2026-04-02 10:52:26.881587,AXISBANK,HOLD,HOLD,56.213737011232915,,25.0,,Financial Services,16.39,10.04,,
2026-04-02 10:52:26.885325,KOTAKBANK,HOLD,HOLD,54.997524211232914,,25.0,,Financial Services,8.3,6.89,,
2026-04-02 10:52:26.889073,SBIN,HOLD,HOLD,53.476615411232906,,25.0,,Financial Services,8.35,9.21,,
2026-04-02 10:52:26.892606,ICICIGI,HOLD,HOLD,53.359946611232914,,25.0,,Financial Services,8.34,6.61,,
2026-04-02 10:52:26.899686,INDIANB,HOLD,HOLD,51.8434810112329,,25.0,,Financial Services,12.97,-2.08,,
2026-04-02 10:52:26.903189,BANKBARODA,HOLD,HOLD,50.60720101123291,,25.0,,Financial Services,14.08,9.54,,
2026-04-02 10:52:26.927159,ICICIPRULI,HOLD,HOLD,48.22537701123291,,25.0,,Financial Services,9.42,7.45,,
2026-04-06 11:30:30.003981,GICRE,INCREASE,INCREASE,66.25849990844726,,25.0,,Financial Services,2.35,3.17,,True
2026-04-06 11:30:30.009940,AXISBANK,HOLD,HOLD,57.958499908447266,,25.0,,Financial Services,13.0,6.95,,
2026-04-06 11:30:30.014956,INDIANB,WATCHLIST,WATCHLIST,56.55849990844727,,25.0,,Financial Services,12.32,-2.45,,
2026-04-06 11:30:30.019349,DRREDDY,HOLD,HOLD,54.62849990844727,,25.0,,Healthcare,0.14,9.13,,
2026-04-06 11:30:30.023749,ICICIBANK,HOLD,HOLD,54.55849990844727,,25.0,,Financial Services,12.07,6.61,,
2026-04-06 11:30:30.028820,IOB,HOLD,HOLD,54.25849990844726,,25.0,,Financial Services,7.82,7.45,,
2026-04-06 11:30:30.033191,SBIN,HOLD,HOLD,54.05849990844727,,25.0,,Financial Services,7.96,8.64,,
2026-04-06 11:30:30.039043,LICHSGFIN,HOLD,HOLD,53.65849990844727,,25.0,,Financial Services,3.08,15.24,,
2026-04-06 11:30:30.049152,CENTRALBK,HOLD,HOLD,51.958499908447266,,25.0,,Financial Services,7.1,10.42,,
2026-04-06 11:30:30.057292,KOTAKBANK,HOLD,HOLD,51.15849990844727,,25.0,,Financial Services,7.63,7.84,,
2026-04-06 11:40:08.323834,GICRE,INCREASE,INCREASE,66.25849990844726,,25.0,,Financial Services,2.35,3.17,,True
2026-04-06 11:40:08.329745,AXISBANK,HOLD,HOLD,57.958499908447266,,25.0,,Financial Services,13.0,6.95,,
2026-04-06 11:40:08.334239,INDIANB,WATCHLIST,WATCHLIST,56.55849990844727,,25.0,,Financial Services,12.32,-2.45,,
2026-04-06 11:40:08.338268,DRREDDY,HOLD,HOLD,54.62849990844727,,25.0,,Healthcare,0.14,9.13,,
2026-04-06 11:40:08.342088,ICICIBANK,HOLD,HOLD,54.55849990844727,,25.0,,Financial Services,12.07,6.61,,
2026-04-06 11:40:08.345834,IOB,HOLD,HOLD,54.25849990844726,,25.0,,Financial Services,7.82,7.45,,
2026-04-06 11:40:08.349475,SBIN,HOLD,HOLD,54.05849990844727,,25.0,,Financial Services,7.96,8.64,,
2026-04-06 11:40:08.353008,LICHSGFIN,HOLD,HOLD,53.65849990844727,,25.0,,Financial Services,3.08,15.24,,
2026-04-06 11:40:08.360166,CENTRALBK,HOLD,HOLD,51.958499908447266,,25.0,,Financial Services,7.1,10.42,,
2026-04-06 11:40:08.367064,KOTAKBANK,HOLD,HOLD,51.15849990844727,,25.0,,Financial Services,7.63,7.84,,
2026-04-06 13:59:34.386608,GICRE,INCREASE,INCREASE,66.25849990844726,,25.0,,Financial Services,2.35,3.17,,True
2026-04-06 13:59:34.392920,AXISBANK,HOLD,HOLD,57.958499908447266,,25.0,,Financial Services,13.0,6.95,,
2026-04-06 13:59:34.397786,INDIANB,WATCHLIST,WATCHLIST,56.55849990844727,,25.0,,Financial Services,12.32,-2.45,,
2026-04-06 13:59:34.402212,DRREDDY,HOLD,HOLD,54.62849990844727,,25.0,,Healthcare,0.14,9.13,,
2026-04-06 13:59:34.406102,ICICIBANK,HOLD,HOLD,54.55849990844727,,25.0,,Financial Services,12.07,6.61,,
2026-04-06 13:59:34.409856,IOB,HOLD,HOLD,54.25849990844726,,25.0,,Financial Services,7.82,7.45,,
2026-04-06 13:59:34.413613,SBIN,HOLD,HOLD,54.05849990844727,,25.0,,Financial Services,7.96,8.64,,
2026-04-06 13:59:34.417687,LICHSGFIN,HOLD,HOLD,53.65849990844727,,25.0,,Financial Services,3.08,15.24,,
2026-04-06 13:59:34.425576,CENTRALBK,HOLD,HOLD,51.958499908447266,,25.0,,Financial Services,7.1,10.42,,
2026-04-06 13:59:34.433406,KOTAKBANK,HOLD,HOLD,51.15849990844727,,25.0,,Financial Services,7.63,7.84,,
2026-04-07 00:27:25.070672,GICRE,INCREASE,INCREASE,62.14967489242554,,25.0,,Financial Services,2.88,3.04,,True
2026-04-07 00:27:25.077695,AXISBANK,HOLD,HOLD,57.87967489242554,,25.0,,Financial Services,10.18,1.9,,
2026-04-07 00:27:25.130946,KOTAKBANK,HOLD,HOLD,50.856895361893095,,25.0,,Financial Services,5.24,4.58,,
2026-04-09 09:34:46.668901,INDIANB,INCREASE,INCREASE,67.28549987792968,,25.0,,Financial Services,-1.85,-11.91,,False
2026-04-09 09:34:46.675359,MAHABANK,HOLD,HOLD,66.08549987792969,,25.0,,Financial Services,2.86,15.49,,
2026-04-09 09:34:46.680495,GICRE,INCREASE,INCREASE,64.83796113300323,,25.0,,Financial Services,3.05,0.9,,True
2026-04-09 09:34:46.686044,IOB,HOLD,HOLD,64.18549987792969,,25.0,,Financial Services,1.25,-0.38,,
2026-04-09 09:34:46.691332,AXISBANK,WATCHLIST,WATCHLIST,63.92846113300324,,25.0,,Financial Services,2.78,-3.43,,
2026-04-09 09:34:46.696628,ICICIBANK,HOLD,HOLD,60.59571113300324,,25.0,,Financial Services,3.74,-2.05,,
2026-04-09 09:34:46.701714,CANBK,HOLD,HOLD,60.58549987792969,,25.0,,Financial Services,2.28,-3.82,,
2026-04-10 13:43:01.731585,NMDC,WATCHLIST,WATCHLIST,70.5490874004364,,25.0,,Basic Materials,5.48,3.88,,
2026-04-10 13:43:01.738498,GICRE,WATCHLIST,WATCHLIST,69.11529368877412,,25.0,,Financial Services,-0.62,-1.58,,
2026-04-10 13:43:01.744730,AXISBANK,WATCHLIST,WATCHLIST,64.90658740043641,,25.0,,Financial Services,0.44,-5.31,,
2026-04-10 13:43:01.754189,INDIANB,WATCHLIST,WATCHLIST,63.89658740043641,,25.0,,Financial Services,-3.09,-11.97,,
2026-04-10 13:43:01.762830,ICICIBANK,HOLD,HOLD,62.3240874004364,,25.0,,Financial Services,2.69,-3.71,,
2026-04-10 13:43:01.768085,IOB,HOLD,HOLD,61.9140874004364,,25.0,,Financial Services,0.29,-0.86,,
2026-04-10 13:43:01.773396,MAHABANK,HOLD,HOLD,61.7540874004364,,25.0,,Financial Services,7.59,16.31,,
2026-04-10 13:43:01.784057,SBIN,HOLD,HOLD,58.295336792222386,,25.0,,Financial Services,4.51,-7.81,,
2026-04-10 13:43:01.794690,KOTAKBANK,HOLD,HOLD,57.79519763517018,,25.0,,Financial Services,0.7,1.83,,
2026-04-10 13:43:01.800089,LICHSGFIN,WATCHLIST,WATCHLIST,57.79279368877411,,25.0,,Financial Services,0.88,11.92,,
2026-04-10 13:43:01.821478,ICICIGI,HOLD,HOLD,55.08279368877411,,25.0,,Financial Services,5.03,3.09,,
2026-04-15 09:26:47.492176,NMDC,NEW POSITION,NEW POSITION,81.10000000000001,,25.0,,Basic Materials,-0.17,2.01,,True
2026-04-15 09:26:47.498187,ICICIBANK,HOLD,HOLD,78.92,,25.0,,Financial Services,-0.49,-8.87,,
2026-04-15 09:26:47.503891,ABB,NEW POSITION,NEW POSITION,78.62,,25.0,,Industrials,9.95,-9.27,,False
2026-04-15 09:26:47.509068,CUMMINSIND,NEW POSITION,NEW POSITION,78.32,,25.0,,Industrials,2.22,3.56,,True
2026-04-15 09:26:47.514162,LICI,WATCHLIST,WATCHLIST,78.22,,25.0,,Financial Services,-2.06,-6.03,,
2026-04-15 09:26:47.519644,NATIONALUM,WATCHLIST,WATCHLIST,78.0,,25.0,,Basic Materials,2.44,-6.8,,
2026-04-15 09:26:47.524756,VEDL,WATCHLIST,WATCHLIST,77.60000000000001,,25.0,,Basic Materials,-3.81,-57.13,,
2026-04-15 09:26:47.530268,LUPIN,NEW POSITION,NEW POSITION,77.44,,25.0,,Healthcare,0.36,-4.4,,False
2026-04-15 09:26:47.535515,ONGC,NEW POSITION,NEW POSITION,77.4,,25.0,,Energy,0.07,3.74,,True
2026-04-15 09:26:47.540475,INDIANB,HOLD,HOLD,77.22,,25.0,,Financial Services,-8.1,-18.81,,
2026-04-15 09:26:47.545379,FEDERALBNK,WATCHLIST,WATCHLIST,75.62,,25.0,,Financial Services,0.54,-4.66,,
2026-04-15 09:26:47.550474,SBIN,HOLD,HOLD,73.92,,25.0,,Financial Services,0.73,-13.65,,
2026-04-15 09:26:47.555411,AXISBANK,HOLD,HOLD,73.92,,25.0,,Financial Services,-0.18,-10.3,,
2026-04-15 09:26:47.560626,AUROPHARMA,WATCHLIST,WATCHLIST,73.24,,25.0,,Healthcare,6.01,10.4,,
2026-04-15 09:26:47.565571,CANBK,HOLD,HOLD,72.62,,25.0,,Financial Services,-1.49,-12.94,,
2026-04-15 09:26:47.570478,GICRE,HOLD,HOLD,72.42,,25.0,,Financial Services,0.57,-3.59,,
2026-04-15 09:26:47.586012,ICICIGI,HOLD,HOLD,71.82000000000001,,25.0,,Financial Services,0.17,-0.48,,
2026-04-15 09:26:47.591342,ADANIPOWER,WATCHLIST,WATCHLIST,71.60000000000001,,25.0,,Utilities,16.57,19.67,,
2026-04-15 09:26:47.596195,KOTAKBANK,HOLD,HOLD,71.52,,25.0,,Financial Services,-2.37,0.41,,
2026-04-15 09:26:47.620942,ICICIPRULI,HOLD,HOLD,66.12,,25.0,,Financial Services,-5.48,-11.88,,
2026-04-16 13:53:01.969102,NMDC,INCREASE,INCREASE,81.485,,25.0,,Basic Materials,3.09,3.01,,True
2026-04-16 13:53:01.976211,NATIONALUM,NEW POSITION,NEW POSITION,79.375,,25.0,,Basic Materials,0.87,-7.77,,False
2026-04-16 13:53:01.981359,VEDL,WATCHLIST,WATCHLIST,79.08500000000001,,25.0,,Basic Materials,-8.07,-58.2,,
2026-04-16 13:53:01.986649,ICICIBANK,HOLD,HOLD,78.524,,25.0,,Financial Services,-1.23,-8.06,,
2026-04-16 13:53:01.992341,LICI,HOLD,HOLD,78.374,,25.0,,Financial Services,-3.41,-7.25,,
2026-04-16 13:53:01.997414,ABB,HOLD,HOLD,78.0095,,25.0,,Industrials,8.12,-7.78,,
2026-04-16 13:53:02.002410,ADANIPORTS,WATCHLIST,WATCHLIST,77.9795,,25.0,,Industrials,2.34,13.13,,
2026-04-16 13:53:02.007576,CUMMINSIND,HOLD,HOLD,77.0495,,25.0,,Industrials,4.98,5.24,,
2026-04-16 13:53:02.012483,AXISBANK,HOLD,HOLD,75.834,,25.0,,Financial Services,1.25,-8.76,,
2026-04-16 13:53:02.017357,INDIANB,HOLD,HOLD,75.50399999999999,,25.0,,Financial Services,-3.3,-14.1,,
2026-04-16 13:53:02.022201,HINDALCO,WATCHLIST,WATCHLIST,75.305,,25.0,,Basic Materials,0.81,1.09,,
2026-04-16 13:53:02.027058,BAJAJ-AUTO,WATCHLIST,WATCHLIST,74.559,,25.0,,Consumer Cyclical,-2.2,4.61,,
2026-04-16 13:53:02.031744,ICICIGI,HOLD,HOLD,74.284,,25.0,,Financial Services,-6.09,-4.71,,
2026-04-16 13:53:02.037434,FEDERALBNK,HOLD,HOLD,74.124,,25.0,,Financial Services,3.63,-0.94,,
2026-04-16 13:53:02.042342,SBIN,HOLD,HOLD,73.57900000000001,,25.0,,Financial Services,3.15,-12.13,,
2026-04-16 13:53:02.052000,ADANIPOWER,WATCHLIST,WATCHLIST,72.15,,25.0,,Utilities,13.73,17.46,,
2026-04-16 13:53:02.057315,CANBK,HOLD,HOLD,71.894,,25.0,,Financial Services,0.25,-11.39,,
2026-04-16 13:53:02.062332,KOTAKBANK,HOLD,HOLD,71.894,,25.0,,Financial Services,-2.42,0.24,,
2026-04-16 13:53:02.067343,GICRE,HOLD,HOLD,71.584,,25.0,,Financial Services,-0.48,-4.38,,
2026-04-16 13:53:02.072436,IOB,HOLD,HOLD,71.209,,25.0,,Financial Services,-0.03,-5.68,,
2026-04-16 13:53:02.082011,BANKBARODA,HOLD,HOLD,67.784,,25.0,,Financial Services,-1.56,-8.02,,
2026-04-16 13:53:02.086723,CENTRALBK,HOLD,HOLD,67.08900000000001,,25.0,,Financial Services,0.53,-7.29,,
2026-04-16 13:53:02.092235,ICICIPRULI,HOLD,HOLD,66.989,,25.0,,Financial Services,-8.05,-10.76,,
2026-04-16 13:53:02.097658,PNB,HOLD,HOLD,66.654,,25.0,,Financial Services,-0.38,-12.67,,
2026-04-16 13:53:02.102668,BAJAJHLDNG,HOLD,HOLD,65.71900000000001,,25.0,,Financial Services,1.01,-0.34,,
2026-04-16 13:53:02.107599,UCOBANK,HOLD,HOLD,65.319,,25.0,,Financial Services,-0.11,-7.36,,
2026-04-16 13:53:02.112499,BANKINDIA,HOLD,HOLD,61.224,,25.0,,Financial Services,-1.01,-7.35,,
2026-04-18 01:58:25.339816,NMDC,INCREASE,INCREASE,78.3115,,25.0,,Basic Materials,0.71,0.33,,True
2026-04-18 01:58:25.347194,ADANIPORTS,WATCHLIST,WATCHLIST,76.206575,,25.0,,Industrials,3.5,13.16,,
2026-04-18 01:58:25.353133,LUPIN,WATCHLIST,WATCHLIST,75.6379,,25.0,,Healthcare,-0.07,-2.45,,
2026-04-18 01:58:25.359345,ABB,HOLD,HOLD,74.85332500000001,,25.0,,Industrials,5.7,-9.99,,
2026-04-18 01:58:25.364868,CUMMINSIND,HOLD,HOLD,74.78707499999999,,25.0,,Industrials,1.8,2.89,,
2026-04-18 01:58:25.370533,ICICIBANK,HOLD,HOLD,73.999425,,25.0,,Financial Services,-2.43,-8.03,,
2026-04-18 01:58:25.376164,LICI,HOLD,HOLD,73.626675,,25.0,,Financial Services,-2.7,-4.68,,
2026-04-18 01:58:25.381699,SBIN,HOLD,HOLD,73.283925,,25.0,,Financial Services,2.93,-12.31,,
2026-04-18 01:58:25.387318,AXISBANK,HOLD,HOLD,72.733925,,25.0,,Financial Services,-2.57,-8.42,,
2026-04-18 01:58:25.393599,ICICIGI,HOLD,HOLD,72.011675,,25.0,,Financial Services,-6.4,-3.98,,
2026-04-18 01:58:25.398861,FEDERALBNK,HOLD,HOLD,71.85442499999999,,25.0,,Financial Services,0.1,-2.88,,
2026-04-18 01:58:25.404535,INDIANB,HOLD,HOLD,71.655925,,25.0,,Financial Services,-2.85,-13.68,,
2026-04-18 01:58:25.410286,MAHABANK,HOLD,HOLD,70.840675,,25.0,,Financial Services,9.65,7.42,,
2026-04-18 01:58:25.415623,TMPV,WATCHLIST,WATCHLIST,70.359975,,25.0,,Consumer Cyclical,-1.6,0.89,,
2026-04-18 01:58:25.421083,GICRE,HOLD,HOLD,70.021175,,25.0,,Financial Services,-0.14,-2.66,,
2026-04-18 01:58:25.426827,CANBK,HOLD,HOLD,69.720675,,25.0,,Financial Services,-1.3,-11.57,,
2026-04-18 01:58:25.432180,KOTAKBANK,HOLD,HOLD,69.126675,,25.0,,Financial Services,-1.77,0.8,,
2026-04-18 01:58:25.438076,POWERGRID,WATCHLIST,WATCHLIST,68.66375000000001,,25.0,,Utilities,0.88,-6.22,,
2026-04-18 01:58:25.443740,IOB,HOLD,HOLD,67.352675,,25.0,,Financial Services,1.03,-4.03,,
2026-04-18 01:58:25.449091,NTPC,WATCHLIST,WATCHLIST,66.40174999999999,,25.0,,Utilities,4.22,-0.95,,
2026-04-18 01:58:25.454853,ADANIENSOL,WATCHLIST,WATCHLIST,66.14225,,25.0,,Utilities,13.97,4.8,,
2026-04-18 01:58:25.466374,PNB,HOLD,HOLD,65.553175,,25.0,,Financial Services,-0.52,-11.7,,
2026-04-18 01:58:25.471652,ICICIPRULI,HOLD,HOLD,65.10442499999999,,25.0,,Financial Services,-7.54,-7.22,,
2026-04-18 01:58:25.476871,BANKBARODA,HOLD,HOLD,65.041425,,25.0,,Financial Services,-2.3,-7.07,,
2026-04-18 01:58:25.482479,CENTRALBK,HOLD,HOLD,64.063175,,25.0,,Financial Services,1.28,-5.1,,
2026-04-18 01:58:25.488461,BAJAJHLDNG,HOLD,HOLD,61.656425,,25.0,,Financial Services,-0.21,0.16,,
2026-04-18 01:58:25.494288,UCOBANK,HOLD,HOLD,60.901675,,25.0,,Financial Services,-0.82,-6.99,,
2026-04-18 01:58:25.504514,BANKINDIA,HOLD,HOLD,59.309175,,25.0,,Financial Services,-0.4,-6.32,,
2026-04-18 03:19:00.912119,ZYDUSLIFE,NEW POSITION,NEW POSITION,73.8,,25.0,,Healthcare,-0.46,7.2,,True
2026-04-21 11:42:59.296856,NMDC,INCREASE,INCREASE,79.84517500000001,,25.0,,Basic Materials,3.81,-0.69,,False
2026-04-21 11:42:59.303592,ABB,HOLD,HOLD,78.37149625,,25.0,,Industrials,-0.3,-8.37,,
2026-04-21 11:42:59.309563,ADANIPORTS,WATCHLIST,WATCHLIST,78.26545875,,25.0,,Industrials,3.9,11.99,,
2026-04-21 11:42:59.315075,CUMMINSIND,HOLD,HOLD,77.62668375,,25.0,,Industrials,1.11,2.74,,
2026-04-21 11:42:59.332838,CGPOWER,WATCHLIST,WATCHLIST,74.42592125000002,,25.0,,Industrials,2.25,5.47,,
2026-04-21 11:42:59.339047,NESTLEIND,WATCHLIST,WATCHLIST,74.37662625000002,,25.0,,Consumer Defensive,11.46,9.53,,
2026-04-21 11:42:59.344820,FEDERALBNK,HOLD,HOLD,73.83199124999999,,25.0,,Financial Services,-0.25,-3.95,,
2026-04-21 11:42:59.350302,SBIN,HOLD,HOLD,73.37526625000001,,25.0,,Financial Services,-1.26,-14.21,,
2026-04-21 11:42:59.355873,AXISBANK,HOLD,HOLD,72.57776625,,25.0,,Financial Services,-5.73,-6.72,,
2026-04-21 11:42:59.362004,POWERGRID,WATCHLIST,WATCHLIST,71.37868750000001,,25.0,,Utilities,0.52,-7.46,,
2026-04-21 11:42:59.367580,LICI,HOLD,HOLD,71.32950375000001,,25.0,,Financial Services,-1.07,-1.04,,
2026-04-21 11:42:59.373314,ICICIGI,HOLD,HOLD,70.71275374999999,,25.0,,Financial Services,-3.59,-0.9,,
2026-04-21 11:42:59.379209,TORNTPOWER,WATCHLIST,WATCHLIST,70.3902875,,25.0,,Utilities,6.68,-7.88,,
2026-04-21 11:42:59.384787,INDIANB,HOLD,HOLD,70.22266625,,25.0,,Financial Services,-1.58,-11.76,,
2026-04-21 11:42:59.390575,CANBK,HOLD,HOLD,70.01180375,,25.0,,Financial Services,-4.02,-11.45,,
2026-04-21 11:42:59.396302,KOTAKBANK,HOLD,HOLD,69.85450375,,25.0,,Financial Services,0.54,0.96,,
2026-04-21 11:42:59.402060,NTPC,WATCHLIST,WATCHLIST,69.37078749999999,,25.0,,Utilities,1.95,-2.72,,
2026-04-21 11:42:59.407755,IOB,HOLD,HOLD,67.68120375000001,,25.0,,Financial Services,1.4,-4.2,,
2026-04-21 11:42:59.419401,GICRE,HOLD,HOLD,67.56202875,,25.0,,Financial Services,1.07,-2.87,,
2026-04-21 11:42:59.424659,CENTRALBK,HOLD,HOLD,64.93592875,,25.0,,Financial Services,1.3,-12.46,,
2026-04-21 11:42:59.430462,PNB,HOLD,HOLD,64.06642875,,25.0,,Financial Services,-2.26,-10.53,,
2026-04-21 11:42:59.437117,BANKBARODA,HOLD,HOLD,64.05614125,,25.0,,Financial Services,-4.41,-6.3,,
2026-04-21 11:42:59.454504,UCOBANK,HOLD,HOLD,61.69825375,,25.0,,Financial Services,-0.22,-7.39,,
2026-04-21 11:42:59.460903,BANKINDIA,HOLD,HOLD,59.93662875,,25.0,,Financial Services,-3.18,-7.34,,
2026-04-21 12:31:19.656151,LUPIN,NEW POSITION,NEW POSITION,78.749055,,25.0,,Healthcare,0.28,-1.78,,False
2026-04-21 22:33:19.413359,ALKEM,WATCHLIST,WATCHLIST,75.9977925,,25.0,,Healthcare,-5.77,-4.33,,
2026-04-21 22:33:19.422901,AUROPHARMA,WATCHLIST,WATCHLIST,74.01019249999999,,25.0,,Healthcare,1.29,4.62,,
2026-04-22 12:21:32.754138,NESTLEIND,HIGH MOMENTUM NEW POSITION,HIGH MOMENTUM NEW POSITION,82.114,,25.0,,Consumer Defensive,3.02,1.13,,True
2026-04-22 12:21:32.761322,NMDC,INCREASE,INCREASE,80.58482875000001,,25.0,,Basic Materials,1.96,1.15,,True
2026-04-22 12:21:32.767585,ABB,HOLD,HOLD,80.1537733125,,25.0,,Industrials,-7.51,-12.84,,
2026-04-22 12:21:32.773761,ADANIPORTS,WATCHLIST,WATCHLIST,79.1408064375,,25.0,,Industrials,3.92,12.96,,
2026-04-22 12:21:32.785230,CUMMINSIND,HOLD,HOLD,77.5058576875,,25.0,,Industrials,1.45,3.56,,
2026-04-22 12:21:32.790927,ALKEM,WATCHLIST,WATCHLIST,77.275006625,,25.0,,Healthcare,-5.14,-4.88,,
2026-04-22 12:21:32.796531,CGPOWER,WATCHLIST,WATCHLIST,76.64026456250002,,25.0,,Industrials,-2.17,5.15,,
2026-04-22 12:21:32.807655,AXISBANK,HOLD,HOLD,73.84564481250001,,25.0,,Financial Services,-8.43,-5.78,,
2026-04-22 12:21:32.819099,TORNTPOWER,WATCHLIST,WATCHLIST,72.865129375,,25.0,,Utilities,5.21,-10.07,,
2026-04-22 12:21:32.824541,POWERGRID,WATCHLIST,WATCHLIST,72.765409375,,25.0,,Utilities,-0.67,-8.02,,
2026-04-22 12:21:32.829923,SBIN,HOLD,HOLD,72.39501981250001,,25.0,,Financial Services,-3.16,-12.83,,
2026-04-22 12:21:32.840420,INDIANB,HOLD,HOLD,70.6628498125,,25.0,,Financial Services,-8.12,-8.42,,
2026-04-22 12:21:32.845895,NTPC,WATCHLIST,WATCHLIST,70.57760437499999,,25.0,,Utilities,-1.66,-3.97,,
2026-04-22 12:21:32.862103,ICICIGI,HOLD,HOLD,69.4148891875,,25.0,,Financial Services,-3.25,1.62,,
2026-04-22 12:21:32.867480,IOB,HOLD,HOLD,69.09019168750001,,25.0,,Financial Services,-1.07,-4.24,,
2026-04-22 12:21:32.872764,GICRE,HOLD,HOLD,68.43431293750001,,25.0,,Financial Services,-1.61,-2.55,,
2026-04-22 12:21:32.877975,KOTAKBANK,HOLD,HOLD,66.9304266875,,25.0,,Financial Services,1.32,3.63,,
2026-04-22 12:21:32.883231,CENTRALBK,HOLD,HOLD,65.6575679375,,25.0,,Financial Services,-1.11,-15.07,,
2026-04-22 12:21:32.893794,PNB,HOLD,HOLD,63.896792937499995,,25.0,,Financial Services,-4.81,-8.66,,
2026-04-22 12:21:32.899014,BANKINDIA,HOLD,HOLD,62.3408829375,,25.0,,Financial Services,-8.83,-6.23,,
2026-04-22 12:21:32.904276,UCOBANK,HOLD,HOLD,61.9263641875,,25.0,,Financial Services,-2.59,-5.91,,
2026-04-25 09:57:12.982937,NESTLEIND,NEW POSITION,NEW POSITION,82.0135,,25.0,,Consumer Defensive,2.52,,,
2026-04-25 09:57:12.990058,NMDC,INCREASE,INCREASE,81.2371558125,,25.0,,Basic Materials,-0.22,,,
2026-04-25 09:57:12.996754,ABB,HOLD,HOLD,79.348443328125,,25.0,,Industrials,-1.26,,,
2026-04-25 09:57:13.003476,CUMMINSIND,HOLD,HOLD,78.439221728125,,25.0,,Industrials,1.09,,,
2026-04-25 09:57:13.016138,NATIONALUM,HOLD,HOLD,78.12975953125,,25.0,,Basic Materials,-6.69,,,
2026-04-25 09:57:13.022604,DRREDDY,NEW POSITION,NEW POSITION,77.0445237,,25.0,,Healthcare,-2.27,,,
2026-04-25 09:57:13.028841,MARICO,HOLD,HOLD,76.328116184375,,25.0,,Consumer Defensive,0.16,,,
2026-04-25 09:57:13.035267,AUROPHARMA,HOLD,HOLD,75.44132264375,,25.0,,Healthcare,-2.67,,,
2026-04-25 09:57:13.041251,AXISBANK,HOLD,HOLD,74.19410464687502,,25.0,,Financial Services,-6.65,,,
2026-04-25 09:57:13.047521,TORNTPOWER,HOLD,HOLD,74.14082115625001,,25.0,,Utilities,1.44,,,
2026-04-25 09:57:13.053642,FEDERALBNK,HOLD,HOLD,73.358012834375,,25.0,,Financial Services,-1.31,,,
2026-04-25 09:57:13.059827,ICICIBANK,HOLD,HOLD,72.602352140625,,25.0,,Financial Services,-4.18,,,
2026-04-25 09:57:13.065907,SBIN,HOLD,HOLD,72.11375495312501,,25.0,,Financial Services,-2.97,,,
2026-04-25 09:57:13.072488,OFSS,HOLD,HOLD,71.8315998125,,25.0,,Technology,5.7,,,
2026-04-25 09:57:13.079278,CANBK,HOLD,HOLD,69.454365421875,,25.0,,Financial Services,-4.3,,,
2026-04-25 09:57:13.085712,LICI,HOLD,HOLD,68.843981671875,,25.0,,Financial Services,-1.12,,,
2026-04-25 09:57:13.091817,INDIANB,HOLD,HOLD,68.53071245312499,,25.0,,Financial Services,-8.74,,,
2026-04-25 09:57:13.098442,GICRE,HOLD,HOLD,67.973578234375,,25.0,,Financial Services,2.88,,,
2026-04-25 09:57:13.104579,KOTAKBANK,HOLD,HOLD,67.37573467812501,,25.0,,Financial Services,0.22,,,
2026-04-25 09:57:13.110878,IOB,HOLD,HOLD,66.787547921875,,25.0,,Financial Services,-0.4,,,
2026-04-25 09:57:13.116692,ICICIGI,HOLD,HOLD,66.04372229687499,,25.0,,Financial Services,-0.86,,,
2026-04-25 09:57:13.123138,UNIONBANK,HOLD,HOLD,65.35576792187501,,25.0,,Financial Services,-7.47,,,
2026-04-25 09:57:13.129271,CENTRALBK,HOLD,HOLD,64.95439198437501,,25.0,,Financial Services,-1.19,,,
2026-04-25 09:57:13.140063,PNB,HOLD,HOLD,63.314198234375,,25.0,,Financial Services,-3.9,,,
2026-04-25 09:57:13.146474,BANKBARODA,HOLD,HOLD,62.560228390625,,25.0,,Financial Services,-3.29,,,
2026-04-25 09:57:13.152744,BANKINDIA,HOLD,HOLD,61.350220734375,,25.0,,Financial Services,-5.95,,,
2026-04-25 09:57:13.158916,UCOBANK,HOLD,HOLD,61.021591046875,,25.0,,Financial Services,0.6,,,
2026-04-28 21:18:20.542440,NATIONALUM,NEW POSITION,NEW POSITION,82.65636774218751,,25.0,,Basic Materials,-7.92,,,
2026-04-28 21:18:20.548925,NESTLEIND,NEW POSITION,NEW POSITION,82.245925,,25.0,,Consumer Defensive,3.2,,,
2026-04-28 21:18:20.554861,NMDC,INCREASE,INCREASE,81.80543569687501,,25.0,,Basic Materials,-1.89,,,
2026-04-28 21:18:20.560933,ADANIPORTS,HOLD,HOLD,80.34611088515626,,25.0,,Industrials,6.76,,,
2026-04-28 21:18:20.566981,COALINDIA,NEW POSITION,NEW POSITION,79.0623832140625,,25.0,,Energy,0.69,,,
2026-04-28 21:18:20.572933,CUMMINSIND,HOLD,HOLD,78.55657195046876,,25.0,,Industrials,1.26,,,
2026-04-28 21:18:20.578623,ONGC,HOLD,HOLD,77.37118192812501,,25.0,,Energy,-6.8,,,
2026-04-28 21:18:20.584453,ABB,HOLD,HOLD,77.36211083203125,,25.0,,Industrials,-1.45,,,
2026-04-28 21:18:20.590482,HINDALCO,HOLD,HOLD,76.66940429375,,25.0,,Basic Materials,-2.65,,,
2026-04-28 21:18:20.596300,MAHABANK,HOLD,HOLD,76.48864135546876,,25.0,,Financial Services,7.58,,,
2026-04-28 21:18:20.601811,TORNTPOWER,HOLD,HOLD,74.97745163593751,,25.0,,Utilities,-1.19,,,
2026-04-28 21:18:20.607527,OFSS,HOLD,HOLD,73.16737989687499,,25.0,,Technology,-1.52,,,
2026-04-28 21:18:20.613152,SBIN,HOLD,HOLD,72.41806522421876,,25.0,,Financial Services,0.43,,,
2026-04-28 21:18:20.618718,FEDERALBNK,HOLD,HOLD,72.33200320859376,,25.0,,Financial Services,0.83,,,
2026-04-28 21:18:20.625225,AXISBANK,HOLD,HOLD,69.69102616171877,,25.0,,Financial Services,0.4,,,
2026-04-28 21:18:20.630831,ICICIBANK,HOLD,HOLD,69.66808803515626,,25.0,,Financial Services,-0.97,,,
2026-04-28 21:18:20.636894,LICI,HOLD,HOLD,68.27849541796876,,25.0,,Financial Services,-1.28,,,
2026-04-28 21:18:20.642654,GICRE,HOLD,HOLD,67.31089455859376,,25.0,,Financial Services,0.1,,,
2026-04-28 21:18:20.648690,IOB,HOLD,HOLD,67.14865135703126,,25.0,,Financial Services,0.57,,,
2026-04-28 21:18:20.654833,KOTAKBANK,HOLD,HOLD,67.01143366953126,,25.0,,Financial Services,-0.36,,,
2026-04-28 21:18:20.660591,INDIANB,HOLD,HOLD,66.77517811328124,,25.0,,Financial Services,-3.26,,,
2026-04-28 21:18:20.666371,ICICIGI,HOLD,HOLD,64.65343057421875,,25.0,,Financial Services,2.15,,,
2026-04-28 21:18:20.671962,CANBK,HOLD,HOLD,63.55609135546875,,25.0,,Financial Services,0.69,,,
2026-04-28 21:18:20.677466,CENTRALBK,HOLD,HOLD,63.33109799609375,,25.0,,Financial Services,1.86,,,
2026-04-28 21:18:20.683122,PNB,HOLD,HOLD,60.89604955859375,,25.0,,Financial Services,-1.09,,,
2026-04-28 21:18:20.695257,BANKBARODA,HOLD,HOLD,59.20755709765625,,25.0,,Financial Services,0.92,,,
2026-04-28 21:18:20.710785,UCOBANK,HOLD,HOLD,58.29789776171876,,25.0,,Financial Services,2.7,,,
2026-04-28 21:18:20.722189,BANKINDIA,HOLD,HOLD,57.480055183593755,,25.0,,Financial Services,-1.32,,,
2026-04-29 02:10:14.975021,COALINDIA,NEW POSITION,NEW POSITION,78.26559580351562,,25.0,,Energy,0.64,,,
2026-04-29 02:10:14.982082,LUPIN,NEW POSITION,NEW POSITION,77.02235090296877,,25.0,,Healthcare,7.42,,,
2026-04-29 02:10:14.993955,DRREDDY,HOLD,HOLD,75.59612200875,,25.0,,Healthcare,-3.3,,,
2026-04-29 02:10:15.005124,SUNPHARMA,HOLD,HOLD,75.29314054,,25.0,,Healthcare,5.12,,,
2026-04-29 02:10:15.016467,CUMMINSIND,HOLD,HOLD,73.82664298761719,,25.0,,Industrials,1.7,,,
2026-04-29 02:10:15.022325,SBIN,HOLD,HOLD,71.78951630605471,,25.0,,Financial Services,0.17,,,
2026-04-29 02:10:15.033916,MAHABANK,HOLD,HOLD,70.2571603388672,,25.0,,Financial Services,8.37,,,
2026-04-29 02:10:15.045465,FEDERALBNK,HOLD,HOLD,68.69300080214845,,25.0,,Financial Services,0.05,,,
2026-04-29 02:10:15.051617,AXISBANK,HOLD,HOLD,68.5577565404297,,25.0,,Financial Services,0.74,,,
2026-04-29 02:10:15.057671,ADANIENSOL,HOLD,HOLD,67.38390275460938,,25.0,,Utilities,-3.93,,,
2026-04-29 02:10:15.063404,LICI,HOLD,HOLD,67.0046238544922,,25.0,,Financial Services,-0.99,,,
2026-04-29 02:10:15.069520,INDIANB,HOLD,HOLD,66.86734796230469,,25.0,,Financial Services,-3.44,,,
2026-04-29 02:10:15.075427,IOB,HOLD,HOLD,66.72216283925782,,25.0,,Financial Services,0.6,,,
2026-04-29 02:10:15.081221,ICICIGI,HOLD,HOLD,66.06038681582031,,25.0,,Financial Services,3.22,,,
2026-04-29 02:10:15.086971,KOTAKBANK,HOLD,HOLD,64.73785841738281,,25.0,,Financial Services,0.6,,,
2026-04-29 02:10:15.092682,GICRE,HOLD,HOLD,64.51272363964844,,25.0,,Financial Services,0.05,,,
2026-04-29 02:10:15.104007,PNB,HOLD,HOLD,61.56382725722656,,25.0,,Financial Services,-1.68,,,
2026-04-29 02:10:15.109758,CENTRALBK,HOLD,HOLD,61.342774499023434,,25.0,,Financial Services,2.27,,,
2026-04-29 02:10:15.133057,UCOBANK,HOLD,HOLD,57.45947444042969,,25.0,,Financial Services,3.27,,,
2026-04-29 02:19:34.283457,MARICO,NEW POSITION,NEW POSITION,75.77599097535156,,25.0,,Consumer Defensive,4.63,,,
2026-04-29 02:19:34.291098,NESTLEIND,HOLD,HOLD,75.40148125,,25.0,,Consumer Defensive,2.67,,,
2026-04-29 02:19:34.299201,ONGC,NEW POSITION,NEW POSITION,74.39279548203126,,25.0,,Energy,-5.94,,,
2026-04-29 11:33:55.473975,ADANIPORTS,HOLD,HOLD,81.31536098683594,,25.0,,Industrials,3.39,,,
2026-04-29 11:33:55.487617,ABB,HOLD,HOLD,76.49052770800782,,25.0,,Industrials,0.07,,,
2026-04-29 11:33:55.494378,TORNTPOWER,HOLD,HOLD,74.46936290898438,,25.0,,Utilities,0.52,,,
2026-04-29 11:33:55.500199,OFSS,HOLD,HOLD,73.81205894328126,,25.0,,Technology,-1.57,,,
2026-04-29 11:33:55.508469,BANDHANBNK,HOLD,HOLD,70.98831568489845,,25.0,,Financial Services,2.99,,,
2026-04-29 11:33:55.527832,BAJAJHLDNG,HOLD,HOLD,59.691108017851576,,25.0,,Financial Services,2.19,,,
2026-05-07 10:21:14.397267,COALINDIA,NEW POSITION,NEW POSITION,82.7,43.823769999999996,-8.899999999999999,,Energy,-0.86,,,
2026-05-07 10:21:14.403886,LUPIN,NEW POSITION,NEW POSITION,82.4,47.385290000000005,9.75,,Healthcare,-7.5,,,
2026-05-07 10:21:14.410031,MARICO,HOLD,HOLD,82.37,48.94675,27.6,,Consumer Defensive,2.88,,,
2026-05-07 10:21:14.416409,BAJAJ-AUTO,NEW POSITION,NEW POSITION,80.77,49.34883,1.3500000000000014,,Consumer Cyclical,-0.97,,,
2026-05-07 10:21:14.422526,NESTLEIND,HOLD,HOLD,80.47,42.33254,-16.799999999999997,,Consumer Defensive,-1.05,,,
2026-05-07 10:21:14.428703,CGPOWER,NEW POSITION,NEW POSITION,80.45,52.16262,28.25,,Industrials,-2.52,,,
2026-05-07 10:21:14.434865,POLYCAB,NEW POSITION,NEW POSITION,80.25,51.971450000000004,20.700000000000003,,Industrials,3.48,,,
2026-05-07 10:21:14.441072,AUROPHARMA,HOLD,HOLD,80.2,45.05015,-1.0,,Healthcare,2.01,,,
2026-05-07 10:21:14.460638,CUMMINSIND,HOLD,HOLD,78.75,43.03037,-14.2,,Industrials,0.8,,,
2026-05-07 10:21:14.467463,ABB,HOLD,HOLD,74.55,42.79945,-4.449999999999999,,Industrials,-12.95,,,
2026-05-07 10:21:14.474754,SBIN,HOLD,HOLD,72.48,42.542699999999996,-9.900000000000002,,Financial Services,-11.57,,,
2026-05-07 10:21:14.481507,GICRE,HOLD,HOLD,69.48,42.44432,10.8,,Financial Services,-4.05,,,
2026-05-07 10:21:14.488602,CENTRALBK,HOLD,HOLD,69.38000000000001,41.91075,-14.6,,Financial Services,-6.29,,,
2026-05-07 10:21:14.495103,ICICIGI,HOLD,HOLD,69.28,42.49423,-5.400000000000002,,Financial Services,0.83,,,
2026-05-07 10:21:14.501358,FEDERALBNK,HOLD,HOLD,68.58,40.1135,-18.75,,Financial Services,-2.96,,,
2026-05-07 10:21:14.514192,LICI,HOLD,HOLD,66.78,42.61242,-6.550000000000001,,Financial Services,-0.06,,,
2026-05-07 10:21:14.526933,BAJAJHLDNG,HOLD,HOLD,64.58,53.00825,-16.9,,Financial Services,-1.36,,,
2026-05-07 10:21:14.533872,IOB,HOLD,HOLD,64.48,45.32546,-15.3,,Financial Services,-3.81,,,
2026-05-07 10:41:22.593893,TORNTPHARM,NEW POSITION,NEW POSITION,81.3,38.861760000000004,-24.200000000000003,,Healthcare,0.44,,,
2026-05-07 22:57:54.468079,ADANIPORTS,NEW POSITION,NEW POSITION,81.87,44.63818,-16.700000000000003,,Industrials,4.28,,,
2026-05-07 22:57:54.480270,PIDILITIND,NEW POSITION,NEW POSITION,80.60000000000001,42.23024,-5.449999999999999,,Basic Materials,2.07,,,
2026-05-07 22:57:54.486544,MAHABANK,HOLD,HOLD,80.49000000000001,50.92085,-3.9499999999999957,,Financial Services,-8.42,,,
2026-05-08 00:27:57.015734,LUPIN,NEW POSITION,NEW POSITION,78.47500000000001,32.6,-4.800000000000001,SIDEWAYS,Healthcare,-9.35,,,
2026-05-08 00:27:57.024528,MARICO,HOLD,HOLD,77.68499999999999,35.4,36.75,SIDEWAYS,Consumer Defensive,0.07,,,
2026-05-08 00:27:57.032036,COALINDIA,NEW POSITION,NEW POSITION,77.10000000000001,34.6,-5.75,SIDEWAYS,Energy,-0.15,,,
2026-05-08 00:27:57.039068,PIDILITIND,NEW POSITION,NEW POSITION,76.80000000000001,40.4,28.65,SIDEWAYS,Basic Materials,-1.19,,,
2026-05-08 00:27:57.046625,ALKEM,NEW POSITION,NEW POSITION,75.80000000000001,36.3,-12.650000000000002,SIDEWAYS,Healthcare,-2.32,,,
2026-05-08 00:27:57.053569,NESTLEIND,HOLD,HOLD,75.285,33.1,-5.75,SIDEWAYS,Consumer Defensive,-3.68,,,
2026-05-08 00:27:57.060699,BAJAJ-AUTO,NEW POSITION,NEW POSITION,74.535,39.2,11.600000000000001,SIDEWAYS,Consumer Cyclical,-3.42,,,
2026-05-08 00:27:57.067712,NMDC,HOLD,HOLD,74.17500000000001,37.6,-12.7,SIDEWAYS,Basic Materials,-1.02,,,
2026-05-08 00:27:57.075165,SBIN,HOLD,HOLD,73.9325,38.3,-8.45,SIDEWAYS,Financial Services,-14.1,,,
2026-05-08 00:27:57.083723,CUMMINSIND,HOLD,HOLD,73.67,36.2,-4.650000000000002,SIDEWAYS,Industrials,-2.92,,,
2026-05-08 00:27:57.091302,AUROPHARMA,HOLD,HOLD,73.475,38.0,7.899999999999999,SIDEWAYS,Healthcare,1.09,,,
2026-05-08 00:27:57.098525,MAHABANK,HOLD,HOLD,73.0575,44.2,7.450000000000003,SIDEWAYS,Financial Services,-9.82,,,
2026-05-08 00:27:57.106756,ABB,HOLD,HOLD,70.245,40.9,1.1999999999999993,SIDEWAYS,Industrials,-13.04,,,
2026-05-08 00:27:57.114285,ICICIGI,HOLD,HOLD,70.20750000000001,41.2,20.199999999999996,SIDEWAYS,Financial Services,-2.81,,,
2026-05-08 00:27:57.128787,GICRE,HOLD,HOLD,68.25750000000001,40.1,11.8,SIDEWAYS,Financial Services,-4.27,,,
2026-05-08 00:27:57.136176,FEDERALBNK,HOLD,HOLD,67.6575,37.9,-13.3,SIDEWAYS,Financial Services,-5.71,,,
2026-05-08 00:27:57.143447,CENTRALBK,HOLD,HOLD,67.5325,41.1,5.349999999999998,SIDEWAYS,Financial Services,-10.82,,,
2026-05-08 00:27:57.150713,LICI,HOLD,HOLD,67.4825,44.1,-6.75,SIDEWAYS,Financial Services,-3.99,,,
2026-05-08 00:27:57.158544,IOB,HOLD,HOLD,65.3255,47.6,-15.2,SIDEWAYS,Financial Services,-6.08,,,
2026-05-08 00:27:57.181255,AXISBANK,HOLD,HOLD,62.37050000000001,37.3,-7.749999999999998,SIDEWAYS,Financial Services,-4.79,,,
2026-05-08 00:27:57.188794,BAJAJHLDNG,HOLD,HOLD,61.7075,52.3,13.25,SIDEWAYS,Financial Services,-4.48,,,
2026-05-08 00:32:11.727237,TORNTPHARM,NEW POSITION,NEW POSITION,75.575,30.3,-17.1,SIDEWAYS,Healthcare,-0.5,,,
2026-05-08 13:43:32.831859,ADANIPORTS,HOLD,HOLD,81.906,37.8,-18.849999999999998,SIDEWAYS,Industrials,-0.57,,,
2026-05-08 13:43:32.854215,POLYCAB,NEW POSITION,NEW POSITION,81.286,43.0,22.35,SIDEWAYS,Industrials,-1.59,,,
2026-05-08 13:43:32.869138,HAL,NEW POSITION,NEW POSITION,80.20500000000001,40.4,-24.799999999999997,SIDEWAYS,Industrials,-12.14,,,
2026-05-08 13:43:32.895609,CGPOWER,NEW POSITION,NEW POSITION,79.78,45.0,17.599999999999994,SIDEWAYS,Industrials,-6.27,,,
2026-05-11 13:06:49.745885,PIDILITIND,NEW POSITION,NEW POSITION,81.63050000000001,39.2,25.549999999999997,SIDEWAYS,Basic Materials,1.04,,,
2026-05-11 13:06:49.754054,MARICO,HOLD,HOLD,80.424375,29.0,-19.799999999999997,SIDEWAYS,Consumer Defensive,-1.65,,,
2026-05-11 13:06:49.761888,BAJAJ-AUTO,NEW POSITION,NEW POSITION,79.582125,36.1,-0.29999999999999716,SIDEWAYS,Consumer Cyclical,-3.96,,,
2026-05-11 13:06:49.769671,NESTLEIND,HOLD,HOLD,79.52437499999999,29.7,-26.650000000000002,SIDEWAYS,Consumer Defensive,-2.17,,,
2026-05-11 13:06:49.777512,COALINDIA,NEW POSITION,NEW POSITION,79.50625,31.8,-16.05,SIDEWAYS,Energy,-1.9,,,
2026-05-11 13:06:49.785090,ADANIPORTS,NEW POSITION,NEW POSITION,79.4865,35.2,-16.550000000000004,SIDEWAYS,Industrials,1.01,,,
2026-05-11 13:06:49.792499,TORNTPHARM,NEW POSITION,NEW POSITION,78.5325,31.1,-15.449999999999996,SIDEWAYS,Healthcare,-1.28,,,
2026-05-11 13:06:49.799765,ALKEM,NEW POSITION,NEW POSITION,78.51875,35.7,-21.950000000000003,SIDEWAYS,Healthcare,-1.48,,,
2026-05-11 13:06:49.807229,POLYCAB,HOLD,HOLD,78.35650000000001,38.9,4.199999999999996,SIDEWAYS,Industrials,1.77,,,
2026-05-11 13:06:49.814543,MAHABANK,HOLD,HOLD,77.08125,42.6,-17.500000000000004,SIDEWAYS,Financial Services,-4.28,,,
2026-05-11 13:06:49.822224,CUMMINSIND,HOLD,HOLD,74.1065,37.5,5.949999999999999,SIDEWAYS,Industrials,1.22,,,
2026-05-11 13:06:49.829801,NMDC,HOLD,HOLD,73.53750000000001,38.5,-6.449999999999999,SIDEWAYS,Basic Materials,2.89,,,
2026-05-11 13:06:49.857282,ICICIGI,HOLD,HOLD,71.18625000000002,37.4,-8.149999999999999,SIDEWAYS,Financial Services,-1.33,,,
2026-05-11 13:06:49.864990,TATACONSUM,HOLD,HOLD,70.54417500000001,36.3,36.05,SIDEWAYS,Consumer Defensive,-2.76,,,
2026-05-11 13:06:49.872891,FEDERALBNK,HOLD,HOLD,68.86875,38.6,-19.549999999999997,SIDEWAYS,Financial Services,-2.76,,,
2026-05-11 13:06:49.910134,LICI,HOLD,HOLD,66.2975,44.6,-5.700000000000001,SIDEWAYS,Financial Services,0.22,,,
2026-05-11 13:06:49.917708,SBIN,HOLD,HOLD,64.49375,44.8,16.549999999999997,SIDEWAYS,Financial Services,-3.1,,,
2026-05-11 13:06:49.925215,GICRE,HOLD,HOLD,63.95625000000001,36.4,-10.600000000000001,SIDEWAYS,Financial Services,-0.59,,,
2026-05-11 13:06:49.932783,AXISBANK,HOLD,HOLD,62.243750000000006,41.2,-7.9,SIDEWAYS,Financial Services,-2.54,,,
2026-05-11 13:06:49.955464,BAJAJHLDNG,HOLD,HOLD,61.6625,49.2,-5.800000000000001,SIDEWAYS,Financial Services,-1.43,,,
2026-05-11 13:06:49.963005,IOB,HOLD,HOLD,61.08125,45.3,-16.8,SIDEWAYS,Financial Services,-2.39,,,
2026-05-12 10:37:45.329006,PIDILITIND,NEW POSITION,NEW POSITION,81.23262500000001,70.0,15.049999999999997,SIDEWAYS,Basic Materials,-0.4,,,
2026-05-12 10:37:45.337122,COALINDIA,NEW POSITION,NEW POSITION,80.9434375,71.1,-24.15,SIDEWAYS,Energy,-2.15,,,
2026-05-12 10:37:45.345431,TORNTPHARM,NEW POSITION,NEW POSITION,80.69787500000001,71.3,-18.85,SIDEWAYS,Healthcare,-0.07,,,
2026-05-12 10:37:45.353526,BAJAJ-AUTO,NEW POSITION,NEW POSITION,80.41803125,71.4,-32.6,SIDEWAYS,Consumer Cyclical,-1.71,,,
2026-05-12 10:37:45.369285,SUNPHARMA,NEW POSITION,NEW POSITION,79.1825,73.2,-30.900000000000002,SIDEWAYS,Healthcare,0.74,,,
2026-05-12 10:37:45.385769,POLYCAB,HOLD,HOLD,78.686575,72.9,-32.1,SIDEWAYS,Industrials,0.37,,,
2026-05-12 10:37:45.424022,NMDC,HOLD,HOLD,73.88062500000001,63.7,-16.95,SIDEWAYS,Basic Materials,-0.15,,,
2026-05-12 10:37:45.432443,CUMMINSIND,HOLD,HOLD,73.269125,64.6,-0.5500000000000007,SIDEWAYS,Industrials,1.67,,,
2026-05-12 10:37:45.457852,FEDERALBNK,HOLD,HOLD,67.0471875,61.3,-14.35,SIDEWAYS,Financial Services,-1.07,,,
2026-05-12 10:37:45.506775,AXISBANK,HOLD,HOLD,62.37706250000001,57.4,-8.5,SIDEWAYS,Financial Services,-1.93,,,
2026-05-12 10:37:45.514843,SBIN,HOLD,HOLD,61.82843750000001,53.5,44.1,SIDEWAYS,Financial Services,-2.76,,,
2026-05-12 10:37:45.531280,BAJAJHLDNG,HOLD,HOLD,61.74237500000001,55.8,-7.800000000000001,SIDEWAYS,Financial Services,-0.88,,,
2026-05-12 10:37:45.539507,IOB,HOLD,HOLD,60.5253125,52.8,-15.55,SIDEWAYS,Financial Services,-1.77,,,
2026-05-12 10:41:42.157651,ALKEM,NEW POSITION,NEW POSITION,78.6453125,36.5,-25.2,SIDEWAYS,Healthcare,-2.62,,,
2026-05-12 10:41:42.180261,TATACONSUM,NEW POSITION,NEW POSITION,74.22779625000001,39.5,42.25000000000001,SIDEWAYS,Consumer Defensive,-4.97,,,
2026-05-12 23:32:39.760047,AUROPHARMA,NEW POSITION,NEW POSITION,75.67362489700318,30.0,-17.65,BEAR,Healthcare,2.04,,,
2026-05-12 23:32:39.793227,ADANIPORTS,HOLD,HOLD,73.85962489700319,34.7,-13.5,BEAR,Industrials,4.63,,,
2026-05-12 23:32:39.809510,HINDZINC,HOLD,HOLD,72.01512493133545,41.8,-14.25,BEAR,Basic Materials,-2.66,,,
2026-05-12 23:32:39.817152,NESTLEIND,NEW POSITION,NEW POSITION,71.29207489013672,24.8,-26.999999999999996,BEAR,Consumer Defensive,-3.81,,,
2026-05-12 23:32:39.832605,MARICO,NEW POSITION,NEW POSITION,70.59207489013671,27.0,-16.85,BEAR,Consumer Defensive,0.31,,,
2026-05-12 23:32:39.841257,MAHABANK,INCREASE,INCREASE,67.86744989013671,39.4,-11.7,BEAR,Financial Services,-0.29,,,
2026-05-13 01:23:55.940632,ACE,NEW POSITION,NEW POSITION,68.4900001525879,70.2,60.3,BEAR,Industrials,-0.89,,,
2026-05-13 02:07:25.948633,OLAELEC,NEW POSITION,NEW POSITION,77.82000000000001,76.7,16.499999999999996,UNKNOWN,Consumer Cyclical,0.8,,,
2026-05-13 02:07:25.958320,FIRSTCRY,NEW POSITION,NEW POSITION,74.62,72.0,42.0,UNKNOWN,Consumer Cyclical,-3.32,,,
2026-05-13 02:07:25.966958,HINDCOPPER,NEW POSITION,NEW POSITION,73.3,69.6,13.099999999999998,UNKNOWN,Basic Materials,-0.53,,,
2026-05-13 02:07:25.975703,BLUEJET,NEW POSITION,NEW POSITION,72.9,67.2,-18.8,UNKNOWN,Healthcare,-0.18,,,
2026-05-13 02:07:25.993824,GODFRYPHLP,HOLD,HOLD,67.72,65.1,-8.149999999999999,UNKNOWN,Consumer Defensive,-0.64,,,
2026-05-13 02:07:26.002105,IFCI,HOLD,HOLD,65.81,63.3,14.899999999999999,UNKNOWN,Financial Services,1.44,,,
2026-05-13 02:07:26.010691,ANANTRAJ,HOLD,HOLD,65.75,64.3,3.25,UNKNOWN,Real Estate,-2.09,,,
2026-05-13 02:07:26.019267,MANYAVAR,HOLD,HOLD,63.92,61.3,28.5,UNKNOWN,Consumer Cyclical,-7.18,,,
2026-05-13 02:07:26.036622,SAGILITY,HOLD,HOLD,63.0,59.3,29.749999999999996,UNKNOWN,Healthcare,-2.11,,,
2026-05-13 02:32:23.983019,AEGISVOPAK,HOLD,HOLD,64.30000000000001,60.6,-1.9499999999999993,UNKNOWN,Energy,1.68,,,
2026-05-13 02:50:24.392926,SONATSOFTW,HOLD,HOLD,63.85,64.3,73.15,UNKNOWN,Technology,-1.45,,,
2026-05-13 12:55:16.980471,AFFLE,NEW POSITION,NEW POSITION,65.05650005340576,66.0,60.85,BEAR,Communication Services,-6.39,,,
2026-05-13 19:34:06.769161,GROWW,NEW POSITION,NEW POSITION,76.05750007629395,76.5,78.9,BEAR,Financial Services,1.87,,,
2026-05-13 19:34:06.781258,KALYANKJIL,NEW POSITION,NEW POSITION,67.98913835644049,70.4,66.6,BEAR,Consumer Cyclical,-2.25,,,
2026-05-14 14:38:18.369382,GROWW,NEW POSITION,NEW POSITION,78.58218749046326,75.8,75.9,BEAR,Financial Services,-0.77,,,
2026-05-14 14:38:18.380703,SAREGAMA,NEW POSITION,NEW POSITION,71.23374996185304,71.4,66.45,BEAR,Communication Services,5.69,,,
2026-05-14 14:38:18.399098,BAJAJHLDNG,HOLD,HOLD,44.032187490463265,40.7,-14.0,BEAR,Financial Services,1.79,,,
2026-05-15 10:31:59.295618,PWL,NEW POSITION,NEW POSITION,72.05000000000001,68.2,0.5500000000000007,SIDEWAYS,Consumer Defensive,-3.86,,,
2026-05-15 10:31:59.314502,KAYNES,NEW POSITION,NEW POSITION,67.8838840996115,71.2,61.95,SIDEWAYS,Technology,-0.14,,,
2026-05-15 10:31:59.323395,PCBL,NEW POSITION,NEW POSITION,67.0,62.3,-16.25,SIDEWAYS,Basic Materials,5.0,,,
2026-05-15 10:31:59.341339,ZENSARTECH,NEW POSITION,NEW POSITION,63.61000000000001,63.7,5.1,SIDEWAYS,Technology,0.75,,,
2026-05-15 10:58:37.012185,PGEL,NEW POSITION,NEW POSITION,64.7,64.7,8.299999999999999,SIDEWAYS,Technology,-3.15,,,
2026-05-15 10:58:37.038782,ECLERX,NEW POSITION,NEW POSITION,61.8,59.3,0.9000000000000021,SIDEWAYS,Technology,6.48,,,
2026-05-15 11:59:26.928560,PARADEEP,HOLD,HOLD,62.7,62.7,-12.35,SIDEWAYS,Basic Materials,7.4,,,
2026-05-15 19:30:09.061738,VEDL,STRONG BUY,STRONG BUY,86.4,79.2,15.700000000000001,SIDEWAYS,Basic Materials,0.14,,,
2026-05-15 19:30:09.063802,OLAELEC,SKIP - NO_FUNDAMENTALS,SKIP - NO_FUNDAMENTALS,84.03,81.6,-7.199999999999999,SIDEWAYS,Consumer Cyclical,3.22,,,
2026-05-15 19:30:09.067580,TARIL,NEW POSITION,NEW POSITION,77.97000000000001,73.4,-6.200000000000001,SIDEWAYS,Industrials,4.92,,,
2026-05-15 19:30:09.069690,RPOWER,NEW POSITION,NEW POSITION,77.18,77.2,-0.6999999999999993,SIDEWAYS,Utilities,-0.7,,,
2026-05-15 19:30:09.071519,HINDCOPPER,NEW POSITION,NEW POSITION,77.10000000000001,70.9,14.700000000000003,SIDEWAYS,Basic Materials,-3.48,,,
2026-05-15 19:30:09.073503,BLUEJET,NEW POSITION,NEW POSITION,76.8,68.6,-17.0,SIDEWAYS,Healthcare,2.83,,,
2026-05-15 19:30:09.075986,ABFRL,NEW POSITION,NEW POSITION,74.63000000000001,68.7,-17.4,SIDEWAYS,Consumer Cyclical,8.52,,,
2026-05-15 19:30:09.082529,NEWGEN,NEW POSITION,NEW POSITION,73.98,73.0,17.75,SIDEWAYS,Technology,-6.53,,,
2026-05-15 19:30:09.084854,GROWW,HOLD,HOLD,71.38,66.8,-3.4499999999999993,SIDEWAYS,Financial Services,1.48,,,
2026-05-15 19:30:09.087355,FIRSTCRY,NEW POSITION,NEW POSITION,71.33000000000001,68.4,-9.7,SIDEWAYS,Consumer Cyclical,4.72,,,
2026-05-15 19:30:09.089581,GODFRYPHLP,HOLD,HOLD,68.43,64.0,-23.250000000000004,SIDEWAYS,Consumer Defensive,-4.2,,,
2026-05-15 19:30:09.091815,NIACL,HOLD,HOLD,65.78,61.7,3.8000000000000007,SIDEWAYS,Financial Services,0.55,,,
2026-05-15 19:30:09.094164,IIFL,HOLD,HOLD,64.78,61.7,51.650000000000006,SIDEWAYS,Financial Services,3.52,,,
2026-05-15 19:30:09.096013,MUTHOOTFIN,HOLD,HOLD,63.28000000000001,57.7,50.10000000000001,SIDEWAYS,Financial Services,1.5,,,
2026-05-15 19:30:09.100773,BAJAJHLDNG,HOLD,HOLD,54.48,50.4,-16.25,SIDEWAYS,Financial Services,3.41,,,
2026-05-15 19:30:09.105729,UCOBANK,HOLD,HOLD,53.18000000000001,50.1,-6.75,SIDEWAYS,Financial Services,1.03,,,
2026-05-15 19:30:09.108153,BANKINDIA,HOLD,HOLD,52.18000000000001,48.1,-14.149999999999999,SIDEWAYS,Financial Services,1.12,,,
2026-05-18 10:19:07.868687,KAYNES,HOLD,HOLD,72.63243747711182,74.1,61.550000000000004,BEAR,Technology,,,,
2026-05-18 10:19:07.870855,SAREGAMA,HOLD,HOLD,67.75662498474121,73.3,62.65,BEAR,Communication Services,,,,
2026-05-18 10:19:07.872914,PWL,HOLD,HOLD,59.74459997558594,55.1,16.6,BEAR,Consumer Defensive,,,,
2026-05-18 10:19:07.875016,PARADEEP,HOLD,HOLD,54.21059997558594,46.1,-11.1,BEAR,Basic Materials,,,,
2026-05-18 10:19:07.881116,ZENSARTECH,HOLD,HOLD,49.28259997558594,48.5,-4.050000000000001,BEAR,Technology,,,,
2026-05-18 18:11:33.451123,VEDL,STRONG BUY,STRONG BUY,83.8,76.6,8.400000000000002,SIDEWAYS,Basic Materials,,,,
2026-05-18 18:11:33.453489,OLAELEC,NEW POSITION,NEW POSITION,78.26,76.4,-7.800000000000001,SIDEWAYS,Consumer Cyclical,,,,
2026-05-18 18:11:33.455464,GODFRYPHLP,NEW POSITION,NEW POSITION,76.96,69.1,9.849999999999998,SIDEWAYS,Consumer Defensive,,,,
2026-05-18 18:11:33.457443,BLUEJET,NEW POSITION,NEW POSITION,76.5,68.3,-13.45,SIDEWAYS,Healthcare,,,,
2026-05-18 18:11:33.459267,TARIL,NEW POSITION,NEW POSITION,75.71,72.3,-6.199999999999999,SIDEWAYS,Industrials,,,,
2026-05-18 18:11:33.461377,NEWGEN,NEW POSITION,NEW POSITION,75.59,71.8,22.9,SIDEWAYS,Technology,,,,
2026-05-18 18:11:33.463480,RPOWER,NEW POSITION,NEW POSITION,75.49000000000001,74.7,-0.5999999999999996,SIDEWAYS,Utilities,,,,
2026-05-18 18:11:33.465559,ABFRL,NEW POSITION,NEW POSITION,75.16,69.8,-15.65,SIDEWAYS,Consumer Cyclical,,,,
2026-05-18 18:11:33.470572,HINDCOPPER,NEW POSITION,NEW POSITION,73.3,65.1,1.5,SIDEWAYS,Basic Materials,,,,
2026-05-18 18:11:33.472695,FIRSTCRY,NEW POSITION,NEW POSITION,72.26,69.9,-9.5,SIDEWAYS,Consumer Cyclical,,,,
2026-05-18 18:11:33.483924,HEXT,HOLD,HOLD,63.19,62.4,-25.5,SIDEWAYS,Technology,,,,
2026-05-18 18:11:33.490126,BAJAJHLDNG,HOLD,HOLD,53.52,49.3,-17.95,SIDEWAYS,Financial Services,,,,
2026-05-19 11:27:18.725436,GODFRYPHLP,NEW POSITION,NEW POSITION,78.265,70.8,8.349999999999998,SIDEWAYS,Consumer Defensive,,,,
2026-05-19 11:27:18.727407,BLUEJET,NEW POSITION,NEW POSITION,76.59,68.5,-17.4,SIDEWAYS,Healthcare,,,,
2026-05-19 11:27:18.729241,TARIL,NEW POSITION,NEW POSITION,76.20949999999999,73.3,-10.0,SIDEWAYS,Industrials,,,,
2026-05-19 11:27:18.731084,RPOWER,NEW POSITION,NEW POSITION,76.174,75.3,-5.050000000000001,SIDEWAYS,Utilities,,,,
2026-05-19 11:27:18.733045,ABFRL,NEW POSITION,NEW POSITION,75.78999999999999,71.0,-16.65,SIDEWAYS,Consumer Cyclical,,,,
2026-05-19 11:27:18.735021,NEWGEN,NEW POSITION,NEW POSITION,74.93,70.0,18.400000000000002,SIDEWAYS,Technology,,,,
2026-05-19 11:27:18.736837,FIRSTCRY,NEW POSITION,NEW POSITION,74.78,74.3,44.199999999999996,SIDEWAYS,Consumer Cyclical,,,,
2026-05-19 11:27:18.738762,PWL,HOLD,HOLD,71.81,68.5,-5.649999999999999,SIDEWAYS,Consumer Defensive,,,,
2026-05-19 11:27:18.742496,GROWW,HOLD,HOLD,68.6585,65.8,-9.3,SIDEWAYS,Financial Services,,,,
2026-05-19 11:27:18.744343,PARADEEP,HOLD,HOLD,67.72,64.9,-12.15,SIDEWAYS,Basic Materials,,,,
2026-05-19 11:27:18.748190,SAREGAMA,HOLD,HOLD,65.4,64.4,39.599999999999994,SIDEWAYS,Communication Services,,,,
2026-05-19 11:27:18.750117,HEXT,HOLD,HOLD,64.369,64.1,-16.45,SIDEWAYS,Technology,,,,
2026-05-19 11:27:18.753891,ZENSARTECH,HOLD,HOLD,63.41137500000001,62.8,-2.8499999999999996,SIDEWAYS,Technology,,,,
2026-05-19 11:40:45.641293,PGEL,HOLD,HOLD,67.8,67.8,2.8000000000000007,SIDEWAYS,Technology,,,,
2026-05-19 11:40:45.650982,PCBL,HOLD,HOLD,60.2,60.2,-8.6,SIDEWAYS,Basic Materials,,,,
2026-05-19 11:40:45.653432,ECLERX,HOLD,HOLD,59.3,57.8,-23.7,SIDEWAYS,Technology,,,,
2026-05-19 15:19:54.271469,VEDL,STRONG BUY,STRONG BUY,83.10000000000001,75.9,-4.049999999999999,SIDEWAYS,Basic Materials,,,,
2026-05-19 15:19:54.273733,OLAELEC,NEW POSITION,NEW POSITION,81.02,79.0,-8.950000000000001,SIDEWAYS,Consumer Cyclical,,,,
2026-05-19 15:34:17.187197,KAYNES,HOLD,HOLD,70.57000000000001,70.5,22.65,SIDEWAYS,Technology,,,,
2026-05-20 01:19:11.657061,CHAMBLFERT,NEW POSITION,NEW POSITION,70.0,61.8,16.35,SIDEWAYS,Basic Materials,,,,
2026-05-20 01:19:11.659146,ACUTAAS,NEW POSITION,NEW POSITION,70.0,62.8,-21.65,SIDEWAYS,Basic Materials,,,,
2026-05-20 01:19:11.661043,NATCOPHARM,NEW POSITION,NEW POSITION,69.2,62.0,-21.400000000000002,SIDEWAYS,Healthcare,,,,
2026-05-20 01:19:11.663606,ZYDUSLIFE,HOLD,HOLD,64.4,59.2,18.8,SIDEWAYS,Healthcare,,,,
2026-05-20 01:19:11.665748,NMDC,HOLD,HOLD,62.7,56.5,-5.699999999999999,SIDEWAYS,Basic Materials,,,,
2026-05-20 01:19:11.667729,ECLERX,HOLD,HOLD,61.18,59.5,6.050000000000001,SIDEWAYS,Technology,,,,
2026-05-20 01:19:11.674011,SAREGAMA,HOLD,HOLD,59.6,58.9,50.449999999999996,SIDEWAYS,Communication Services,,,,
2026-05-20 01:19:11.683305,ZENSARTECH,HOLD,HOLD,55.98,55.3,-6.650000000000002,SIDEWAYS,Technology,,,,
2026-05-20 01:19:11.685209,GROWW,HOLD,HOLD,55.13,50.8,-17.35,SIDEWAYS,Financial Services,,,,
2026-05-20 01:19:11.690344,PWL,HOLD,HOLD,53.59,51.1,-2.3000000000000007,SIDEWAYS,Consumer Defensive,,,,
2026-05-20 01:19:11.695558,PGEL,HOLD,HOLD,48.78,49.6,-2.5,SIDEWAYS,Technology,,,,
2026-05-20 01:19:11.699702,PCBL,HOLD,HOLD,39.8,36.1,-1.6000000000000014,SIDEWAYS,Basic Materials,,,,
2026-05-20 01:52:01.085811,HEXT,NEW POSITION,NEW POSITION,69.6,66.1,-8.7,SIDEWAYS,Technology,,,,
2026-05-20 02:50:31.506300,HINDCOPPER,NEW POSITION,NEW POSITION,67.5,59.3,-0.25,SIDEWAYS,Basic Materials,,,,
2026-05-20 02:50:31.508425,HINDZINC,NEW POSITION,NEW POSITION,67.4,60.2,-5.399999999999999,SIDEWAYS,Basic Materials,,,,
2026-05-20 03:29:05.033066,GLAND,NEW POSITION,NEW POSITION,68.16,67.1,70.25,SIDEWAYS,Healthcare,,,,
2026-05-20 03:29:05.036795,MUTHOOTFIN,NEW POSITION,NEW POSITION,66.58,58.3,39.5,SIDEWAYS,Financial Services,,,,
2026-05-20 03:29:05.043441,RRKABEL,NEW POSITION,NEW POSITION,63.14,56.3,-17.15,SIDEWAYS,Industrials,,,,
2026-05-20 11:27:41.378415,TRITURBINE,NEW POSITION,NEW POSITION,76.15,70.7,50.45,SIDEWAYS,Industrials,,,,
2026-05-20 11:27:41.380452,BLS,NEW POSITION,NEW POSITION,74.05,67.6,68.05,SIDEWAYS,Industrials,,,,
2026-05-20 11:27:41.382563,GPIL,NEW POSITION,NEW POSITION,70.3,65.1,43.95,SIDEWAYS,Basic Materials,,,,
2026-05-20 11:27:41.384580,GODFRYPHLP,HOLD,HOLD,66.86,62.1,19.000000000000004,SIDEWAYS,Consumer Defensive,,,,
2026-05-20 11:27:41.389828,VEDL,HOLD,HOLD,59.3,54.1,-1.1499999999999986,SIDEWAYS,Basic Materials,,,,
2026-05-20 11:27:41.394612,BLUEJET,HOLD,HOLD,56.8,50.6,15.499999999999996,SIDEWAYS,Healthcare,,,,
2026-05-20 11:27:41.401308,FIRSTCRY,HOLD,HOLD,50.96000000000001,48.7,58.7,SIDEWAYS,Consumer Cyclical,,,,
2026-05-20 11:27:41.419027,OLAELEC,HOLD,HOLD,45.46000000000001,43.7,-5.900000000000002,SIDEWAYS,Consumer Cyclical,,,,
2026-05-20 11:27:41.422451,NEWGEN,HOLD,HOLD,44.120000000000005,42.1,7.65,SIDEWAYS,Technology,,,,
2026-05-20 11:27:41.424594,RPOWER,HOLD,HOLD,40.42,38.4,0.5999999999999996,SIDEWAYS,Utilities,,,,
2026-05-20 12:07:04.182040,GESHIP,NEW POSITION,NEW POSITION,79.92,75.4,35.349999999999994,SIDEWAYS,Industrials,,,,
2026-05-20 12:07:04.191607,SOLARINDS,HOLD,HOLD,68.5,63.3,4.899999999999999,SIDEWAYS,Basic Materials,,,,
2026-05-20 12:07:04.195702,CAPLIPOINT,NEW POSITION,NEW POSITION,63.900000000000006,58.7,-17.700000000000003,SIDEWAYS,Healthcare,,,,
2026-05-20 12:07:04.197863,GVT&D,NEW POSITION,NEW POSITION,63.82,59.3,18.400000000000002,SIDEWAYS,Industrials,,,,
2026-05-21 10:41:46.634257,TRITURBINE,INCREASE,INCREASE,75.0725,72.3,52.10000000000001,SIDEWAYS,Industrials,,,,
2026-05-21 10:41:46.636689,IGIL,NEW POSITION,NEW POSITION,72.3,64.1,53.4,SIDEWAYS,Basic Materials,,,,
2026-05-21 10:41:46.639132,ZYDUSLIFE,NEW POSITION,NEW POSITION,71.875,66.6,34.85000000000001,SIDEWAYS,Healthcare,,,,
2026-05-21 10:41:46.641263,ENRIN,NEW POSITION,NEW POSITION,71.31,70.8,36.050000000000004,SIDEWAYS,Utilities,,,,
2026-05-21 10:41:46.643310,GPIL,HOLD,HOLD,70.92500000000001,66.0,65.25,SIDEWAYS,Basic Materials,,,,
2026-05-21 10:41:46.646086,BLS,HOLD,HOLD,70.3325,65.1,75.6,SIDEWAYS,Industrials,,,,
2026-05-21 10:41:46.648305,GESHIP,HOLD,HOLD,69.32000000000001,63.1,-16.450000000000003,SIDEWAYS,Industrials,,,,
2026-05-21 10:41:46.652375,GLAND,HOLD,HOLD,66.5,59.3,-9.900000000000002,SIDEWAYS,Healthcare,,,,
2026-05-21 10:41:46.655084,ACUTAAS,NEW POSITION,NEW POSITION,65.80000000000001,59.7,-9.449999999999996,SIDEWAYS,Basic Materials,,,,
2026-05-21 10:41:46.657207,SOLARINDS,HOLD,HOLD,64.45,57.9,-17.6,SIDEWAYS,Basic Materials,,,,
2026-05-21 10:41:46.659301,CAPLIPOINT,HOLD,HOLD,64.035,59.0,-17.450000000000003,SIDEWAYS,Healthcare,,,,
2026-05-21 10:41:46.661539,GODFRYPHLP,HOLD,HOLD,63.03,57.3,-7.399999999999999,SIDEWAYS,Consumer Defensive,,,,
2026-05-21 10:41:46.672550,BAJAJHLDNG,HOLD,HOLD,50.86600000000001,50.9,-16.8,SIDEWAYS,Financial Services,,,,
2026-05-21 10:41:46.684804,GVTD,HOLD,HOLD,0.0,,25.0,SIDEWAYS,Unknown,,,,
2026-05-21 15:13:55.054555,HONAUT,NEW POSITION,NEW POSITION,70.78,68.7,66.44999999999999,SIDEWAYS,Industrials,,,,
2026-05-21 16:58:03.323996,NATCOPHARM,NEW POSITION,NEW POSITION,76.44,70.2,-20.5,SIDEWAYS,Healthcare,,,,
2026-05-21 16:58:03.329142,MAHABANK,NEW POSITION,NEW POSITION,74.84,68.3,-12.5,SIDEWAYS,Financial Services,,,,
2026-05-21 16:58:03.339891,GVT&D,HOLD,HOLD,71.4755,70.1,36.75,SIDEWAYS,Industrials,,,,
2026-05-21 17:06:39.256801,AIIL,NEW POSITION,NEW POSITION,74.53825000000002,67.8,4.349999999999994,SIDEWAYS,Financial Services,,,,
2026-05-21 17:06:39.259061,BSE,NEW POSITION,NEW POSITION,74.46225000000001,72.1,-11.3,SIDEWAYS,Financial Services,,,,
2026-05-21 17:06:39.268314,BAJAJ-AUTO,HOLD,HOLD,67.76079999999999,65.2,-6.850000000000001,SIDEWAYS,Consumer Cyclical,,,,
2026-05-21 17:20:24.133448,OFSS,NEW POSITION,NEW POSITION,72.984395,70.5,2.700000000000003,SIDEWAYS,Technology,,,,
2026-05-22 12:08:44.173617,GESHIP,HOLD,HOLD,78.73080125000001,75.1,-16.65,SIDEWAYS,Industrials,,,,
2026-05-22 12:08:44.183401,CAPLIPOINT,HOLD,HOLD,75.9533925,71.4,-16.950000000000003,SIDEWAYS,Healthcare,,,,
2026-05-22 12:08:44.185462,ENRIN,HOLD,HOLD,75.72800306250002,73.7,43.55,SIDEWAYS,Utilities,,,,
2026-05-22 12:08:44.187459,TRITURBINE,HOLD,HOLD,75.29101718750002,71.5,15.950000000000003,SIDEWAYS,Industrials,,,,
2026-05-22 12:08:44.191423,ZYDUSLIFE,HOLD,HOLD,73.97906640625001,68.7,14.850000000000001,SIDEWAYS,Healthcare,,,,
2026-05-22 12:08:44.193841,GVT&D,HOLD,HOLD,73.55091593750001,70.1,-2.3999999999999986,SIDEWAYS,Industrials,,,,
2026-05-22 12:08:44.196160,GLAND,HOLD,HOLD,72.807889375,70.1,-17.6,SIDEWAYS,Healthcare,,,,
2026-05-22 12:08:44.198263,IGIL,HOLD,HOLD,71.66023437500002,67.8,50.900000000000006,SIDEWAYS,Basic Materials,,,,
2026-05-22 12:08:44.200506,GODFRYPHLP,HOLD,HOLD,71.125352,67.4,-8.7,SIDEWAYS,Consumer Defensive,,,,
2026-05-22 12:08:44.202647,HONASA,HOLD,HOLD,69.8947395,70.5,60.74999999999999,SIDEWAYS,Consumer Defensive,,,,
2026-05-22 12:08:44.205101,GPIL,HOLD,HOLD,68.73695312500001,63.0,69.8,SIDEWAYS,Basic Materials,,,,
2026-05-22 12:08:44.207171,BAJAJ-AUTO,HOLD,HOLD,67.23436,63.6,-5.0,SIDEWAYS,Consumer Cyclical,,,,
2026-05-22 12:08:44.212138,POLYCAB,HOLD,HOLD,66.64228385937501,64.7,-16.25,SIDEWAYS,Industrials,,,,
2026-05-22 12:08:44.214569,BLS,HOLD,HOLD,65.6474390625,63.2,67.35,SIDEWAYS,Industrials,,,,
2026-05-22 12:08:44.216719,SUNPHARMA,HOLD,HOLD,64.2264825,59.1,-14.700000000000003,SIDEWAYS,Healthcare,,,,
2026-05-22 18:58:22.560888,HEXT,NEW POSITION,NEW POSITION,78.02,74.0,-16.15,SIDEWAYS,Technology,,,,
2026-05-22 18:58:22.563113,DEEPAKFERT,NEW POSITION,NEW POSITION,77.8,74.1,15.299999999999997,SIDEWAYS,Basic Materials,,,,
2026-05-22 18:58:22.565072,ACUTAAS,HOLD,HOLD,77.60000000000001,72.4,-8.25,SIDEWAYS,Basic Materials,,,,
2026-05-22 18:58:22.578991,HINDALCO,HOLD,HOLD,72.60000000000001,68.9,6.200000000000003,SIDEWAYS,Basic Materials,,,,
2026-05-22 18:58:22.585490,VBL,HOLD,HOLD,69.84,66.4,20.15,SIDEWAYS,Consumer Defensive,,,,
2026-05-22 18:58:22.594264,TORNTPHARM,HOLD,HOLD,64.1,58.9,-12.75,SIDEWAYS,Healthcare,,,,
2026-05-22 19:24:46.540368,J&KBANK,NEW POSITION,NEW POSITION,74.9,70.4,3.299999999999997,SIDEWAYS,Financial Services,,,,
2026-05-22 19:32:17.901450,BSE,HOLD,HOLD,74.3,72.8,-16.5,SIDEWAYS,Financial Services,,,,
2026-05-22 19:32:17.907427,SOLARINDS,HOLD,HOLD,72.9,71.4,-17.65,SIDEWAYS,Basic Materials,,,,
2026-05-22 19:32:17.925316,AIIL,HOLD,HOLD,65.5,64.0,18.599999999999998,SIDEWAYS,Financial Services,,,,
2026-05-25 10:53:44.722306,IGIL,HOLD,HOLD,72.4,67.2,34.550000000000004,SIDEWAYS,Basic Materials,,,,
2026-05-25 10:53:44.724834,BSE,HOLD,HOLD,70.96000000000001,67.0,-16.4,SIDEWAYS,Financial Services,,,,
2026-05-25 10:53:44.729841,CAPLIPOINT,HOLD,HOLD,70.2,65.0,-37.15,SIDEWAYS,Healthcare,,,,
2026-05-25 10:53:44.732314,GESHIP,HOLD,HOLD,70.03999999999999,66.6,-35.8,SIDEWAYS,Industrials,,,,
2026-05-25 10:53:44.734823,ACUTAAS,HOLD,HOLD,70.0,64.8,-10.750000000000004,SIDEWAYS,Basic Materials,,,,
2026-05-25 10:53:44.737197,TRITURBINE,HOLD,HOLD,68.94,65.5,6.550000000000004,SIDEWAYS,Industrials,,,,
2026-05-25 10:53:44.739528,GLAND,HOLD,HOLD,68.4,64.7,-17.6,SIDEWAYS,Healthcare,,,,
2026-05-25 10:53:44.741970,GVT&D,HOLD,HOLD,67.74,63.3,-7.600000000000001,SIDEWAYS,Industrials,,,,
2026-05-25 10:53:44.747756,ZYDUSLIFE,HOLD,HOLD,67.3,62.1,-15.0,SIDEWAYS,Healthcare,,,,
2026-05-25 10:53:44.750128,ENRIN,HOLD,HOLD,66.23,62.7,-2.3000000000000007,SIDEWAYS,Utilities,,,,
2026-05-25 10:53:44.752460,AIIL,HOLD,HOLD,66.16000000000001,62.2,-6.699999999999999,SIDEWAYS,Financial Services,,,,
2026-05-25 10:53:44.754847,GODFRYPHLP,HOLD,HOLD,65.83,61.8,-8.45,SIDEWAYS,Consumer Defensive,,,,
2026-05-25 10:53:44.757448,BAJAJHLDNG,HOLD,HOLD,64.96000000000001,61.5,-12.500000000000002,SIDEWAYS,Financial Services,,,,
2026-05-25 10:53:44.759828,BAJAJ-AUTO,HOLD,HOLD,64.03,60.0,-4.649999999999999,SIDEWAYS,Consumer Cyclical,,,,
2026-05-25 10:53:44.762292,JBCHEPHARM,HOLD,HOLD,63.900000000000006,58.7,-11.25,SIDEWAYS,Healthcare,,,,
2026-05-25 10:53:44.764860,BLS,HOLD,HOLD,59.34,54.9,2.8000000000000007,SIDEWAYS,Industrials,,,,
2026-05-25 18:54:24.748340,EMMVEE,NEW POSITION,NEW POSITION,74.4,68.9,14.600000000000001,SIDEWAYS,Technology,,,,
2026-05-25 18:54:24.751289,HEXT,HOLD,HOLD,71.4,69.9,-17.35,SIDEWAYS,Technology,,,,
2026-05-25 18:54:24.754443,MCX,NEW POSITION,NEW POSITION,69.7,66.2,-14.05,SIDEWAYS,Financial Services,,,,
2026-05-25 18:54:24.766307,HINDPETRO,HOLD,HOLD,67.1,64.6,-19.9,SIDEWAYS,Energy,,,,
2026-05-25 18:54:24.772425,NATCOPHARM,HOLD,HOLD,66.9,64.4,-18.45,SIDEWAYS,Healthcare,,,,
2026-05-25 18:54:24.780994,HONASA,HOLD,HOLD,65.1,65.1,64.5,SIDEWAYS,Consumer Defensive,,,,
