,equity,benchmark,drawdown_pct
2025-06-02,99924.34297111815,100000.0,0.0
2025-06-03,99106.08030151366,99295.61666197416,-0.8188822115557937
2025-06-04,99157.49049591064,99609.97713217624,-0.767433092283798
2025-06-05,99244.49965118407,100138.77629525134,-0.6803580586269953
2025-06-06,100345.08808168945,101158.94247753381,0.0
2025-06-09,100193.69323730469,101564.12943319422,-0.15087419551768066
2025-06-10,100028.10260009766,101568.38075120158,-0.31589536433884735
2025-06-11,99614.58236694336,101718.6861783725,-0.7279934959560697
2025-06-12,97332.38808618163,100694.26867808269,-3.002339280479005
2025-06-13,96239.26441210936,100008.09172795452,-4.091703687815384
2025-06-16,97341.83162009277,100930.14570878836,-2.9929282230055754
2025-06-17,95814.59706909179,100553.47735292079,-4.514910594238009
2025-06-18,95836.36768371581,100386.18245787658,-4.49321484904488
2025-06-19,95010.34693176269,100310.11705427282,-5.3163949047349774
2025-06-20,95938.07692749023,101601.35612303187,-4.391855384701582
2025-06-23,95981.31121259765,101032.91223422643,-4.348769782870998
2025-06-24,95359.8396748291,101326.0319185479,-4.968104071822566
2025-06-25,96019.75855910644,102136.82464000699,-4.310454657294061
2025-06-26,96008.2390888916,103367.77875508922,-4.321934511898862
2025-06-27,95552.73858535156,103727.0546371014,-4.7758685431981585
2025-06-30,95661.79663398437,103238.51656184693,-4.667185546633313
2025-07-01,95926.11566708983,103338.65169528418,-4.403775510169661
2025-07-02,95395.96103417968,102980.99573927853,-4.932106934303315
2025-07-03,95419.2506307373,102786.3912623878,-4.9088974309755
2025-07-04,95846.16164147948,103011.74272509011,-4.483454572831169
2025-07-07,95696.91599023437,103012.95964511452,-4.6321869663127675
2025-07-08,95707.02594506835,103260.56335969176,-4.622111779746829
2025-07-09,96050.96548974609,103072.83369073115,-4.279355047700573
2025-07-10,95578.29552209472,102583.89260949455,-4.750399497097613
2025-07-11,95172.73644006347,101752.87056814914,-5.154563856095518
2025-07-14,94733.86550393066,101479.57719773188,-5.5919255092892755
2025-07-15,95611.02431740722,101938.78275915123,-4.71778325654395
2025-07-16,95251.45495095215,102004.52804878175,-5.076116059204261
2025-07-17,95329.79407753906,101597.50781100662,-4.9980463419071475
2025-07-18,94587.87508645019,101018.75171030604,-5.737413863798091
2025-07-21,93616.4034272705,101513.55613347843,-6.70554461912597
2025-07-22,93326.77450576171,101392.99412820284,-6.994177502952836
2025-07-23,93368.12252822265,102036.28650058765,-6.952971676886621
2025-07-24,93209.01117792967,101397.84600414432,-7.11153584114691
2025-07-25,92518.53790659178,100487.12360327807,-7.799634565795777
2025-07-28,92818.41380029297,99855.56581684295,-7.500789949249064
2025-07-29,93121.03283410645,100422.79278562395,-7.199211626285096
2025-07-30,93343.21366601562,100560.15460889888,-6.977794877187915
2025-07-31,93430.8134584961,100209.37346082335,-6.890496341549424
2025-08-01,92736.45114414062,99388.063073439,-7.582470734745628
2025-08-04,92646.93065214844,100024.88364387579,-7.67168336458488
2025-08-05,92220.62974882813,99728.72956157137,-8.096518213474802
2025-08-06,90885.37265722656,99423.86738922216,-9.427183338323319
2025-08-07,91459.47495214843,99512.67884476992,-8.855055388767386
2025-08-08,89890.10840234374,98570.60099807987,-10.419024866303827
2025-08-11,89961.88326621093,99467.77133503792,-10.347496837140346
2025-08-12,90014.38283896484,99072.69113724258,-10.295177811109735
2025-08-13,90768.283290625,99606.53972821118,-9.543870033048474
2025-08-14,90551.08279013672,99654.89254398632,-9.76032357815021
2025-08-18,91570.84826542968,100648.75270833848,-8.744065089779774
2025-08-19,92045.15887333984,101068.3135440275,-8.271385642307438
2025-08-20,92424.21856572265,101351.12101645378,-7.893629541207369
2025-08-21,91809.09973027343,101485.44053966769,-8.50663297486669
2025-08-22,91511.52220517577,100621.04012050985,-8.803187126929824
2025-08-25,91754.47621562499,101016.12031830518,-8.561068638527647
2025-08-26,90959.2072336914,99981.5960601503,-9.353602679940987
2025-08-28,90601.60835673827,99127.31030093563,-9.709971769638749
2025-08-29,90525.79135786132,98827.71091258808,-9.78552803285636
2025-09-01,91281.89099916992,99629.60589412844,-9.03202862818887
2025-09-02,92716.96976503906,99445.716635115,-7.601885117127461
2025-09-03,92899.24012026367,99993.7336520821,-7.420241592059018
2025-09-04,92751.83054384765,100071.61653364441,-7.5671442249970795
2025-09-05,92703.31119570312,100098.72066146084,-7.615496714463266
2025-09-08,93549.76999697265,100228.79676874545,-6.771948896177982
2025-09-09,93212.22992739257,100614.97132454395,-7.108328161005872
2025-09-10,93414.58036074218,101037.76411016793,-6.906673613466008
2025-09-11,93453.53000673828,101168.85168344688,-6.867857915816322
2025-09-12,93739.62033876953,101607.8279249799,-6.5827514522111
2025-09-15,93658.17112001953,101426.57005796727,-6.663920566023318
2025-09-16,94089.62070498047,102113.96392811985,-6.2339547418768575
2025-09-17,94107.06180605468,102482.74601006297,-6.216573620979315
2025-09-18,94398.47965273437,102860.42583192485,-5.926157964118817
2025-09-19,94502.32080874023,102469.80240616697,-5.822673919218357
2025-09-22,94380.40979799804,101965.27842695544,-5.944165676386326
2025-09-23,94233.22000917968,101832.37337571797,-6.090849277579169
2025-09-24,93693.92972597656,101376.81067229378,-6.62828493438391
2025-09-25,93327.78110185546,100704.99179803804,-6.993174368556332
2025-09-26,92201.07184282226,99749.55943939181,-8.1160088595839
2025-09-29,92179.3932796875,99669.45607388885,-8.137612869854049
2025-09-30,93055.93907128906,99573.16135039876,-7.264081530793421
2025-10-01,92726.71784936523,100484.29465932523,-7.592170556591881
2025-10-03,93508.8972927246,100718.74931597637,-6.812681038656921
2025-10-06,93738.20668837891,101460.76234982199,-6.584160241039383
2025-10-07,93596.60634658203,101584.76966114072,-6.725273617392791
2025-10-08,93265.22533461914,101333.31763453821,-7.055515005683876
2025-10-09,94061.4368824707,101882.14066346954,-6.262041639849192
2025-10-10,93728.2890493164,102301.08513706826,-6.594043773210312
2025-10-13,93716.58626999511,102066.425026387,-6.605706306519132
2025-10-14,93245.56718125,101735.27264026368,-7.07510555440426
2025-10-15,94029.12609543456,102455.64188224656,-6.294241309662462
2025-10-16,94046.48734726562,103514.64677829512,-6.2769397634054975
2025-10-17,93428.18681015624,104018.55439541636,-6.893113956810981
2025-10-20,94943.87627854003,104557.87122441673,-5.3826369645043055
2025-10-21,95268.20719589843,104660.83530180683,-5.059421425449351
2025-10-23,94603.19686569824,104753.08416131965,-5.722144776351012
2025-10-24,93848.9028159668,104363.6697535081,-6.473844798894602
2025-10-27,95311.02559597167,105055.10948763795,-5.016750278418824
2025-10-28,95104.88558696289,104934.3341262542,-5.222181369217182
2025-10-29,94815.5648472168,105410.53705762488,-5.5105071311225
2025-10-30,94676.43597148437,104698.2595435965,-5.649157540815864
2025-10-31,93982.03164323731,104068.11622913783,-6.341173803417332
2025-11-03,94069.34527248534,104235.00811819993,-6.2541604468921435
2025-11-04,93580.50428432616,103564.61161799869,-6.741320304444143
2025-11-06,92591.7140468994,103208.77313995158,-7.726710079200028
2025-11-07,93279.00445217284,103138.38142840966,-7.041783274697222
2025-11-10,93440.3038906494,103470.33982649722,-6.881038547117491
2025-11-11,93828.32299465331,103958.26944173951,-6.494353845931089
2025-11-12,94223.84305996093,104689.97026368997,-6.100193979345859
2025-11-13,94527.48391384276,104703.52232759818,-5.797597350366224
2025-11-14,93899.15694943847,104828.54110491122,-6.423763490050893
2025-11-17,94668.88382632445,105246.87711849774,-5.656683714048949
2025-11-18,94676.60831744384,104828.54110491122,-5.648985787556427
2025-11-19,94543.50486666869,105405.4797276533,-5.781631493808426
2025-11-20,94660.87932116698,105969.87775248148,-5.6646606916075815
2025-11-21,93860.00597069091,105468.19061930088,-6.462779828066056
2025-11-24,93733.75115343933,105028.60591775565,-6.588600453335525
2025-11-25,94226.47108027343,104726.38303948534,-6.09757499682988
2025-11-26,95006.67049738769,106023.0824441981,-5.320058695803653
2025-11-27,95468.4311613739,106064.55254996502,-4.859886032832561
2025-11-28,95097.6967825592,106013.56834218907,-5.229345451227696
2025-12-01,95178.52655360107,105903.52400283873,-5.14879365483476
2025-12-02,95123.11735484008,105322.73706807142,-5.204012300630234
2025-12-03,95170.28544401855,105135.82131315311,-5.1570064231327155
2025-12-04,95208.06176791686,105329.01131806742,-5.119360012510632
2025-12-05,94860.76211948547,105946.81158656423,-5.465465292869409
2025-12-08,93730.30825361327,105032.857235763,-6.592031512983654
2025-12-09,93909.75817426757,104543.7107004963,-6.413198722973834
2025-12-10,93420.49853071288,104213.36432633716,-6.900775796159908
2025-12-11,93706.60784467772,104782.01366917271,-6.615650415900209
2025-12-12,93893.39892133788,105382.41356173606,-6.42950171621689
2025-12-15,94221.3222581543,105302.91865624531,-6.102706112081824
2025-12-16,93532.07250229492,104626.4454580001,-6.7895855289380584
2025-12-17,92794.65596235351,104458.34455099168,-7.524466083670422
2025-12-18,93369.40699995117,104446.20695905988,-6.951691622473321
2025-12-19,94119.67640913086,105056.52395961438,-6.204002399689534
2025-12-22,94817.9170916504,105889.97193893052,-5.508162976088549
2025-12-23,94966.23841123047,105909.18979282254,-5.360351735483193
2025-12-24,95009.49359267578,105767.37909958822,-5.31724530917751
2025-12-26,96060.45306533203,105363.60661590425,-4.2699001000122365
2025-12-29,95041.6796796875,104958.20630413566,-5.28516991054363
2025-12-30,95180.1604230957,104945.05724620954,-5.147165404238874
2025-12-31,95230.44124584961,105716.80579987244,-5.0970574978977385
2026-01-01,95963.0610883789,105785.38793553389,-4.366957144671801
2026-01-02,97009.96047192383,106521.73517939574,-3.3236580619178335
2026-01-05,96814.39928417969,106205.14632317492,-3.518546712157433
2026-01-06,97216.87023144531,105915.45614074043,-3.117459867788952
2026-01-07,97032.42861157226,105761.91876363455,-3.3012671904980473
2026-01-08,95327.85783701172,104694.21367961926,-4.99997592367778
2026-01-09,95184.97693186035,103911.14144806688,-5.142365459511411
2026-01-12,94824.30513725585,104343.8434396039,-5.501796899056188
2026-01-13,94878.62546501464,104109.38878295275,-5.44766337962117
2026-01-14,94836.33292705077,103839.52491442248,-5.4898104729890544
2026-01-16,94447.51255351561,103955.84350376879,-5.877293688130214
2026-01-19,94379.65664494628,103515.45279025933,-5.9449162393347965
2026-01-20,92125.10662944335,102087.26280628552,-8.191712827591846
2026-01-21,91791.05748088378,101783.82300799082,-8.524613176722662
2026-01-22,93524.74879558105,102319.49697899605,-6.796884049327923
2026-01-23,92696.80520009765,101343.43229448138,-7.62198033586402
2026-01-27,92969.01242626953,101856.24555359944,-7.35070923393396
2026-01-28,93429.60330761719,102533.31930977876,-6.891702330703486
2026-01-29,93013.61896445311,102841.41343206294,-7.306256098223662
2026-01-30,93020.45990683592,102443.90729629686,-7.299438681931947
2026-02-02,92727.01386147461,101504.25538757756,-7.59187556247205
2026-02-03,94501.47476845703,104090.17092906074,-5.823517049957861
2026-02-04,94250.17401772461,104286.1898779279,-6.073953574093293
2026-02-05,94064.86505776367,103747.28395698774,-6.258625254096284
2026-02-06,93972.34674111327,103953.21211176793,-6.350825399035198
2026-02-09,94652.9227953125,104655.58041988323,-5.672589854864696
2026-02-10,95371.86166860351,104930.0907103249,-4.956123421843339
2026-02-11,95558.32288076171,105005.7452058685,-4.770303452253588
2026-02-12,96185.93161489257,104412.41767318727,-4.144853072838972
2026-02-13,95106.712834375,103052.60437084484,-5.220360405733038
2026-02-16,96119.77810856933,103908.91306204814,-4.210779076381255
2026-02-17,96538.00880620116,104081.47074109402,-3.7939866796359745
2026-02-18,97223.52705571288,104461.57650092665,-3.1108259364278523
2026-02-19,95844.82740971679,102984.8361492257,-4.484784216153226
2026-02-20,96899.8688220703,103457.79922858333,-3.4333711051351523
2026-02-23,97599.00886723632,104031.30044736035,-2.7366354118076863
2026-02-24,97891.85872075194,102864.67714993222,-2.4447926728016545
2026-02-25,98507.32791325683,103098.72880060125,-1.831440086969205
2026-02-26,98569.16760441894,103155.57635031303,-1.7698130633208131
2026-02-27,97606.88858220214,101869.39461152555,-2.728782795285589
2026-03-02,96315.25808903808,100603.23673859428,-4.015971354144154
2026-03-04,93901.3131574707,99044.77309538385,-6.421614697246536
2026-03-05,95099.77371350097,100199.46425491029,-5.227275662878839
2026-03-06,93505.2027864746,98923.19172203587,-6.816362839451184
2026-03-09,92335.64029111328,97214.22509970248,-7.981903193961825
2026-03-10,92686.88910092773,98159.13189034538,-7.631862333438077
2026-03-11,92044.82418544922,96562.02708532086,-8.271719179201986
2026-03-12,92250.42449672852,95640.78701852934,-8.066825930105503
2026-03-13,91776.80060283202,93666.19994359497,-8.538821025182731
2026-03-16,91294.36085615234,94708.82383178246,-9.019601655209119
2026-03-17,91484.69114790039,95406.1269078481,-8.82992591184527
2026-03-18,91394.78062543945,96201.74763939246,-8.919527230833346
2026-03-19,90974.26049909668,93063.57166501289,-9.338601182914019
2026-03-20,91135.38279204101,93518.12290244276,-9.17803299166069
2026-03-23,91171.28220610351,91083.12124814272,-9.142257036156742
2026-03-24,91154.3823953125,92700.45537305354,-9.159098728275506
2026-03-25,91104.1822,94294.72333204714,-9.209126284454072
2026-03-27,91056.8823953125,92324.99603513232,-9.256263424489264
2026-03-30,90687.88784372559,90349.80840226382,-9.623988998945398
2026-04-01,90776.19704782715,91757.7690663513,-9.535983491361733
2026-04-02,90676.87980005493,91894.11152155382,-9.634959185808656
2026-04-06,90595.29254292298,92926.41529576806,-9.71626586328701
2026-04-07,90635.92509490052,93555.14413825034,-9.675773047191749
2026-04-08,92161.43093764648,97090.01233435368,-8.15551343916383
2026-04-09,92596.06188857422,96190.819065407,-7.722377189810093
2026-04-10,93169.33100783691,97305.45459114293,-7.15107955061125
2026-04-13,92710.6241939209,96464.12033790234,-7.608208865742827
2026-04-15,94657.32436253052,98036.54695308117,-5.668203424694395
2026-04-16,95902.47473408203,97896.75919183552,-4.427335141696975
2026-04-17,97809.49563099365,98531.15382430157,-2.52687251480771
2026-04-20,97915.00514484863,98576.86734599779,-2.4217258495627836
2026-04-21,98785.88404346924,99433.5790431832,-1.553841914963372
2026-04-22,99879.2941081665,98630.47504369653,-0.4641921019031381
2026-04-23,98712.9630466736,97800.87537640562,-1.6265121354890444
2026-04-24,98459.5827442444,96687.85187459813,-1.8790210597155355
2026-04-27,100316.36632025147,97475.78388417007,-0.028622986921489346
2026-04-28,100915.9962946167,97083.33507837557,0.0
2026-04-29,100075.40067909547,97819.4847702854,-0.8329656807501307
2026-04-30,99867.59239433595,97090.82624839598,-1.0388877271944263
2026-05-04,99808.66282659913,97583.41018762773,-1.0972824018749217
2026-05-05,99859.85437017823,97233.4429535945,-1.0465555147026961
2026-05-06,100268.74479681397,98439.71097675296,-0.6413765127117554
2026-05-07,101415.524887146,98422.31850289757,0.0
2026-05-08,100630.03505712892,97813.4159743195,-0.7745262186348412
2026-05-11,99344.62442029419,96355.68802248046,-2.0419955121824707
2026-05-12,96447.30759411622,94590.48231044752,-4.898872533133714
2026-05-13,97353.65795117189,94724.1933736492,-4.005172719358418
2026-05-14,97848.4076612549,95844.89769535103,-3.5173285646951546
2026-05-15,97132.40810375978,95658.38494641482,-4.22333443341385
2026-05-18,96024.18123968506,95684.47760823694,-5.316093027630997
2026-05-19,96113.54474792481,95555.21541499461,-5.22797682615278
2026-05-20,96426.90435180665,95721.09583806239,-4.91899099362808
2026-05-21,96469.18485412598,95703.69546212893,-4.877300628798453
2026-05-22,96440.58697937011,95965.06459672259,-4.90549934372666
2026-05-25,97103.58983120117,97228.98618155705,-4.2517504699039925
2026-05-26,97103.58983120117,96751.57423224002,-4.2517504699039925
